{"type":"FeatureCollection","name":"EMSR884_AOI12_GRA_MONIT01_builtUpP_v2","crs":{"type":"name","properties":{"name":"urn:ogc:def:crs:OGC:1.3:CRS84"}},"features":[{"type":"Feature","properties":{"obj_type":"995-Unclassified","name":"Unknown","info":"997-Not Applicable","simplified":"Unclassified","damage_gra":"Damaged","det_method":"Photo-interpretation","notation":"Building point","or_src_id":978,"dmg_src_id":3,"cd_value":"Not Applicable"},"geometry":{"type":"Point","coordinates":[-67.08345815,10.58406919]}},{"type":"Feature","properties":{"obj_type":"995-Unclassified","name":"Unknown","info":"997-Not Applicable","simplified":"Unclassified","damage_gra":"Possibly damaged","det_method":"Photo-interpretation","notation":"Building point","or_src_id":978,"dmg_src_id":3,"cd_value":"Not Applicable"},"geometry":{"type":"Point","coordinates":[-67.04924789,10.58947803]}},{"type":"Feature","properties":{"obj_type":"995-Unclassified","name":"Unknown","info":"997-Not Applicable","simplified":"Unclassified","damage_gra":"Possibly damaged","det_method":"Photo-interpretation","notation":"Building point","or_src_id":978,"dmg_src_id":3,"cd_value":"Not Applicable"},"geometry":{"type":"Point","coordinates":[-67.05079866,10.59089337]}},{"type":"Feature","properties":{"obj_type":"995-Unclassified","name":"Unknown","info":"997-Not Applicable","simplified":"Unclassified","damage_gra":"Possibly damaged","det_method":"Photo-interpretation","notation":"Building point","or_src_id":978,"dmg_src_id":3,"cd_value":"Not Applicable"},"geometry":{"type":"Point","coordinates":[-67.03750754,10.59111038]}},{"type":"Feature","properties":{"obj_type":"995-Unclassified","name":"Unknown","info":"997-Not Applicable","simplified":"Unclassified","damage_gra":"Damaged","det_method":"Photo-interpretation","notation":"Building point","or_src_id":978,"dmg_src_id":3,"cd_value":"Not Applicable"},"geometry":{"type":"Point","coordinates":[-67.0424664,10.59144335]}},{"type":"Feature","properties":{"obj_type":"995-Unclassified","name":"Unknown","info":"997-Not Applicable","simplified":"Unclassified","damage_gra":"Damaged","det_method":"Photo-interpretation","notation":"Building point","or_src_id":978,"dmg_src_id":3,"cd_value":"Not Applicable"},"geometry":{"type":"Point","coordinates":[-67.0516281,10.59182655]}},{"type":"Feature","properties":{"obj_type":"995-Unclassified","name":"Unknown","info":"997-Not Applicable","simplified":"Unclassified","damage_gra":"Destroyed","det_method":"Photo-interpretation","notation":"Building point","or_src_id":978,"dmg_src_id":3,"cd_value":"Not Applicable"},"geometry":{"type":"Point","coordinates":[-67.05100927,10.59203797]}},{"type":"Feature","properties":{"obj_type":"995-Unclassified","name":"Unknown","info":"997-Not Applicable","simplified":"Unclassified","damage_gra":"Damaged","det_method":"Photo-interpretation","notation":"Building point","or_src_id":978,"dmg_src_id":3,"cd_value":"Not Applicable"},"geometry":{"type":"Point","coordinates":[-67.03943175,10.59266353]}},{"type":"Feature","properties":{"obj_type":"995-Unclassified","name":"Unknown","info":"997-Not Applicable","simplified":"Unclassified","damage_gra":"Damaged","det_method":"Photo-interpretation","notation":"Building point","or_src_id":978,"dmg_src_id":3,"cd_value":"Not Applicable"},"geometry":{"type":"Point","coordinates":[-67.04131359,10.59577692]}},{"type":"Feature","properties":{"obj_type":"995-Unclassified","name":"Unknown","info":"997-Not Applicable","simplified":"Unclassified","damage_gra":"Damaged","det_method":"Photo-interpretation","notation":"Building point","or_src_id":978,"dmg_src_id":3,"cd_value":"Not Applicable"},"geometry":{"type":"Point","coordinates":[-67.04069667,10.59580591]}},{"type":"Feature","properties":{"obj_type":"995-Unclassified","name":"Unknown","info":"997-Not Applicable","simplified":"Unclassified","damage_gra":"Damaged","det_method":"Photo-interpretation","notation":"Building point","or_src_id":978,"dmg_src_id":3,"cd_value":"Not Applicable"},"geometry":{"type":"Point","coordinates":[-67.03298407,10.58677564]}},{"type":"Feature","properties":{"obj_type":"995-Unclassified","name":"Unknown","info":"997-Not Applicable","simplified":"Unclassified","damage_gra":"Damaged","det_method":"Photo-interpretation","notation":"Building point","or_src_id":978,"dmg_src_id":3,"cd_value":"Not Applicable"},"geometry":{"type":"Point","coordinates":[-67.0324035,10.60067593]}},{"type":"Feature","properties":{"obj_type":"12-Non-residential Buildings","name":"Unknown","info":"127-Other non-residential buildings","simplified":"Non residential","damage_gra":"Destroyed","det_method":"Photo-interpretation","notation":"Building point","or_src_id":2,"dmg_src_id":3,"cd_value":"Not Applicable"},"geometry":{"type":"Point","coordinates":[-67.03227849,10.60153447]}},{"type":"Feature","properties":{"obj_type":"12-Non-residential Buildings","name":"Unknown","info":"127-Other non-residential buildings","simplified":"Non residential","damage_gra":"Destroyed","det_method":"Photo-interpretation","notation":"Building point","or_src_id":2,"dmg_src_id":3,"cd_value":"Not Applicable"},"geometry":{"type":"Point","coordinates":[-67.0306288,10.60190384]}},{"type":"Feature","properties":{"obj_type":"12-Non-residential Buildings","name":"Unknown","info":"127-Other non-residential buildings","simplified":"Non residential","damage_gra":"Destroyed","det_method":"Photo-interpretation","notation":"Building point","or_src_id":2,"dmg_src_id":3,"cd_value":"Not Applicable"},"geometry":{"type":"Point","coordinates":[-67.03051456,10.60195357]}},{"type":"Feature","properties":{"obj_type":"995-Unclassified","name":"Unknown","info":"997-Not Applicable","simplified":"Unclassified","damage_gra":"Destroyed","det_method":"Photo-interpretation","notation":"Building point","or_src_id":978,"dmg_src_id":3,"cd_value":"Not Applicable"},"geometry":{"type":"Point","coordinates":[-67.0307767,10.60200265]}},{"type":"Feature","properties":{"obj_type":"995-Unclassified","name":"Unknown","info":"997-Not Applicable","simplified":"Unclassified","damage_gra":"Destroyed","det_method":"Photo-interpretation","notation":"Building point","or_src_id":978,"dmg_src_id":3,"cd_value":"Not Applicable"},"geometry":{"type":"Point","coordinates":[-67.03065306,10.60200549]}},{"type":"Feature","properties":{"obj_type":"995-Unclassified","name":"Unknown","info":"997-Not Applicable","simplified":"Unclassified","damage_gra":"Destroyed","det_method":"Photo-interpretation","notation":"Building point","or_src_id":978,"dmg_src_id":3,"cd_value":"Not Applicable"},"geometry":{"type":"Point","coordinates":[-67.03021903,10.60205745]}},{"type":"Feature","properties":{"obj_type":"12-Non-residential Buildings","name":"Unknown","info":"127-Other non-residential buildings","simplified":"Non residential","damage_gra":"Destroyed","det_method":"Photo-interpretation","notation":"Building point","or_src_id":2,"dmg_src_id":3,"cd_value":"Not Applicable"},"geometry":{"type":"Point","coordinates":[-67.03053339,10.6020621]}},{"type":"Feature","properties":{"obj_type":"995-Unclassified","name":"Unknown","info":"997-Not Applicable","simplified":"Unclassified","damage_gra":"Possibly damaged","det_method":"Photo-interpretation","notation":"Building point","or_src_id":978,"dmg_src_id":3,"cd_value":"Not Applicable"},"geometry":{"type":"Point","coordinates":[-67.03036775,10.6020876]}},{"type":"Feature","properties":{"obj_type":"995-Unclassified","name":"Unknown","info":"997-Not Applicable","simplified":"Unclassified","damage_gra":"Damaged","det_method":"Photo-interpretation","notation":"Building point","or_src_id":978,"dmg_src_id":3,"cd_value":"Not Applicable"},"geometry":{"type":"Point","coordinates":[-67.03907075,10.59589974]}},{"type":"Feature","properties":{"obj_type":"995-Unclassified","name":"Unknown","info":"997-Not Applicable","simplified":"Unclassified","damage_gra":"Destroyed","det_method":"Photo-interpretation","notation":"Building point","or_src_id":978,"dmg_src_id":3,"cd_value":"Not Applicable"},"geometry":{"type":"Point","coordinates":[-67.03706353,10.59618275]}},{"type":"Feature","properties":{"obj_type":"995-Unclassified","name":"Unknown","info":"997-Not Applicable","simplified":"Unclassified","damage_gra":"Possibly damaged","det_method":"Photo-interpretation","notation":"Building point","or_src_id":978,"dmg_src_id":3,"cd_value":"Not Applicable"},"geometry":{"type":"Point","coordinates":[-67.04462247,10.59622766]}},{"type":"Feature","properties":{"obj_type":"995-Unclassified","name":"Unknown","info":"997-Not Applicable","simplified":"Unclassified","damage_gra":"Damaged","det_method":"Photo-interpretation","notation":"Building point","or_src_id":978,"dmg_src_id":3,"cd_value":"Not Applicable"},"geometry":{"type":"Point","coordinates":[-67.04482161,10.59631605]}},{"type":"Feature","properties":{"obj_type":"995-Unclassified","name":"Unknown","info":"997-Not Applicable","simplified":"Unclassified","damage_gra":"Damaged","det_method":"Photo-interpretation","notation":"Building point","or_src_id":978,"dmg_src_id":3,"cd_value":"Not Applicable"},"geometry":{"type":"Point","coordinates":[-67.04141182,10.59642817]}},{"type":"Feature","properties":{"obj_type":"995-Unclassified","name":"Unknown","info":"997-Not Applicable","simplified":"Unclassified","damage_gra":"Possibly damaged","det_method":"Photo-interpretation","notation":"Building point","or_src_id":978,"dmg_src_id":3,"cd_value":"Not Applicable"},"geometry":{"type":"Point","coordinates":[-67.03825625,10.5965971]}},{"type":"Feature","properties":{"obj_type":"995-Unclassified","name":"Unknown","info":"997-Not Applicable","simplified":"Unclassified","damage_gra":"Possibly damaged","det_method":"Photo-interpretation","notation":"Building point","or_src_id":978,"dmg_src_id":3,"cd_value":"Not Applicable"},"geometry":{"type":"Point","coordinates":[-67.0451088,10.5966196]}},{"type":"Feature","properties":{"obj_type":"995-Unclassified","name":"Unknown","info":"997-Not Applicable","simplified":"Unclassified","damage_gra":"Damaged","det_method":"Photo-interpretation","notation":"Building point","or_src_id":978,"dmg_src_id":3,"cd_value":"Not Applicable"},"geometry":{"type":"Point","coordinates":[-67.04047573,10.59701082]}},{"type":"Feature","properties":{"obj_type":"995-Unclassified","name":"Unknown","info":"997-Not Applicable","simplified":"Unclassified","damage_gra":"Damaged","det_method":"Photo-interpretation","notation":"Building point","or_src_id":978,"dmg_src_id":3,"cd_value":"Not Applicable"},"geometry":{"type":"Point","coordinates":[-67.04121063,10.59703982]}},{"type":"Feature","properties":{"obj_type":"995-Unclassified","name":"Unknown","info":"997-Not Applicable","simplified":"Unclassified","damage_gra":"Damaged","det_method":"Photo-interpretation","notation":"Building point","or_src_id":978,"dmg_src_id":3,"cd_value":"Not Applicable"},"geometry":{"type":"Point","coordinates":[-67.03823574,10.59921603]}},{"type":"Feature","properties":{"obj_type":"995-Unclassified","name":"Unknown","info":"997-Not Applicable","simplified":"Unclassified","damage_gra":"Destroyed","det_method":"Photo-interpretation","notation":"Building point","or_src_id":978,"dmg_src_id":3,"cd_value":"Not Applicable"},"geometry":{"type":"Point","coordinates":[-67.0277288,10.59480015]}},{"type":"Feature","properties":{"obj_type":"995-Unclassified","name":"Unknown","info":"997-Not Applicable","simplified":"Unclassified","damage_gra":"Destroyed","det_method":"Photo-interpretation","notation":"Building point","or_src_id":978,"dmg_src_id":3,"cd_value":"Not Applicable"},"geometry":{"type":"Point","coordinates":[-67.02819034,10.59482223]}},{"type":"Feature","properties":{"obj_type":"995-Unclassified","name":"Unknown","info":"997-Not Applicable","simplified":"Unclassified","damage_gra":"Possibly damaged","det_method":"Photo-interpretation","notation":"Building point","or_src_id":978,"dmg_src_id":3,"cd_value":"Not Applicable"},"geometry":{"type":"Point","coordinates":[-67.02671028,10.60042874]}},{"type":"Feature","properties":{"obj_type":"12-Non-residential Buildings","name":"Unknown","info":"127-Other non-residential buildings","simplified":"Non residential","damage_gra":"Destroyed","det_method":"Photo-interpretation","notation":"Building point","or_src_id":2,"dmg_src_id":3,"cd_value":"Not Applicable"},"geometry":{"type":"Point","coordinates":[-67.02686354,10.60128997]}},{"type":"Feature","properties":{"obj_type":"995-Unclassified","name":"Unknown","info":"997-Not Applicable","simplified":"Unclassified","damage_gra":"Destroyed","det_method":"Photo-interpretation","notation":"Building point","or_src_id":978,"dmg_src_id":3,"cd_value":"Not Applicable"},"geometry":{"type":"Point","coordinates":[-67.02680608,10.60131443]}},{"type":"Feature","properties":{"obj_type":"995-Unclassified","name":"Unknown","info":"997-Not Applicable","simplified":"Unclassified","damage_gra":"Damaged","det_method":"Photo-interpretation","notation":"Building point","or_src_id":978,"dmg_src_id":3,"cd_value":"Not Applicable"},"geometry":{"type":"Point","coordinates":[-67.0282914,10.6018056]}},{"type":"Feature","properties":{"obj_type":"995-Unclassified","name":"Unknown","info":"997-Not Applicable","simplified":"Unclassified","damage_gra":"Damaged","det_method":"Photo-interpretation","notation":"Building point","or_src_id":978,"dmg_src_id":3,"cd_value":"Not Applicable"},"geometry":{"type":"Point","coordinates":[-67.0283263,10.60199409]}},{"type":"Feature","properties":{"obj_type":"12-Non-residential Buildings","name":"Unknown","info":"127-Other non-residential buildings","simplified":"Non residential","damage_gra":"Destroyed","det_method":"Photo-interpretation","notation":"Building point","or_src_id":2,"dmg_src_id":3,"cd_value":"Not Applicable"},"geometry":{"type":"Point","coordinates":[-67.02943416,10.60226023]}},{"type":"Feature","properties":{"obj_type":"995-Unclassified","name":"Unknown","info":"997-Not Applicable","simplified":"Unclassified","damage_gra":"Damaged","det_method":"Photo-interpretation","notation":"Building point","or_src_id":978,"dmg_src_id":3,"cd_value":"Not Applicable"},"geometry":{"type":"Point","coordinates":[-67.02603945,10.60254452]}},{"type":"Feature","properties":{"obj_type":"12-Non-residential Buildings","name":"Unknown","info":"127-Other non-residential buildings","simplified":"Non residential","damage_gra":"Damaged","det_method":"Photo-interpretation","notation":"Building point","or_src_id":2,"dmg_src_id":3,"cd_value":"Not Applicable"},"geometry":{"type":"Point","coordinates":[-67.02601109,10.60260908]}},{"type":"Feature","properties":{"obj_type":"995-Unclassified","name":"Unknown","info":"997-Not Applicable","simplified":"Unclassified","damage_gra":"Destroyed","det_method":"Photo-interpretation","notation":"Building point","or_src_id":978,"dmg_src_id":3,"cd_value":"Not Applicable"},"geometry":{"type":"Point","coordinates":[-67.0392508,10.60001428]}},{"type":"Feature","properties":{"obj_type":"12-Non-residential Buildings","name":"Unknown","info":"127-Other non-residential buildings","simplified":"Non residential","damage_gra":"Destroyed","det_method":"Photo-interpretation","notation":"Building point","or_src_id":2,"dmg_src_id":3,"cd_value":"Not Applicable"},"geometry":{"type":"Point","coordinates":[-67.03931648,10.60003628]}},{"type":"Feature","properties":{"obj_type":"995-Unclassified","name":"Unknown","info":"997-Not Applicable","simplified":"Unclassified","damage_gra":"Possibly damaged","det_method":"Photo-interpretation","notation":"Building point","or_src_id":978,"dmg_src_id":3,"cd_value":"Not Applicable"},"geometry":{"type":"Point","coordinates":[-67.03881128,10.60014503]}},{"type":"Feature","properties":{"obj_type":"995-Unclassified","name":"Unknown","info":"997-Not Applicable","simplified":"Unclassified","damage_gra":"Destroyed","det_method":"Photo-interpretation","notation":"Building point","or_src_id":978,"dmg_src_id":3,"cd_value":"Not Applicable"},"geometry":{"type":"Point","coordinates":[-67.03951544,10.60025939]}},{"type":"Feature","properties":{"obj_type":"12-Non-residential Buildings","name":"Unknown","info":"127-Other non-residential buildings","simplified":"Non residential","damage_gra":"Destroyed","det_method":"Photo-interpretation","notation":"Building point","or_src_id":2,"dmg_src_id":3,"cd_value":"Not Applicable"},"geometry":{"type":"Point","coordinates":[-67.03874557,10.60048652]}},{"type":"Feature","properties":{"obj_type":"12-Non-residential Buildings","name":"Unknown","info":"127-Other non-residential buildings","simplified":"Non residential","damage_gra":"Destroyed","det_method":"Photo-interpretation","notation":"Building point","or_src_id":2,"dmg_src_id":3,"cd_value":"Not Applicable"},"geometry":{"type":"Point","coordinates":[-67.03873839,10.60057424]}},{"type":"Feature","properties":{"obj_type":"995-Unclassified","name":"Unknown","info":"997-Not Applicable","simplified":"Unclassified","damage_gra":"Destroyed","det_method":"Photo-interpretation","notation":"Building point","or_src_id":978,"dmg_src_id":3,"cd_value":"Not Applicable"},"geometry":{"type":"Point","coordinates":[-67.03858702,10.60062917]}},{"type":"Feature","properties":{"obj_type":"12-Non-residential Buildings","name":"Unknown","info":"127-Other non-residential buildings","simplified":"Non residential","damage_gra":"Destroyed","det_method":"Photo-interpretation","notation":"Building point","or_src_id":2,"dmg_src_id":3,"cd_value":"Not Applicable"},"geometry":{"type":"Point","coordinates":[-67.03885453,10.6006326]}},{"type":"Feature","properties":{"obj_type":"995-Unclassified","name":"Unknown","info":"997-Not Applicable","simplified":"Unclassified","damage_gra":"Destroyed","det_method":"Photo-interpretation","notation":"Building point","or_src_id":978,"dmg_src_id":3,"cd_value":"Not Applicable"},"geometry":{"type":"Point","coordinates":[-67.03876235,10.60068205]}},{"type":"Feature","properties":{"obj_type":"995-Unclassified","name":"Unknown","info":"997-Not Applicable","simplified":"Unclassified","damage_gra":"Destroyed","det_method":"Photo-interpretation","notation":"Building point","or_src_id":978,"dmg_src_id":3,"cd_value":"Not Applicable"},"geometry":{"type":"Point","coordinates":[-67.03905032,10.60075341]}},{"type":"Feature","properties":{"obj_type":"995-Unclassified","name":"Unknown","info":"997-Not Applicable","simplified":"Unclassified","damage_gra":"Damaged","det_method":"Photo-interpretation","notation":"Building point","or_src_id":978,"dmg_src_id":3,"cd_value":"Not Applicable"},"geometry":{"type":"Point","coordinates":[-67.0392104,10.60132325]}},{"type":"Feature","properties":{"obj_type":"995-Unclassified","name":"Unknown","info":"997-Not Applicable","simplified":"Unclassified","damage_gra":"Damaged","det_method":"Photo-interpretation","notation":"Building point","or_src_id":978,"dmg_src_id":3,"cd_value":"Not Applicable"},"geometry":{"type":"Point","coordinates":[-67.03650539,10.60205908]}},{"type":"Feature","properties":{"obj_type":"995-Unclassified","name":"Unknown","info":"997-Not Applicable","simplified":"Unclassified","damage_gra":"Destroyed","det_method":"Photo-interpretation","notation":"Building point","or_src_id":978,"dmg_src_id":3,"cd_value":"Not Applicable"},"geometry":{"type":"Point","coordinates":[-67.0380081,10.60232616]}},{"type":"Feature","properties":{"obj_type":"995-Unclassified","name":"Unknown","info":"997-Not Applicable","simplified":"Unclassified","damage_gra":"Destroyed","det_method":"Photo-interpretation","notation":"Building point","or_src_id":978,"dmg_src_id":3,"cd_value":"Not Applicable"},"geometry":{"type":"Point","coordinates":[-67.03683508,10.60233607]}},{"type":"Feature","properties":{"obj_type":"995-Unclassified","name":"Unknown","info":"997-Not Applicable","simplified":"Unclassified","damage_gra":"Destroyed","det_method":"Photo-interpretation","notation":"Building point","or_src_id":978,"dmg_src_id":3,"cd_value":"Not Applicable"},"geometry":{"type":"Point","coordinates":[-67.03778437,10.60247705]}},{"type":"Feature","properties":{"obj_type":"12-Non-residential Buildings","name":"Unknown","info":"127-Other non-residential buildings","simplified":"Non residential","damage_gra":"Destroyed","det_method":"Photo-interpretation","notation":"Building point","or_src_id":2,"dmg_src_id":3,"cd_value":"Not Applicable"},"geometry":{"type":"Point","coordinates":[-67.03670699,10.60251323]}},{"type":"Feature","properties":{"obj_type":"995-Unclassified","name":"Unknown","info":"997-Not Applicable","simplified":"Unclassified","damage_gra":"Damaged","det_method":"Photo-interpretation","notation":"Building point","or_src_id":978,"dmg_src_id":3,"cd_value":"Not Applicable"},"geometry":{"type":"Point","coordinates":[-67.0360283,10.6026509]}},{"type":"Feature","properties":{"obj_type":"995-Unclassified","name":"Unknown","info":"997-Not Applicable","simplified":"Unclassified","damage_gra":"Damaged","det_method":"Photo-interpretation","notation":"Building point","or_src_id":978,"dmg_src_id":3,"cd_value":"Not Applicable"},"geometry":{"type":"Point","coordinates":[-67.03665138,10.60267716]}},{"type":"Feature","properties":{"obj_type":"995-Unclassified","name":"Unknown","info":"997-Not Applicable","simplified":"Unclassified","damage_gra":"Destroyed","det_method":"Photo-interpretation","notation":"Building point","or_src_id":978,"dmg_src_id":3,"cd_value":"Not Applicable"},"geometry":{"type":"Point","coordinates":[-67.0359172,10.6028257]}},{"type":"Feature","properties":{"obj_type":"995-Unclassified","name":"Unknown","info":"997-Not Applicable","simplified":"Unclassified","damage_gra":"Possibly damaged","det_method":"Photo-interpretation","notation":"Building point","or_src_id":978,"dmg_src_id":3,"cd_value":"Not Applicable"},"geometry":{"type":"Point","coordinates":[-67.03690405,10.60282852]}},{"type":"Feature","properties":{"obj_type":"995-Unclassified","name":"Unknown","info":"997-Not Applicable","simplified":"Unclassified","damage_gra":"Destroyed","det_method":"Photo-interpretation","notation":"Building point","or_src_id":978,"dmg_src_id":3,"cd_value":"Not Applicable"},"geometry":{"type":"Point","coordinates":[-67.03022968,10.60210138]}},{"type":"Feature","properties":{"obj_type":"995-Unclassified","name":"Unknown","info":"997-Not Applicable","simplified":"Unclassified","damage_gra":"Destroyed","det_method":"Photo-interpretation","notation":"Building point","or_src_id":978,"dmg_src_id":3,"cd_value":"Not Applicable"},"geometry":{"type":"Point","coordinates":[-67.03014697,10.60210289]}},{"type":"Feature","properties":{"obj_type":"12-Non-residential Buildings","name":"Unknown","info":"127-Other non-residential buildings","simplified":"Non residential","damage_gra":"Destroyed","det_method":"Photo-interpretation","notation":"Building point","or_src_id":2,"dmg_src_id":3,"cd_value":"Not Applicable"},"geometry":{"type":"Point","coordinates":[-67.03076852,10.60210972]}},{"type":"Feature","properties":{"obj_type":"995-Unclassified","name":"Unknown","info":"997-Not Applicable","simplified":"Unclassified","damage_gra":"Destroyed","det_method":"Photo-interpretation","notation":"Building point","or_src_id":978,"dmg_src_id":3,"cd_value":"Not Applicable"},"geometry":{"type":"Point","coordinates":[-67.03067122,10.60211502]}},{"type":"Feature","properties":{"obj_type":"995-Unclassified","name":"Unknown","info":"997-Not Applicable","simplified":"Unclassified","damage_gra":"Destroyed","det_method":"Photo-interpretation","notation":"Building point","or_src_id":978,"dmg_src_id":3,"cd_value":"Not Applicable"},"geometry":{"type":"Point","coordinates":[-67.03024226,10.60215297]}},{"type":"Feature","properties":{"obj_type":"995-Unclassified","name":"Unknown","info":"997-Not Applicable","simplified":"Unclassified","damage_gra":"Destroyed","det_method":"Photo-interpretation","notation":"Building point","or_src_id":978,"dmg_src_id":3,"cd_value":"Not Applicable"},"geometry":{"type":"Point","coordinates":[-67.03006785,10.60218502]}},{"type":"Feature","properties":{"obj_type":"995-Unclassified","name":"Unknown","info":"997-Not Applicable","simplified":"Unclassified","damage_gra":"Damaged","det_method":"Photo-interpretation","notation":"Building point","or_src_id":978,"dmg_src_id":3,"cd_value":"Not Applicable"},"geometry":{"type":"Point","coordinates":[-67.0299521,10.60220878]}},{"type":"Feature","properties":{"obj_type":"995-Unclassified","name":"Unknown","info":"997-Not Applicable","simplified":"Unclassified","damage_gra":"Damaged","det_method":"Photo-interpretation","notation":"Building point","or_src_id":978,"dmg_src_id":3,"cd_value":"Not Applicable"},"geometry":{"type":"Point","coordinates":[-67.02982905,10.6022144]}},{"type":"Feature","properties":{"obj_type":"995-Unclassified","name":"Unknown","info":"997-Not Applicable","simplified":"Unclassified","damage_gra":"Destroyed","det_method":"Photo-interpretation","notation":"Building point","or_src_id":978,"dmg_src_id":3,"cd_value":"Not Applicable"},"geometry":{"type":"Point","coordinates":[-67.03013695,10.60221532]}},{"type":"Feature","properties":{"obj_type":"995-Unclassified","name":"Unknown","info":"997-Not Applicable","simplified":"Unclassified","damage_gra":"Damaged","det_method":"Photo-interpretation","notation":"Building point","or_src_id":978,"dmg_src_id":3,"cd_value":"Not Applicable"},"geometry":{"type":"Point","coordinates":[-67.0297573,10.6022475]}},{"type":"Feature","properties":{"obj_type":"12-Non-residential Buildings","name":"Unknown","info":"127-Other non-residential buildings","simplified":"Non residential","damage_gra":"Destroyed","det_method":"Photo-interpretation","notation":"Building point","or_src_id":2,"dmg_src_id":3,"cd_value":"Not Applicable"},"geometry":{"type":"Point","coordinates":[-67.02958176,10.60225364]}},{"type":"Feature","properties":{"obj_type":"995-Unclassified","name":"Unknown","info":"997-Not Applicable","simplified":"Unclassified","damage_gra":"Possibly damaged","det_method":"Photo-interpretation","notation":"Building point","or_src_id":978,"dmg_src_id":3,"cd_value":"Not Applicable"},"geometry":{"type":"Point","coordinates":[-67.03123908,10.60231086]}},{"type":"Feature","properties":{"obj_type":"995-Unclassified","name":"Unknown","info":"997-Not Applicable","simplified":"Unclassified","damage_gra":"Damaged","det_method":"Photo-interpretation","notation":"Building point","or_src_id":978,"dmg_src_id":3,"cd_value":"Not Applicable"},"geometry":{"type":"Point","coordinates":[-67.02985136,10.602317]}},{"type":"Feature","properties":{"obj_type":"995-Unclassified","name":"Unknown","info":"997-Not Applicable","simplified":"Unclassified","damage_gra":"Damaged","det_method":"Photo-interpretation","notation":"Building point","or_src_id":978,"dmg_src_id":3,"cd_value":"Not Applicable"},"geometry":{"type":"Point","coordinates":[-67.02976112,10.6023463]}},{"type":"Feature","properties":{"obj_type":"12-Non-residential Buildings","name":"Unknown","info":"127-Other non-residential buildings","simplified":"Non residential","damage_gra":"Damaged","det_method":"Photo-interpretation","notation":"Building point","or_src_id":2,"dmg_src_id":3,"cd_value":"Not Applicable"},"geometry":{"type":"Point","coordinates":[-67.03097083,10.60237863]}},{"type":"Feature","properties":{"obj_type":"995-Unclassified","name":"Unknown","info":"997-Not Applicable","simplified":"Unclassified","damage_gra":"Destroyed","det_method":"Photo-interpretation","notation":"Building point","or_src_id":978,"dmg_src_id":3,"cd_value":"Not Applicable"},"geometry":{"type":"Point","coordinates":[-67.0332302,10.60250369]}},{"type":"Feature","properties":{"obj_type":"995-Unclassified","name":"Unknown","info":"997-Not Applicable","simplified":"Unclassified","damage_gra":"Damaged","det_method":"Photo-interpretation","notation":"Building point","or_src_id":978,"dmg_src_id":3,"cd_value":"Not Applicable"},"geometry":{"type":"Point","coordinates":[-67.03231912,10.60277601]}},{"type":"Feature","properties":{"obj_type":"12-Non-residential Buildings","name":"Unknown","info":"127-Other non-residential buildings","simplified":"Non residential","damage_gra":"Damaged","det_method":"Photo-interpretation","notation":"Building point","or_src_id":2,"dmg_src_id":3,"cd_value":"Not Applicable"},"geometry":{"type":"Point","coordinates":[-67.02974675,10.60298606]}},{"type":"Feature","properties":{"obj_type":"995-Unclassified","name":"Unknown","info":"997-Not Applicable","simplified":"Unclassified","damage_gra":"Possibly damaged","det_method":"Photo-interpretation","notation":"Building point","or_src_id":978,"dmg_src_id":3,"cd_value":"Not Applicable"},"geometry":{"type":"Point","coordinates":[-67.03066365,10.60301233]}},{"type":"Feature","properties":{"obj_type":"12-Non-residential Buildings","name":"Unknown","info":"127-Other non-residential buildings","simplified":"Non residential","damage_gra":"Damaged","det_method":"Photo-interpretation","notation":"Building point","or_src_id":2,"dmg_src_id":3,"cd_value":"Not Applicable"},"geometry":{"type":"Point","coordinates":[-67.03063863,10.60308009]}},{"type":"Feature","properties":{"obj_type":"995-Unclassified","name":"Unknown","info":"997-Not Applicable","simplified":"Unclassified","damage_gra":"Possibly damaged","det_method":"Photo-interpretation","notation":"Building point","or_src_id":978,"dmg_src_id":3,"cd_value":"Not Applicable"},"geometry":{"type":"Point","coordinates":[-67.02652861,10.60264732]}},{"type":"Feature","properties":{"obj_type":"995-Unclassified","name":"Unknown","info":"997-Not Applicable","simplified":"Unclassified","damage_gra":"Damaged","det_method":"Photo-interpretation","notation":"Building point","or_src_id":978,"dmg_src_id":3,"cd_value":"Not Applicable"},"geometry":{"type":"Point","coordinates":[-67.02606228,10.60268736]}},{"type":"Feature","properties":{"obj_type":"12-Non-residential Buildings","name":"Unknown","info":"127-Other non-residential buildings","simplified":"Non residential","damage_gra":"Possibly damaged","det_method":"Photo-interpretation","notation":"Building point","or_src_id":2,"dmg_src_id":3,"cd_value":"Not Applicable"},"geometry":{"type":"Point","coordinates":[-67.02650823,10.60275295]}},{"type":"Feature","properties":{"obj_type":"995-Unclassified","name":"Unknown","info":"997-Not Applicable","simplified":"Unclassified","damage_gra":"Damaged","det_method":"Photo-interpretation","notation":"Building point","or_src_id":978,"dmg_src_id":3,"cd_value":"Not Applicable"},"geometry":{"type":"Point","coordinates":[-67.02686775,10.60275375]}},{"type":"Feature","properties":{"obj_type":"995-Unclassified","name":"Unknown","info":"997-Not Applicable","simplified":"Unclassified","damage_gra":"Possibly damaged","det_method":"Photo-interpretation","notation":"Building point","or_src_id":978,"dmg_src_id":3,"cd_value":"Not Applicable"},"geometry":{"type":"Point","coordinates":[-67.02643626,10.60299186]}},{"type":"Feature","properties":{"obj_type":"995-Unclassified","name":"Unknown","info":"997-Not Applicable","simplified":"Unclassified","damage_gra":"Possibly damaged","det_method":"Photo-interpretation","notation":"Building point","or_src_id":978,"dmg_src_id":3,"cd_value":"Not Applicable"},"geometry":{"type":"Point","coordinates":[-67.02770454,10.60301844]}},{"type":"Feature","properties":{"obj_type":"11-Residential Buildings","name":"Unknown","info":"997-Not Applicable","simplified":"Residential","damage_gra":"Destroyed","det_method":"Photo-interpretation","notation":"Building point","or_src_id":1,"dmg_src_id":3,"cd_value":"Not Applicable"},"geometry":{"type":"Point","coordinates":[-67.02933287,10.6030485]}},{"type":"Feature","properties":{"obj_type":"12-Non-residential Buildings","name":"Unknown","info":"127-Other non-residential buildings","simplified":"Non residential","damage_gra":"Destroyed","det_method":"Photo-interpretation","notation":"Building point","or_src_id":2,"dmg_src_id":3,"cd_value":"Not Applicable"},"geometry":{"type":"Point","coordinates":[-67.02787263,10.60305835]}},{"type":"Feature","properties":{"obj_type":"995-Unclassified","name":"Unknown","info":"997-Not Applicable","simplified":"Unclassified","damage_gra":"Possibly damaged","det_method":"Photo-interpretation","notation":"Building point","or_src_id":978,"dmg_src_id":3,"cd_value":"Not Applicable"},"geometry":{"type":"Point","coordinates":[-67.02638789,10.60309704]}},{"type":"Feature","properties":{"obj_type":"11-Residential Buildings","name":"Unknown","info":"997-Not Applicable","simplified":"Residential","damage_gra":"Destroyed","det_method":"Photo-interpretation","notation":"Building point","or_src_id":1,"dmg_src_id":3,"cd_value":"Not Applicable"},"geometry":{"type":"Point","coordinates":[-67.02941156,10.60309768]}},{"type":"Feature","properties":{"obj_type":"995-Unclassified","name":"Unknown","info":"997-Not Applicable","simplified":"Unclassified","damage_gra":"Destroyed","det_method":"Photo-interpretation","notation":"Building point","or_src_id":978,"dmg_src_id":3,"cd_value":"Not Applicable"},"geometry":{"type":"Point","coordinates":[-67.0291956,10.60319267]}},{"type":"Feature","properties":{"obj_type":"995-Unclassified","name":"Unknown","info":"997-Not Applicable","simplified":"Unclassified","damage_gra":"Destroyed","det_method":"Photo-interpretation","notation":"Building point","or_src_id":978,"dmg_src_id":3,"cd_value":"Not Applicable"},"geometry":{"type":"Point","coordinates":[-67.02816487,10.6031938]}},{"type":"Feature","properties":{"obj_type":"11-Residential Buildings","name":"Unknown","info":"997-Not Applicable","simplified":"Residential","damage_gra":"Destroyed","det_method":"Photo-interpretation","notation":"Building point","or_src_id":1,"dmg_src_id":3,"cd_value":"Not Applicable"},"geometry":{"type":"Point","coordinates":[-67.02933877,10.60319408]}},{"type":"Feature","properties":{"obj_type":"995-Unclassified","name":"Unknown","info":"997-Not Applicable","simplified":"Unclassified","damage_gra":"Damaged","det_method":"Photo-interpretation","notation":"Building point","or_src_id":978,"dmg_src_id":3,"cd_value":"Not Applicable"},"geometry":{"type":"Point","coordinates":[-67.028074,10.60321707]}},{"type":"Feature","properties":{"obj_type":"995-Unclassified","name":"Unknown","info":"997-Not Applicable","simplified":"Unclassified","damage_gra":"Damaged","det_method":"Photo-interpretation","notation":"Building point","or_src_id":978,"dmg_src_id":3,"cd_value":"Not Applicable"},"geometry":{"type":"Point","coordinates":[-67.0293555,10.6032661]}},{"type":"Feature","properties":{"obj_type":"12-Non-residential Buildings","name":"Unknown","info":"127-Other non-residential buildings","simplified":"Non residential","damage_gra":"Damaged","det_method":"Photo-interpretation","notation":"Building point","or_src_id":2,"dmg_src_id":3,"cd_value":"Not Applicable"},"geometry":{"type":"Point","coordinates":[-67.02655241,10.60326643]}},{"type":"Feature","properties":{"obj_type":"12-Non-residential Buildings","name":"Unknown","info":"127-Other non-residential buildings","simplified":"Non residential","damage_gra":"Damaged","det_method":"Photo-interpretation","notation":"Building point","or_src_id":2,"dmg_src_id":3,"cd_value":"Not Applicable"},"geometry":{"type":"Point","coordinates":[-67.02791168,10.60331352]}},{"type":"Feature","properties":{"obj_type":"995-Unclassified","name":"Unknown","info":"997-Not Applicable","simplified":"Unclassified","damage_gra":"Possibly damaged","det_method":"Photo-interpretation","notation":"Building point","or_src_id":978,"dmg_src_id":3,"cd_value":"Not Applicable"},"geometry":{"type":"Point","coordinates":[-67.02804443,10.6033317]}},{"type":"Feature","properties":{"obj_type":"995-Unclassified","name":"Unknown","info":"997-Not Applicable","simplified":"Unclassified","damage_gra":"Damaged","det_method":"Photo-interpretation","notation":"Building point","or_src_id":978,"dmg_src_id":3,"cd_value":"Not Applicable"},"geometry":{"type":"Point","coordinates":[-67.02842878,10.6033848]}},{"type":"Feature","properties":{"obj_type":"995-Unclassified","name":"Unknown","info":"997-Not Applicable","simplified":"Unclassified","damage_gra":"Damaged","det_method":"Photo-interpretation","notation":"Building point","or_src_id":978,"dmg_src_id":3,"cd_value":"Not Applicable"},"geometry":{"type":"Point","coordinates":[-67.02655579,10.60339833]}},{"type":"Feature","properties":{"obj_type":"995-Unclassified","name":"Unknown","info":"997-Not Applicable","simplified":"Unclassified","damage_gra":"Possibly damaged","det_method":"Photo-interpretation","notation":"Building point","or_src_id":978,"dmg_src_id":3,"cd_value":"Not Applicable"},"geometry":{"type":"Point","coordinates":[-67.02425589,10.59978693]}},{"type":"Feature","properties":{"obj_type":"995-Unclassified","name":"Unknown","info":"997-Not Applicable","simplified":"Unclassified","damage_gra":"Possibly damaged","det_method":"Photo-interpretation","notation":"Building point","or_src_id":978,"dmg_src_id":3,"cd_value":"Not Applicable"},"geometry":{"type":"Point","coordinates":[-67.02481889,10.60017264]}},{"type":"Feature","properties":{"obj_type":"995-Unclassified","name":"Unknown","info":"997-Not Applicable","simplified":"Unclassified","damage_gra":"Damaged","det_method":"Photo-interpretation","notation":"Building point","or_src_id":978,"dmg_src_id":3,"cd_value":"Not Applicable"},"geometry":{"type":"Point","coordinates":[-67.02514115,10.60031225]}},{"type":"Feature","properties":{"obj_type":"12-Non-residential Buildings","name":"Unknown","info":"127-Other non-residential buildings","simplified":"Non residential","damage_gra":"Destroyed","det_method":"Photo-interpretation","notation":"Building point","or_src_id":2,"dmg_src_id":3,"cd_value":"Not Applicable"},"geometry":{"type":"Point","coordinates":[-67.02487069,10.60035072]}},{"type":"Feature","properties":{"obj_type":"12-Non-residential Buildings","name":"Unknown","info":"127-Other non-residential buildings","simplified":"Non residential","damage_gra":"Possibly damaged","det_method":"Photo-interpretation","notation":"Building point","or_src_id":2,"dmg_src_id":3,"cd_value":"Not Applicable"},"geometry":{"type":"Point","coordinates":[-67.0246325,10.6003544]}},{"type":"Feature","properties":{"obj_type":"995-Unclassified","name":"Unknown","info":"997-Not Applicable","simplified":"Unclassified","damage_gra":"Possibly damaged","det_method":"Photo-interpretation","notation":"Building point","or_src_id":978,"dmg_src_id":3,"cd_value":"Not Applicable"},"geometry":{"type":"Point","coordinates":[-67.0247561,10.60055435]}},{"type":"Feature","properties":{"obj_type":"12-Non-residential Buildings","name":"Unknown","info":"127-Other non-residential buildings","simplified":"Non residential","damage_gra":"Possibly damaged","det_method":"Photo-interpretation","notation":"Building point","or_src_id":2,"dmg_src_id":3,"cd_value":"Not Applicable"},"geometry":{"type":"Point","coordinates":[-67.02475369,10.6008516]}},{"type":"Feature","properties":{"obj_type":"995-Unclassified","name":"Unknown","info":"997-Not Applicable","simplified":"Unclassified","damage_gra":"Possibly damaged","det_method":"Photo-interpretation","notation":"Building point","or_src_id":978,"dmg_src_id":3,"cd_value":"Not Applicable"},"geometry":{"type":"Point","coordinates":[-67.02519694,10.60171328]}},{"type":"Feature","properties":{"obj_type":"995-Unclassified","name":"Unknown","info":"997-Not Applicable","simplified":"Unclassified","damage_gra":"Possibly damaged","det_method":"Photo-interpretation","notation":"Building point","or_src_id":978,"dmg_src_id":3,"cd_value":"Not Applicable"},"geometry":{"type":"Point","coordinates":[-67.02460874,10.60245212]}},{"type":"Feature","properties":{"obj_type":"12-Non-residential Buildings","name":"Unknown","info":"127-Other non-residential buildings","simplified":"Non residential","damage_gra":"Damaged","det_method":"Photo-interpretation","notation":"Building point","or_src_id":2,"dmg_src_id":3,"cd_value":"Not Applicable"},"geometry":{"type":"Point","coordinates":[-67.02242921,10.60279155]}},{"type":"Feature","properties":{"obj_type":"995-Unclassified","name":"Unknown","info":"997-Not Applicable","simplified":"Unclassified","damage_gra":"Damaged","det_method":"Photo-interpretation","notation":"Building point","or_src_id":978,"dmg_src_id":3,"cd_value":"Not Applicable"},"geometry":{"type":"Point","coordinates":[-67.0212394,10.59974687]}},{"type":"Feature","properties":{"obj_type":"995-Unclassified","name":"Unknown","info":"997-Not Applicable","simplified":"Unclassified","damage_gra":"Damaged","det_method":"Photo-interpretation","notation":"Building point","or_src_id":978,"dmg_src_id":3,"cd_value":"Not Applicable"},"geometry":{"type":"Point","coordinates":[-67.01926246,10.59994409]}},{"type":"Feature","properties":{"obj_type":"995-Unclassified","name":"Unknown","info":"997-Not Applicable","simplified":"Unclassified","damage_gra":"Damaged","det_method":"Photo-interpretation","notation":"Building point","or_src_id":978,"dmg_src_id":3,"cd_value":"Not Applicable"},"geometry":{"type":"Point","coordinates":[-67.01945909,10.59999715]}},{"type":"Feature","properties":{"obj_type":"11-Residential Buildings","name":"Unknown","info":"997-Not Applicable","simplified":"Residential","damage_gra":"Destroyed","det_method":"Photo-interpretation","notation":"Building point","or_src_id":1,"dmg_src_id":3,"cd_value":"Not Applicable"},"geometry":{"type":"Point","coordinates":[-67.0192458,10.60039395]}},{"type":"Feature","properties":{"obj_type":"995-Unclassified","name":"Unknown","info":"997-Not Applicable","simplified":"Unclassified","damage_gra":"Destroyed","det_method":"Photo-interpretation","notation":"Building point","or_src_id":978,"dmg_src_id":3,"cd_value":"Not Applicable"},"geometry":{"type":"Point","coordinates":[-67.01953623,10.60045755]}},{"type":"Feature","properties":{"obj_type":"12-Non-residential Buildings","name":"Unknown","info":"127-Other non-residential buildings","simplified":"Non residential","damage_gra":"Possibly damaged","det_method":"Photo-interpretation","notation":"Building point","or_src_id":2,"dmg_src_id":3,"cd_value":"Not Applicable"},"geometry":{"type":"Point","coordinates":[-67.02098648,10.60131583]}},{"type":"Feature","properties":{"obj_type":"995-Unclassified","name":"Unknown","info":"997-Not Applicable","simplified":"Unclassified","damage_gra":"Damaged","det_method":"Photo-interpretation","notation":"Building point","or_src_id":978,"dmg_src_id":3,"cd_value":"Not Applicable"},"geometry":{"type":"Point","coordinates":[-67.02099645,10.60138163]}},{"type":"Feature","properties":{"obj_type":"12-Non-residential Buildings","name":"Unknown","info":"127-Other non-residential buildings","simplified":"Non residential","damage_gra":"Damaged","det_method":"Photo-interpretation","notation":"Building point","or_src_id":2,"dmg_src_id":3,"cd_value":"Not Applicable"},"geometry":{"type":"Point","coordinates":[-67.02176785,10.60195046]}},{"type":"Feature","properties":{"obj_type":"995-Unclassified","name":"Unknown","info":"997-Not Applicable","simplified":"Unclassified","damage_gra":"Destroyed","det_method":"Photo-interpretation","notation":"Building point","or_src_id":978,"dmg_src_id":3,"cd_value":"Not Applicable"},"geometry":{"type":"Point","coordinates":[-67.0183179,10.60257238]}},{"type":"Feature","properties":{"obj_type":"11-Residential Buildings","name":"Unknown","info":"997-Not Applicable","simplified":"Residential","damage_gra":"Possibly damaged","det_method":"Photo-interpretation","notation":"Building point","or_src_id":1,"dmg_src_id":3,"cd_value":"Not Applicable"},"geometry":{"type":"Point","coordinates":[-67.01850485,10.60307886]}},{"type":"Feature","properties":{"obj_type":"995-Unclassified","name":"Unknown","info":"997-Not Applicable","simplified":"Unclassified","damage_gra":"Damaged","det_method":"Photo-interpretation","notation":"Building point","or_src_id":978,"dmg_src_id":3,"cd_value":"Not Applicable"},"geometry":{"type":"Point","coordinates":[-67.02244734,10.6028802]}},{"type":"Feature","properties":{"obj_type":"995-Unclassified","name":"Unknown","info":"997-Not Applicable","simplified":"Unclassified","damage_gra":"Damaged","det_method":"Photo-interpretation","notation":"Building point","or_src_id":978,"dmg_src_id":3,"cd_value":"Not Applicable"},"geometry":{"type":"Point","coordinates":[-67.02293199,10.60289976]}},{"type":"Feature","properties":{"obj_type":"995-Unclassified","name":"Unknown","info":"997-Not Applicable","simplified":"Unclassified","damage_gra":"Possibly damaged","det_method":"Photo-interpretation","notation":"Building point","or_src_id":978,"dmg_src_id":3,"cd_value":"Not Applicable"},"geometry":{"type":"Point","coordinates":[-67.02242451,10.60293795]}},{"type":"Feature","properties":{"obj_type":"995-Unclassified","name":"Unknown","info":"997-Not Applicable","simplified":"Unclassified","damage_gra":"Possibly damaged","det_method":"Photo-interpretation","notation":"Building point","or_src_id":978,"dmg_src_id":3,"cd_value":"Not Applicable"},"geometry":{"type":"Point","coordinates":[-67.02366538,10.60356909]}},{"type":"Feature","properties":{"obj_type":"12-Non-residential Buildings","name":"Unknown","info":"127-Other non-residential buildings","simplified":"Non residential","damage_gra":"Damaged","det_method":"Photo-interpretation","notation":"Building point","or_src_id":2,"dmg_src_id":3,"cd_value":"Not Applicable"},"geometry":{"type":"Point","coordinates":[-67.02357764,10.60369108]}},{"type":"Feature","properties":{"obj_type":"995-Unclassified","name":"Unknown","info":"997-Not Applicable","simplified":"Unclassified","damage_gra":"Damaged","det_method":"Photo-interpretation","notation":"Building point","or_src_id":978,"dmg_src_id":3,"cd_value":"Not Applicable"},"geometry":{"type":"Point","coordinates":[-67.02404343,10.60392176]}},{"type":"Feature","properties":{"obj_type":"995-Unclassified","name":"Unknown","info":"997-Not Applicable","simplified":"Unclassified","damage_gra":"Possibly damaged","det_method":"Photo-interpretation","notation":"Building point","or_src_id":978,"dmg_src_id":3,"cd_value":"Not Applicable"},"geometry":{"type":"Point","coordinates":[-67.0244094,10.60398952]}},{"type":"Feature","properties":{"obj_type":"12-Non-residential Buildings","name":"Unknown","info":"127-Other non-residential buildings","simplified":"Non residential","damage_gra":"Possibly damaged","det_method":"Photo-interpretation","notation":"Building point","or_src_id":2,"dmg_src_id":3,"cd_value":"Not Applicable"},"geometry":{"type":"Point","coordinates":[-67.0247595,10.60417266]}},{"type":"Feature","properties":{"obj_type":"995-Unclassified","name":"Unknown","info":"997-Not Applicable","simplified":"Unclassified","damage_gra":"Possibly damaged","det_method":"Photo-interpretation","notation":"Building point","or_src_id":978,"dmg_src_id":3,"cd_value":"Not Applicable"},"geometry":{"type":"Point","coordinates":[-67.0244732,10.60427365]}},{"type":"Feature","properties":{"obj_type":"995-Unclassified","name":"Unknown","info":"997-Not Applicable","simplified":"Unclassified","damage_gra":"Possibly damaged","det_method":"Photo-interpretation","notation":"Building point","or_src_id":978,"dmg_src_id":3,"cd_value":"Not Applicable"},"geometry":{"type":"Point","coordinates":[-67.0240823,10.60427393]}},{"type":"Feature","properties":{"obj_type":"12-Non-residential Buildings","name":"Unknown","info":"127-Other non-residential buildings","simplified":"Non residential","damage_gra":"Destroyed","det_method":"Photo-interpretation","notation":"Building point","or_src_id":2,"dmg_src_id":3,"cd_value":"Not Applicable"},"geometry":{"type":"Point","coordinates":[-67.02448677,10.6043779]}},{"type":"Feature","properties":{"obj_type":"995-Unclassified","name":"Unknown","info":"997-Not Applicable","simplified":"Unclassified","damage_gra":"Possibly damaged","det_method":"Photo-interpretation","notation":"Building point","or_src_id":978,"dmg_src_id":3,"cd_value":"Not Applicable"},"geometry":{"type":"Point","coordinates":[-67.02478853,10.60440377]}},{"type":"Feature","properties":{"obj_type":"995-Unclassified","name":"Unknown","info":"997-Not Applicable","simplified":"Unclassified","damage_gra":"Destroyed","det_method":"Photo-interpretation","notation":"Building point","or_src_id":978,"dmg_src_id":3,"cd_value":"Not Applicable"},"geometry":{"type":"Point","coordinates":[-67.0245565,10.6044285]}},{"type":"Feature","properties":{"obj_type":"995-Unclassified","name":"Unknown","info":"997-Not Applicable","simplified":"Unclassified","damage_gra":"Destroyed","det_method":"Photo-interpretation","notation":"Building point","or_src_id":978,"dmg_src_id":3,"cd_value":"Not Applicable"},"geometry":{"type":"Point","coordinates":[-67.02449869,10.60444116]}},{"type":"Feature","properties":{"obj_type":"12-Non-residential Buildings","name":"Unknown","info":"127-Other non-residential buildings","simplified":"Non residential","damage_gra":"Destroyed","det_method":"Photo-interpretation","notation":"Building point","or_src_id":2,"dmg_src_id":3,"cd_value":"Not Applicable"},"geometry":{"type":"Point","coordinates":[-67.02380187,10.60505995]}},{"type":"Feature","properties":{"obj_type":"12-Non-residential Buildings","name":"Unknown","info":"127-Other non-residential buildings","simplified":"Non residential","damage_gra":"Destroyed","det_method":"Photo-interpretation","notation":"Building point","or_src_id":2,"dmg_src_id":3,"cd_value":"Not Applicable"},"geometry":{"type":"Point","coordinates":[-67.02301393,10.60508775]}},{"type":"Feature","properties":{"obj_type":"12-Non-residential Buildings","name":"Unknown","info":"127-Other non-residential buildings","simplified":"Non residential","damage_gra":"Destroyed","det_method":"Photo-interpretation","notation":"Building point","or_src_id":2,"dmg_src_id":3,"cd_value":"Not Applicable"},"geometry":{"type":"Point","coordinates":[-67.02359242,10.60510186]}},{"type":"Feature","properties":{"obj_type":"12-Non-residential Buildings","name":"Unknown","info":"127-Other non-residential buildings","simplified":"Non residential","damage_gra":"Destroyed","det_method":"Photo-interpretation","notation":"Building point","or_src_id":2,"dmg_src_id":3,"cd_value":"Not Applicable"},"geometry":{"type":"Point","coordinates":[-67.02350607,10.60514716]}},{"type":"Feature","properties":{"obj_type":"12-Non-residential Buildings","name":"Unknown","info":"127-Other non-residential buildings","simplified":"Non residential","damage_gra":"Destroyed","det_method":"Photo-interpretation","notation":"Building point","or_src_id":2,"dmg_src_id":3,"cd_value":"Not Applicable"},"geometry":{"type":"Point","coordinates":[-67.02278561,10.60518193]}},{"type":"Feature","properties":{"obj_type":"995-Unclassified","name":"Unknown","info":"997-Not Applicable","simplified":"Unclassified","damage_gra":"Damaged","det_method":"Photo-interpretation","notation":"Building point","or_src_id":978,"dmg_src_id":3,"cd_value":"Not Applicable"},"geometry":{"type":"Point","coordinates":[-67.02338025,10.60520915]}},{"type":"Feature","properties":{"obj_type":"995-Unclassified","name":"Unknown","info":"997-Not Applicable","simplified":"Unclassified","damage_gra":"Possibly damaged","det_method":"Photo-interpretation","notation":"Building point","or_src_id":978,"dmg_src_id":3,"cd_value":"Not Applicable"},"geometry":{"type":"Point","coordinates":[-67.01924515,10.60350313]}},{"type":"Feature","properties":{"obj_type":"995-Unclassified","name":"Unknown","info":"997-Not Applicable","simplified":"Unclassified","damage_gra":"Destroyed","det_method":"Photo-interpretation","notation":"Building point","or_src_id":978,"dmg_src_id":3,"cd_value":"Not Applicable"},"geometry":{"type":"Point","coordinates":[-67.01924465,10.6039218]}},{"type":"Feature","properties":{"obj_type":"995-Unclassified","name":"Unknown","info":"997-Not Applicable","simplified":"Unclassified","damage_gra":"Damaged","det_method":"Photo-interpretation","notation":"Building point","or_src_id":978,"dmg_src_id":3,"cd_value":"Not Applicable"},"geometry":{"type":"Point","coordinates":[-67.01929403,10.60408034]}},{"type":"Feature","properties":{"obj_type":"995-Unclassified","name":"Unknown","info":"997-Not Applicable","simplified":"Unclassified","damage_gra":"Damaged","det_method":"Photo-interpretation","notation":"Building point","or_src_id":978,"dmg_src_id":3,"cd_value":"Not Applicable"},"geometry":{"type":"Point","coordinates":[-67.02201626,10.60503208]}},{"type":"Feature","properties":{"obj_type":"12-Non-residential Buildings","name":"Unknown","info":"127-Other non-residential buildings","simplified":"Non residential","damage_gra":"Damaged","det_method":"Photo-interpretation","notation":"Building point","or_src_id":2,"dmg_src_id":3,"cd_value":"Not Applicable"},"geometry":{"type":"Point","coordinates":[-67.02087177,10.60549735]}},{"type":"Feature","properties":{"obj_type":"12-Non-residential Buildings","name":"Unknown","info":"127-Other non-residential buildings","simplified":"Non residential","damage_gra":"Possibly damaged","det_method":"Photo-interpretation","notation":"Building point","or_src_id":2,"dmg_src_id":3,"cd_value":"Not Applicable"},"geometry":{"type":"Point","coordinates":[-67.02065196,10.60550251]}},{"type":"Feature","properties":{"obj_type":"995-Unclassified","name":"Unknown","info":"997-Not Applicable","simplified":"Unclassified","damage_gra":"Possibly damaged","det_method":"Photo-interpretation","notation":"Building point","or_src_id":978,"dmg_src_id":3,"cd_value":"Not Applicable"},"geometry":{"type":"Point","coordinates":[-67.02061675,10.6056346]}},{"type":"Feature","properties":{"obj_type":"12-Non-residential Buildings","name":"Unknown","info":"127-Other non-residential buildings","simplified":"Non residential","damage_gra":"Damaged","det_method":"Photo-interpretation","notation":"Building point","or_src_id":2,"dmg_src_id":3,"cd_value":"Not Applicable"},"geometry":{"type":"Point","coordinates":[-67.02184385,10.60586498]}},{"type":"Feature","properties":{"obj_type":"995-Unclassified","name":"Unknown","info":"997-Not Applicable","simplified":"Unclassified","damage_gra":"Damaged","det_method":"Photo-interpretation","notation":"Building point","or_src_id":978,"dmg_src_id":3,"cd_value":"Not Applicable"},"geometry":{"type":"Point","coordinates":[-67.0219501,10.60588042]}},{"type":"Feature","properties":{"obj_type":"995-Unclassified","name":"Unknown","info":"997-Not Applicable","simplified":"Unclassified","damage_gra":"Damaged","det_method":"Photo-interpretation","notation":"Building point","or_src_id":978,"dmg_src_id":3,"cd_value":"Not Applicable"},"geometry":{"type":"Point","coordinates":[-67.02001891,10.60608967]}},{"type":"Feature","properties":{"obj_type":"12-Non-residential Buildings","name":"Unknown","info":"127-Other non-residential buildings","simplified":"Non residential","damage_gra":"Destroyed","det_method":"Photo-interpretation","notation":"Building point","or_src_id":2,"dmg_src_id":3,"cd_value":"Not Applicable"},"geometry":{"type":"Point","coordinates":[-67.02368933,10.60526751]}},{"type":"Feature","properties":{"obj_type":"12-Non-residential Buildings","name":"Unknown","info":"127-Other non-residential buildings","simplified":"Non residential","damage_gra":"Destroyed","det_method":"Photo-interpretation","notation":"Building point","or_src_id":2,"dmg_src_id":3,"cd_value":"Not Applicable"},"geometry":{"type":"Point","coordinates":[-67.02276606,10.60527396]}},{"type":"Feature","properties":{"obj_type":"12-Non-residential Buildings","name":"Unknown","info":"127-Other non-residential buildings","simplified":"Non residential","damage_gra":"Possibly damaged","det_method":"Photo-interpretation","notation":"Building point","or_src_id":2,"dmg_src_id":3,"cd_value":"Not Applicable"},"geometry":{"type":"Point","coordinates":[-67.0257824,10.6052872]}},{"type":"Feature","properties":{"obj_type":"995-Unclassified","name":"Unknown","info":"997-Not Applicable","simplified":"Unclassified","damage_gra":"Destroyed","det_method":"Photo-interpretation","notation":"Building point","or_src_id":978,"dmg_src_id":3,"cd_value":"Not Applicable"},"geometry":{"type":"Point","coordinates":[-67.02343043,10.60534546]}},{"type":"Feature","properties":{"obj_type":"12-Non-residential Buildings","name":"Unknown","info":"127-Other non-residential buildings","simplified":"Non residential","damage_gra":"Destroyed","det_method":"Photo-interpretation","notation":"Building point","or_src_id":2,"dmg_src_id":3,"cd_value":"Not Applicable"},"geometry":{"type":"Point","coordinates":[-67.02485344,10.60557583]}},{"type":"Feature","properties":{"obj_type":"995-Unclassified","name":"Unknown","info":"997-Not Applicable","simplified":"Unclassified","damage_gra":"Possibly damaged","det_method":"Photo-interpretation","notation":"Building point","or_src_id":978,"dmg_src_id":3,"cd_value":"Not Applicable"},"geometry":{"type":"Point","coordinates":[-67.022326,10.60562123]}},{"type":"Feature","properties":{"obj_type":"995-Unclassified","name":"Unknown","info":"997-Not Applicable","simplified":"Unclassified","damage_gra":"Possibly damaged","det_method":"Photo-interpretation","notation":"Building point","or_src_id":978,"dmg_src_id":3,"cd_value":"Not Applicable"},"geometry":{"type":"Point","coordinates":[-67.02496528,10.60562124]}},{"type":"Feature","properties":{"obj_type":"12-Non-residential Buildings","name":"Unknown","info":"127-Other non-residential buildings","simplified":"Non residential","damage_gra":"Destroyed","det_method":"Photo-interpretation","notation":"Building point","or_src_id":2,"dmg_src_id":3,"cd_value":"Not Applicable"},"geometry":{"type":"Point","coordinates":[-67.02335713,10.60586794]}},{"type":"Feature","properties":{"obj_type":"995-Unclassified","name":"Unknown","info":"997-Not Applicable","simplified":"Unclassified","damage_gra":"Possibly damaged","det_method":"Photo-interpretation","notation":"Building point","or_src_id":978,"dmg_src_id":3,"cd_value":"Not Applicable"},"geometry":{"type":"Point","coordinates":[-67.02228842,10.60587434]}},{"type":"Feature","properties":{"obj_type":"12-Non-residential Buildings","name":"Unknown","info":"127-Other non-residential buildings","simplified":"Non residential","damage_gra":"Destroyed","det_method":"Photo-interpretation","notation":"Building point","or_src_id":2,"dmg_src_id":3,"cd_value":"Not Applicable"},"geometry":{"type":"Point","coordinates":[-67.02272273,10.60590194]}},{"type":"Feature","properties":{"obj_type":"995-Unclassified","name":"Unknown","info":"997-Not Applicable","simplified":"Unclassified","damage_gra":"Possibly damaged","det_method":"Photo-interpretation","notation":"Building point","or_src_id":978,"dmg_src_id":3,"cd_value":"Not Applicable"},"geometry":{"type":"Point","coordinates":[-67.02531132,10.60590327]}},{"type":"Feature","properties":{"obj_type":"995-Unclassified","name":"Unknown","info":"997-Not Applicable","simplified":"Unclassified","damage_gra":"Damaged","det_method":"Photo-interpretation","notation":"Building point","or_src_id":978,"dmg_src_id":3,"cd_value":"Not Applicable"},"geometry":{"type":"Point","coordinates":[-67.02287799,10.60591122]}},{"type":"Feature","properties":{"obj_type":"995-Unclassified","name":"Unknown","info":"997-Not Applicable","simplified":"Unclassified","damage_gra":"Damaged","det_method":"Photo-interpretation","notation":"Building point","or_src_id":978,"dmg_src_id":3,"cd_value":"Not Applicable"},"geometry":{"type":"Point","coordinates":[-67.02260029,10.60591782]}},{"type":"Feature","properties":{"obj_type":"12-Non-residential Buildings","name":"Unknown","info":"127-Other non-residential buildings","simplified":"Non residential","damage_gra":"Damaged","det_method":"Photo-interpretation","notation":"Building point","or_src_id":2,"dmg_src_id":3,"cd_value":"Not Applicable"},"geometry":{"type":"Point","coordinates":[-67.0237819,10.60621174]}},{"type":"Feature","properties":{"obj_type":"995-Unclassified","name":"Unknown","info":"997-Not Applicable","simplified":"Unclassified","damage_gra":"Possibly damaged","det_method":"Photo-interpretation","notation":"Building point","or_src_id":978,"dmg_src_id":3,"cd_value":"Not Applicable"},"geometry":{"type":"Point","coordinates":[-67.02233131,10.6062276]}},{"type":"Feature","properties":{"obj_type":"995-Unclassified","name":"Unknown","info":"997-Not Applicable","simplified":"Unclassified","damage_gra":"Damaged","det_method":"Photo-interpretation","notation":"Building point","or_src_id":978,"dmg_src_id":3,"cd_value":"Not Applicable"},"geometry":{"type":"Point","coordinates":[-67.02391339,10.60624652]}},{"type":"Feature","properties":{"obj_type":"12-Non-residential Buildings","name":"Unknown","info":"127-Other non-residential buildings","simplified":"Non residential","damage_gra":"Damaged","det_method":"Photo-interpretation","notation":"Building point","or_src_id":2,"dmg_src_id":3,"cd_value":"Not Applicable"},"geometry":{"type":"Point","coordinates":[-67.02375347,10.60645101]}},{"type":"Feature","properties":{"obj_type":"995-Unclassified","name":"Unknown","info":"997-Not Applicable","simplified":"Unclassified","damage_gra":"Damaged","det_method":"Photo-interpretation","notation":"Building point","or_src_id":978,"dmg_src_id":3,"cd_value":"Not Applicable"},"geometry":{"type":"Point","coordinates":[-67.02230991,10.60647542]}},{"type":"Feature","properties":{"obj_type":"995-Unclassified","name":"Unknown","info":"997-Not Applicable","simplified":"Unclassified","damage_gra":"Possibly damaged","det_method":"Photo-interpretation","notation":"Building point","or_src_id":978,"dmg_src_id":3,"cd_value":"Not Applicable"},"geometry":{"type":"Point","coordinates":[-67.02389238,10.60648068]}},{"type":"Feature","properties":{"obj_type":"995-Unclassified","name":"Unknown","info":"997-Not Applicable","simplified":"Unclassified","damage_gra":"Damaged","det_method":"Photo-interpretation","notation":"Building point","or_src_id":978,"dmg_src_id":3,"cd_value":"Not Applicable"},"geometry":{"type":"Point","coordinates":[-67.02256679,10.60648362]}},{"type":"Feature","properties":{"obj_type":"995-Unclassified","name":"Unknown","info":"997-Not Applicable","simplified":"Unclassified","damage_gra":"Possibly damaged","det_method":"Photo-interpretation","notation":"Building point","or_src_id":978,"dmg_src_id":3,"cd_value":"Not Applicable"},"geometry":{"type":"Point","coordinates":[-67.02530595,10.60651496]}},{"type":"Feature","properties":{"obj_type":"995-Unclassified","name":"Unknown","info":"997-Not Applicable","simplified":"Unclassified","damage_gra":"Destroyed","det_method":"Photo-interpretation","notation":"Building point","or_src_id":978,"dmg_src_id":3,"cd_value":"Not Applicable"},"geometry":{"type":"Point","coordinates":[-67.02479509,10.60654092]}},{"type":"Feature","properties":{"obj_type":"12-Non-residential Buildings","name":"Unknown","info":"127-Other non-residential buildings","simplified":"Non residential","damage_gra":"Destroyed","det_method":"Photo-interpretation","notation":"Building point","or_src_id":2,"dmg_src_id":3,"cd_value":"Not Applicable"},"geometry":{"type":"Point","coordinates":[-67.02252704,10.60689225]}},{"type":"Feature","properties":{"obj_type":"995-Unclassified","name":"Unknown","info":"997-Not Applicable","simplified":"Unclassified","damage_gra":"Damaged","det_method":"Photo-interpretation","notation":"Building point","or_src_id":978,"dmg_src_id":3,"cd_value":"Not Applicable"},"geometry":{"type":"Point","coordinates":[-67.02230991,10.60691302]}},{"type":"Feature","properties":{"obj_type":"995-Unclassified","name":"Unknown","info":"997-Not Applicable","simplified":"Unclassified","damage_gra":"Possibly damaged","det_method":"Photo-interpretation","notation":"Building point","or_src_id":978,"dmg_src_id":3,"cd_value":"Not Applicable"},"geometry":{"type":"Point","coordinates":[-67.02433363,10.60692822]}},{"type":"Feature","properties":{"obj_type":"995-Unclassified","name":"Unknown","info":"997-Not Applicable","simplified":"Unclassified","damage_gra":"Destroyed","det_method":"Photo-interpretation","notation":"Building point","or_src_id":978,"dmg_src_id":3,"cd_value":"Not Applicable"},"geometry":{"type":"Point","coordinates":[-67.02259139,10.60693102]}},{"type":"Feature","properties":{"obj_type":"995-Unclassified","name":"Unknown","info":"997-Not Applicable","simplified":"Unclassified","damage_gra":"Destroyed","det_method":"Photo-interpretation","notation":"Building point","or_src_id":978,"dmg_src_id":3,"cd_value":"Not Applicable"},"geometry":{"type":"Point","coordinates":[-67.02285569,10.60693322]}},{"type":"Feature","properties":{"obj_type":"12-Non-residential Buildings","name":"Unknown","info":"127-Other non-residential buildings","simplified":"Non residential","damage_gra":"Destroyed","det_method":"Photo-interpretation","notation":"Building point","or_src_id":2,"dmg_src_id":3,"cd_value":"Not Applicable"},"geometry":{"type":"Point","coordinates":[-67.02276222,10.60714881]}},{"type":"Feature","properties":{"obj_type":"995-Unclassified","name":"Unknown","info":"997-Not Applicable","simplified":"Unclassified","damage_gra":"Damaged","det_method":"Photo-interpretation","notation":"Building point","or_src_id":978,"dmg_src_id":3,"cd_value":"Not Applicable"},"geometry":{"type":"Point","coordinates":[-67.02230451,10.60717672]}},{"type":"Feature","properties":{"obj_type":"995-Unclassified","name":"Unknown","info":"997-Not Applicable","simplified":"Unclassified","damage_gra":"Damaged","det_method":"Photo-interpretation","notation":"Building point","or_src_id":978,"dmg_src_id":3,"cd_value":"Not Applicable"},"geometry":{"type":"Point","coordinates":[-67.02434682,10.60718166]}},{"type":"Feature","properties":{"obj_type":"995-Unclassified","name":"Unknown","info":"997-Not Applicable","simplified":"Unclassified","damage_gra":"Destroyed","det_method":"Photo-interpretation","notation":"Building point","or_src_id":978,"dmg_src_id":3,"cd_value":"Not Applicable"},"geometry":{"type":"Point","coordinates":[-67.01953423,10.60651101]}},{"type":"Feature","properties":{"obj_type":"995-Unclassified","name":"Unknown","info":"997-Not Applicable","simplified":"Unclassified","damage_gra":"Damaged","det_method":"Photo-interpretation","notation":"Building point","or_src_id":978,"dmg_src_id":3,"cd_value":"Not Applicable"},"geometry":{"type":"Point","coordinates":[-67.01977257,10.60680871]}},{"type":"Feature","properties":{"obj_type":"995-Unclassified","name":"Unknown","info":"997-Not Applicable","simplified":"Unclassified","damage_gra":"Destroyed","det_method":"Photo-interpretation","notation":"Building point","or_src_id":978,"dmg_src_id":3,"cd_value":"Not Applicable"},"geometry":{"type":"Point","coordinates":[-67.018538,10.6068241]}},{"type":"Feature","properties":{"obj_type":"995-Unclassified","name":"Unknown","info":"997-Not Applicable","simplified":"Unclassified","damage_gra":"Possibly damaged","det_method":"Photo-interpretation","notation":"Building point","or_src_id":978,"dmg_src_id":3,"cd_value":"Not Applicable"},"geometry":{"type":"Point","coordinates":[-67.01750691,10.60685246]}},{"type":"Feature","properties":{"obj_type":"995-Unclassified","name":"Unknown","info":"997-Not Applicable","simplified":"Unclassified","damage_gra":"Destroyed","det_method":"Photo-interpretation","notation":"Building point","or_src_id":978,"dmg_src_id":3,"cd_value":"Not Applicable"},"geometry":{"type":"Point","coordinates":[-67.01726534,10.60687391]}},{"type":"Feature","properties":{"obj_type":"995-Unclassified","name":"Unknown","info":"997-Not Applicable","simplified":"Unclassified","damage_gra":"Damaged","det_method":"Photo-interpretation","notation":"Building point","or_src_id":978,"dmg_src_id":3,"cd_value":"Not Applicable"},"geometry":{"type":"Point","coordinates":[-67.01986421,10.60693447]}},{"type":"Feature","properties":{"obj_type":"995-Unclassified","name":"Unknown","info":"997-Not Applicable","simplified":"Unclassified","damage_gra":"Damaged","det_method":"Photo-interpretation","notation":"Building point","or_src_id":978,"dmg_src_id":3,"cd_value":"Not Applicable"},"geometry":{"type":"Point","coordinates":[-67.02049885,10.60698925]}},{"type":"Feature","properties":{"obj_type":"995-Unclassified","name":"Unknown","info":"997-Not Applicable","simplified":"Unclassified","damage_gra":"Damaged","det_method":"Photo-interpretation","notation":"Building point","or_src_id":978,"dmg_src_id":3,"cd_value":"Not Applicable"},"geometry":{"type":"Point","coordinates":[-67.01948501,10.60717771]}},{"type":"Feature","properties":{"obj_type":"11-Residential Buildings","name":"Unknown","info":"997-Not Applicable","simplified":"Residential","damage_gra":"Damaged","det_method":"Photo-interpretation","notation":"Building point","or_src_id":1,"dmg_src_id":3,"cd_value":"Not Applicable"},"geometry":{"type":"Point","coordinates":[-67.01857708,10.60727632]}},{"type":"Feature","properties":{"obj_type":"11-Residential Buildings","name":"Unknown","info":"997-Not Applicable","simplified":"Residential","damage_gra":"Damaged","det_method":"Photo-interpretation","notation":"Building point","or_src_id":1,"dmg_src_id":3,"cd_value":"Not Applicable"},"geometry":{"type":"Point","coordinates":[-67.01870584,10.60728774]}},{"type":"Feature","properties":{"obj_type":"995-Unclassified","name":"Unknown","info":"997-Not Applicable","simplified":"Unclassified","damage_gra":"Possibly damaged","det_method":"Photo-interpretation","notation":"Building point","or_src_id":978,"dmg_src_id":3,"cd_value":"Not Applicable"},"geometry":{"type":"Point","coordinates":[-67.01628658,10.60705947]}},{"type":"Feature","properties":{"obj_type":"995-Unclassified","name":"Unknown","info":"997-Not Applicable","simplified":"Unclassified","damage_gra":"Destroyed","det_method":"Photo-interpretation","notation":"Building point","or_src_id":978,"dmg_src_id":3,"cd_value":"Not Applicable"},"geometry":{"type":"Point","coordinates":[-67.016352,10.60715753]}},{"type":"Feature","properties":{"obj_type":"995-Unclassified","name":"Unknown","info":"997-Not Applicable","simplified":"Unclassified","damage_gra":"Damaged","det_method":"Photo-interpretation","notation":"Building point","or_src_id":978,"dmg_src_id":3,"cd_value":"Not Applicable"},"geometry":{"type":"Point","coordinates":[-67.01693868,10.60720973]}},{"type":"Feature","properties":{"obj_type":"11-Residential Buildings","name":"Unknown","info":"997-Not Applicable","simplified":"Residential","damage_gra":"Destroyed","det_method":"Photo-interpretation","notation":"Building point","or_src_id":2,"dmg_src_id":3,"cd_value":"Not Applicable"},"geometry":{"type":"Point","coordinates":[-67.01630719,10.60721505]}},{"type":"Feature","properties":{"obj_type":"11-Residential Buildings","name":"Unknown","info":"997-Not Applicable","simplified":"Residential","damage_gra":"Destroyed","det_method":"Photo-interpretation","notation":"Building point","or_src_id":2,"dmg_src_id":3,"cd_value":"Not Applicable"},"geometry":{"type":"Point","coordinates":[-67.01637884,10.60728047]}},{"type":"Feature","properties":{"obj_type":"995-Unclassified","name":"Unknown","info":"997-Not Applicable","simplified":"Unclassified","damage_gra":"Damaged","det_method":"Photo-interpretation","notation":"Building point","or_src_id":978,"dmg_src_id":3,"cd_value":"Not Applicable"},"geometry":{"type":"Point","coordinates":[-67.01469616,10.60732287]}},{"type":"Feature","properties":{"obj_type":"995-Unclassified","name":"Unknown","info":"997-Not Applicable","simplified":"Unclassified","damage_gra":"Destroyed","det_method":"Photo-interpretation","notation":"Building point","or_src_id":978,"dmg_src_id":3,"cd_value":"Not Applicable"},"geometry":{"type":"Point","coordinates":[-67.01639308,10.60736522]}},{"type":"Feature","properties":{"obj_type":"995-Unclassified","name":"Unknown","info":"997-Not Applicable","simplified":"Unclassified","damage_gra":"Destroyed","det_method":"Photo-interpretation","notation":"Building point","or_src_id":978,"dmg_src_id":3,"cd_value":"Not Applicable"},"geometry":{"type":"Point","coordinates":[-67.0162005,10.60737385]}},{"type":"Feature","properties":{"obj_type":"995-Unclassified","name":"Unknown","info":"997-Not Applicable","simplified":"Unclassified","damage_gra":"Damaged","det_method":"Photo-interpretation","notation":"Building point","or_src_id":978,"dmg_src_id":3,"cd_value":"Not Applicable"},"geometry":{"type":"Point","coordinates":[-67.01485076,10.60741736]}},{"type":"Feature","properties":{"obj_type":"995-Unclassified","name":"Unknown","info":"997-Not Applicable","simplified":"Unclassified","damage_gra":"Possibly damaged","det_method":"Photo-interpretation","notation":"Building point","or_src_id":978,"dmg_src_id":3,"cd_value":"Not Applicable"},"geometry":{"type":"Point","coordinates":[-67.01433859,10.60742178]}},{"type":"Feature","properties":{"obj_type":"995-Unclassified","name":"Unknown","info":"997-Not Applicable","simplified":"Unclassified","damage_gra":"Possibly damaged","det_method":"Photo-interpretation","notation":"Building point","or_src_id":978,"dmg_src_id":3,"cd_value":"Not Applicable"},"geometry":{"type":"Point","coordinates":[-67.02980772,10.6031743]}},{"type":"Feature","properties":{"obj_type":"995-Unclassified","name":"Unknown","info":"997-Not Applicable","simplified":"Unclassified","damage_gra":"Damaged","det_method":"Photo-interpretation","notation":"Building point","or_src_id":978,"dmg_src_id":3,"cd_value":"Not Applicable"},"geometry":{"type":"Point","coordinates":[-67.0305893,10.60330737]}},{"type":"Feature","properties":{"obj_type":"995-Unclassified","name":"Unknown","info":"997-Not Applicable","simplified":"Unclassified","damage_gra":"Damaged","det_method":"Photo-interpretation","notation":"Building point","or_src_id":978,"dmg_src_id":3,"cd_value":"Not Applicable"},"geometry":{"type":"Point","coordinates":[-67.0326604,10.60346784]}},{"type":"Feature","properties":{"obj_type":"995-Unclassified","name":"Unknown","info":"997-Not Applicable","simplified":"Unclassified","damage_gra":"Destroyed","det_method":"Photo-interpretation","notation":"Building point","or_src_id":978,"dmg_src_id":3,"cd_value":"Not Applicable"},"geometry":{"type":"Point","coordinates":[-67.02976067,10.60361995]}},{"type":"Feature","properties":{"obj_type":"995-Unclassified","name":"Unknown","info":"997-Not Applicable","simplified":"Unclassified","damage_gra":"Destroyed","det_method":"Photo-interpretation","notation":"Building point","or_src_id":978,"dmg_src_id":3,"cd_value":"Not Applicable"},"geometry":{"type":"Point","coordinates":[-67.03205371,10.6036406]}},{"type":"Feature","properties":{"obj_type":"995-Unclassified","name":"Unknown","info":"997-Not Applicable","simplified":"Unclassified","damage_gra":"Damaged","det_method":"Photo-interpretation","notation":"Building point","or_src_id":978,"dmg_src_id":3,"cd_value":"Not Applicable"},"geometry":{"type":"Point","coordinates":[-67.02981855,10.60364555]}},{"type":"Feature","properties":{"obj_type":"995-Unclassified","name":"Unknown","info":"997-Not Applicable","simplified":"Unclassified","damage_gra":"Destroyed","det_method":"Photo-interpretation","notation":"Building point","or_src_id":978,"dmg_src_id":3,"cd_value":"Not Applicable"},"geometry":{"type":"Point","coordinates":[-67.031573,10.60373474]}},{"type":"Feature","properties":{"obj_type":"995-Unclassified","name":"Unknown","info":"997-Not Applicable","simplified":"Unclassified","damage_gra":"Damaged","det_method":"Photo-interpretation","notation":"Building point","or_src_id":978,"dmg_src_id":3,"cd_value":"Not Applicable"},"geometry":{"type":"Point","coordinates":[-67.03186088,10.6039243]}},{"type":"Feature","properties":{"obj_type":"12-Non-residential Buildings","name":"Unknown","info":"127-Other non-residential buildings","simplified":"Non residential","damage_gra":"Damaged","det_method":"Photo-interpretation","notation":"Building point","or_src_id":2,"dmg_src_id":3,"cd_value":"Not Applicable"},"geometry":{"type":"Point","coordinates":[-67.03200502,10.60399665]}},{"type":"Feature","properties":{"obj_type":"995-Unclassified","name":"Unknown","info":"997-Not Applicable","simplified":"Unclassified","damage_gra":"Possibly damaged","det_method":"Photo-interpretation","notation":"Building point","or_src_id":978,"dmg_src_id":3,"cd_value":"Not Applicable"},"geometry":{"type":"Point","coordinates":[-67.0296741,10.60399853]}},{"type":"Feature","properties":{"obj_type":"12-Non-residential Buildings","name":"Unknown","info":"127-Other non-residential buildings","simplified":"Non residential","damage_gra":"Damaged","det_method":"Photo-interpretation","notation":"Building point","or_src_id":2,"dmg_src_id":3,"cd_value":"Not Applicable"},"geometry":{"type":"Point","coordinates":[-67.02830723,10.60349043]}},{"type":"Feature","properties":{"obj_type":"995-Unclassified","name":"Unknown","info":"997-Not Applicable","simplified":"Unclassified","damage_gra":"Possibly damaged","det_method":"Photo-interpretation","notation":"Building point","or_src_id":978,"dmg_src_id":3,"cd_value":"Not Applicable"},"geometry":{"type":"Point","coordinates":[-67.02796527,10.60353109]}},{"type":"Feature","properties":{"obj_type":"995-Unclassified","name":"Unknown","info":"997-Not Applicable","simplified":"Unclassified","damage_gra":"Damaged","det_method":"Photo-interpretation","notation":"Building point","or_src_id":978,"dmg_src_id":3,"cd_value":"Not Applicable"},"geometry":{"type":"Point","coordinates":[-67.02954505,10.60354513]}},{"type":"Feature","properties":{"obj_type":"995-Unclassified","name":"Unknown","info":"997-Not Applicable","simplified":"Unclassified","damage_gra":"Possibly damaged","det_method":"Photo-interpretation","notation":"Building point","or_src_id":978,"dmg_src_id":3,"cd_value":"Not Applicable"},"geometry":{"type":"Point","coordinates":[-67.02776883,10.60361413]}},{"type":"Feature","properties":{"obj_type":"12-Non-residential Buildings","name":"Unknown","info":"127-Other non-residential buildings","simplified":"Non residential","damage_gra":"Damaged","det_method":"Photo-interpretation","notation":"Building point","or_src_id":2,"dmg_src_id":3,"cd_value":"Not Applicable"},"geometry":{"type":"Point","coordinates":[-67.02645052,10.60363339]}},{"type":"Feature","properties":{"obj_type":"995-Unclassified","name":"Unknown","info":"997-Not Applicable","simplified":"Unclassified","damage_gra":"Possibly damaged","det_method":"Photo-interpretation","notation":"Building point","or_src_id":978,"dmg_src_id":3,"cd_value":"Not Applicable"},"geometry":{"type":"Point","coordinates":[-67.02922325,10.6036604]}},{"type":"Feature","properties":{"obj_type":"995-Unclassified","name":"Unknown","info":"997-Not Applicable","simplified":"Unclassified","damage_gra":"Destroyed","det_method":"Photo-interpretation","notation":"Building point","or_src_id":978,"dmg_src_id":3,"cd_value":"Not Applicable"},"geometry":{"type":"Point","coordinates":[-67.02791635,10.6036702]}},{"type":"Feature","properties":{"obj_type":"995-Unclassified","name":"Unknown","info":"997-Not Applicable","simplified":"Unclassified","damage_gra":"Damaged","det_method":"Photo-interpretation","notation":"Building point","or_src_id":978,"dmg_src_id":3,"cd_value":"Not Applicable"},"geometry":{"type":"Point","coordinates":[-67.0292939,10.60369085]}},{"type":"Feature","properties":{"obj_type":"12-Non-residential Buildings","name":"Unknown","info":"127-Other non-residential buildings","simplified":"Non residential","damage_gra":"Damaged","det_method":"Photo-interpretation","notation":"Building point","or_src_id":2,"dmg_src_id":3,"cd_value":"Not Applicable"},"geometry":{"type":"Point","coordinates":[-67.02660935,10.60370397]}},{"type":"Feature","properties":{"obj_type":"995-Unclassified","name":"Unknown","info":"997-Not Applicable","simplified":"Unclassified","damage_gra":"Destroyed","det_method":"Photo-interpretation","notation":"Building point","or_src_id":978,"dmg_src_id":3,"cd_value":"Not Applicable"},"geometry":{"type":"Point","coordinates":[-67.0264698,10.60374885]}},{"type":"Feature","properties":{"obj_type":"995-Unclassified","name":"Unknown","info":"997-Not Applicable","simplified":"Unclassified","damage_gra":"Destroyed","det_method":"Photo-interpretation","notation":"Building point","or_src_id":978,"dmg_src_id":3,"cd_value":"Not Applicable"},"geometry":{"type":"Point","coordinates":[-67.03111448,10.6040167]}},{"type":"Feature","properties":{"obj_type":"12-Non-residential Buildings","name":"Unknown","info":"127-Other non-residential buildings","simplified":"Non residential","damage_gra":"Possibly damaged","det_method":"Photo-interpretation","notation":"Building point","or_src_id":2,"dmg_src_id":3,"cd_value":"Not Applicable"},"geometry":{"type":"Point","coordinates":[-67.0305176,10.60403729]}},{"type":"Feature","properties":{"obj_type":"995-Unclassified","name":"Unknown","info":"997-Not Applicable","simplified":"Unclassified","damage_gra":"Possibly damaged","det_method":"Photo-interpretation","notation":"Building point","or_src_id":978,"dmg_src_id":3,"cd_value":"Not Applicable"},"geometry":{"type":"Point","coordinates":[-67.03293026,10.60403962]}},{"type":"Feature","properties":{"obj_type":"995-Unclassified","name":"Unknown","info":"997-Not Applicable","simplified":"Unclassified","damage_gra":"Possibly damaged","det_method":"Photo-interpretation","notation":"Building point","or_src_id":978,"dmg_src_id":3,"cd_value":"Not Applicable"},"geometry":{"type":"Point","coordinates":[-67.03075486,10.60406329]}},{"type":"Feature","properties":{"obj_type":"995-Unclassified","name":"Unknown","info":"997-Not Applicable","simplified":"Unclassified","damage_gra":"Damaged","det_method":"Photo-interpretation","notation":"Building point","or_src_id":978,"dmg_src_id":3,"cd_value":"Not Applicable"},"geometry":{"type":"Point","coordinates":[-67.03114731,10.60408286]}},{"type":"Feature","properties":{"obj_type":"995-Unclassified","name":"Unknown","info":"997-Not Applicable","simplified":"Unclassified","damage_gra":"Possibly damaged","det_method":"Photo-interpretation","notation":"Building point","or_src_id":978,"dmg_src_id":3,"cd_value":"Not Applicable"},"geometry":{"type":"Point","coordinates":[-67.03240266,10.60411853]}},{"type":"Feature","properties":{"obj_type":"995-Unclassified","name":"Unknown","info":"997-Not Applicable","simplified":"Unclassified","damage_gra":"Damaged","det_method":"Photo-interpretation","notation":"Building point","or_src_id":978,"dmg_src_id":3,"cd_value":"Not Applicable"},"geometry":{"type":"Point","coordinates":[-67.03120303,10.6041314]}},{"type":"Feature","properties":{"obj_type":"995-Unclassified","name":"Unknown","info":"997-Not Applicable","simplified":"Unclassified","damage_gra":"Destroyed","det_method":"Photo-interpretation","notation":"Building point","or_src_id":978,"dmg_src_id":3,"cd_value":"Not Applicable"},"geometry":{"type":"Point","coordinates":[-67.0329937,10.60418955]}},{"type":"Feature","properties":{"obj_type":"995-Unclassified","name":"Unknown","info":"997-Not Applicable","simplified":"Unclassified","damage_gra":"Possibly damaged","det_method":"Photo-interpretation","notation":"Building point","or_src_id":978,"dmg_src_id":3,"cd_value":"Not Applicable"},"geometry":{"type":"Point","coordinates":[-67.02992575,10.60426837]}},{"type":"Feature","properties":{"obj_type":"995-Unclassified","name":"Unknown","info":"997-Not Applicable","simplified":"Unclassified","damage_gra":"Destroyed","det_method":"Photo-interpretation","notation":"Building point","or_src_id":978,"dmg_src_id":3,"cd_value":"Not Applicable"},"geometry":{"type":"Point","coordinates":[-67.03289939,10.60427633]}},{"type":"Feature","properties":{"obj_type":"12-Non-residential Buildings","name":"Unknown","info":"127-Other non-residential buildings","simplified":"Non residential","damage_gra":"Destroyed","det_method":"Photo-interpretation","notation":"Building point","or_src_id":2,"dmg_src_id":3,"cd_value":"Not Applicable"},"geometry":{"type":"Point","coordinates":[-67.03358822,10.60390385]}},{"type":"Feature","properties":{"obj_type":"995-Unclassified","name":"Unknown","info":"997-Not Applicable","simplified":"Unclassified","damage_gra":"Possibly damaged","det_method":"Photo-interpretation","notation":"Building point","or_src_id":978,"dmg_src_id":3,"cd_value":"Not Applicable"},"geometry":{"type":"Point","coordinates":[-67.03433874,10.60463878]}},{"type":"Feature","properties":{"obj_type":"995-Unclassified","name":"Unknown","info":"997-Not Applicable","simplified":"Unclassified","damage_gra":"Destroyed","det_method":"Photo-interpretation","notation":"Building point","or_src_id":978,"dmg_src_id":3,"cd_value":"Not Applicable"},"geometry":{"type":"Point","coordinates":[-67.03626462,10.60473074]}},{"type":"Feature","properties":{"obj_type":"995-Unclassified","name":"Unknown","info":"997-Not Applicable","simplified":"Unclassified","damage_gra":"Damaged","det_method":"Photo-interpretation","notation":"Building point","or_src_id":978,"dmg_src_id":3,"cd_value":"Not Applicable"},"geometry":{"type":"Point","coordinates":[-67.03602696,10.60478708]}},{"type":"Feature","properties":{"obj_type":"995-Unclassified","name":"Unknown","info":"997-Not Applicable","simplified":"Unclassified","damage_gra":"Damaged","det_method":"Photo-interpretation","notation":"Building point","or_src_id":978,"dmg_src_id":3,"cd_value":"Not Applicable"},"geometry":{"type":"Point","coordinates":[-67.03635084,10.60479988]}},{"type":"Feature","properties":{"obj_type":"995-Unclassified","name":"Unknown","info":"997-Not Applicable","simplified":"Unclassified","damage_gra":"Possibly damaged","det_method":"Photo-interpretation","notation":"Building point","or_src_id":978,"dmg_src_id":3,"cd_value":"Not Applicable"},"geometry":{"type":"Point","coordinates":[-67.03593207,10.60480699]}},{"type":"Feature","properties":{"obj_type":"995-Unclassified","name":"Unknown","info":"997-Not Applicable","simplified":"Unclassified","damage_gra":"Damaged","det_method":"Photo-interpretation","notation":"Building point","or_src_id":978,"dmg_src_id":3,"cd_value":"Not Applicable"},"geometry":{"type":"Point","coordinates":[-67.03646015,10.60482095]}},{"type":"Feature","properties":{"obj_type":"995-Unclassified","name":"Unknown","info":"997-Not Applicable","simplified":"Unclassified","damage_gra":"Damaged","det_method":"Photo-interpretation","notation":"Building point","or_src_id":978,"dmg_src_id":3,"cd_value":"Not Applicable"},"geometry":{"type":"Point","coordinates":[-67.03426897,10.60486962]}},{"type":"Feature","properties":{"obj_type":"995-Unclassified","name":"Unknown","info":"997-Not Applicable","simplified":"Unclassified","damage_gra":"Damaged","det_method":"Photo-interpretation","notation":"Building point","or_src_id":978,"dmg_src_id":3,"cd_value":"Not Applicable"},"geometry":{"type":"Point","coordinates":[-67.03644528,10.60487293]}},{"type":"Feature","properties":{"obj_type":"995-Unclassified","name":"Unknown","info":"997-Not Applicable","simplified":"Unclassified","damage_gra":"Damaged","det_method":"Photo-interpretation","notation":"Building point","or_src_id":978,"dmg_src_id":3,"cd_value":"Not Applicable"},"geometry":{"type":"Point","coordinates":[-67.03632142,10.60488638]}},{"type":"Feature","properties":{"obj_type":"995-Unclassified","name":"Unknown","info":"997-Not Applicable","simplified":"Unclassified","damage_gra":"Destroyed","det_method":"Photo-interpretation","notation":"Building point","or_src_id":978,"dmg_src_id":3,"cd_value":"Not Applicable"},"geometry":{"type":"Point","coordinates":[-67.0266557,10.60392305]}},{"type":"Feature","properties":{"obj_type":"12-Non-residential Buildings","name":"Unknown","info":"127-Other non-residential buildings","simplified":"Non residential","damage_gra":"Destroyed","det_method":"Photo-interpretation","notation":"Building point","or_src_id":2,"dmg_src_id":3,"cd_value":"Not Applicable"},"geometry":{"type":"Point","coordinates":[-67.02629095,10.60399874]}},{"type":"Feature","properties":{"obj_type":"995-Unclassified","name":"Unknown","info":"997-Not Applicable","simplified":"Unclassified","damage_gra":"Possibly damaged","det_method":"Photo-interpretation","notation":"Building point","or_src_id":978,"dmg_src_id":3,"cd_value":"Not Applicable"},"geometry":{"type":"Point","coordinates":[-67.02937791,10.60440003]}},{"type":"Feature","properties":{"obj_type":"995-Unclassified","name":"Unknown","info":"997-Not Applicable","simplified":"Unclassified","damage_gra":"Possibly damaged","det_method":"Photo-interpretation","notation":"Building point","or_src_id":978,"dmg_src_id":3,"cd_value":"Not Applicable"},"geometry":{"type":"Point","coordinates":[-67.02937537,10.60448226]}},{"type":"Feature","properties":{"obj_type":"995-Unclassified","name":"Unknown","info":"997-Not Applicable","simplified":"Unclassified","damage_gra":"Damaged","det_method":"Photo-interpretation","notation":"Building point","or_src_id":978,"dmg_src_id":3,"cd_value":"Not Applicable"},"geometry":{"type":"Point","coordinates":[-67.02952914,10.60450142]}},{"type":"Feature","properties":{"obj_type":"995-Unclassified","name":"Unknown","info":"997-Not Applicable","simplified":"Unclassified","damage_gra":"Possibly damaged","det_method":"Photo-interpretation","notation":"Building point","or_src_id":978,"dmg_src_id":3,"cd_value":"Not Applicable"},"geometry":{"type":"Point","coordinates":[-67.02945794,10.60459457]}},{"type":"Feature","properties":{"obj_type":"995-Unclassified","name":"Unknown","info":"997-Not Applicable","simplified":"Unclassified","damage_gra":"Possibly damaged","det_method":"Photo-interpretation","notation":"Building point","or_src_id":978,"dmg_src_id":3,"cd_value":"Not Applicable"},"geometry":{"type":"Point","coordinates":[-67.02933604,10.60469277]}},{"type":"Feature","properties":{"obj_type":"12-Non-residential Buildings","name":"Unknown","info":"127-Other non-residential buildings","simplified":"Non residential","damage_gra":"Destroyed","det_method":"Photo-interpretation","notation":"Building point","or_src_id":2,"dmg_src_id":3,"cd_value":"Not Applicable"},"geometry":{"type":"Point","coordinates":[-67.02748479,10.60480413]}},{"type":"Feature","properties":{"obj_type":"12-Non-residential Buildings","name":"Unknown","info":"127-Other non-residential buildings","simplified":"Non residential","damage_gra":"Possibly damaged","det_method":"Photo-interpretation","notation":"Building point","or_src_id":2,"dmg_src_id":3,"cd_value":"Not Applicable"},"geometry":{"type":"Point","coordinates":[-67.02953838,10.60481405]}},{"type":"Feature","properties":{"obj_type":"995-Unclassified","name":"Unknown","info":"997-Not Applicable","simplified":"Unclassified","damage_gra":"Destroyed","det_method":"Photo-interpretation","notation":"Building point","or_src_id":978,"dmg_src_id":3,"cd_value":"Not Applicable"},"geometry":{"type":"Point","coordinates":[-67.02776974,10.60489897]}},{"type":"Feature","properties":{"obj_type":"12-Non-residential Buildings","name":"Unknown","info":"127-Other non-residential buildings","simplified":"Non residential","damage_gra":"Damaged","det_method":"Photo-interpretation","notation":"Building point","or_src_id":2,"dmg_src_id":3,"cd_value":"Not Applicable"},"geometry":{"type":"Point","coordinates":[-67.03179604,10.60429016]}},{"type":"Feature","properties":{"obj_type":"12-Non-residential Buildings","name":"Unknown","info":"127-Other non-residential buildings","simplified":"Non residential","damage_gra":"Destroyed","det_method":"Photo-interpretation","notation":"Building point","or_src_id":2,"dmg_src_id":3,"cd_value":"Not Applicable"},"geometry":{"type":"Point","coordinates":[-67.0305488,10.60467616]}},{"type":"Feature","properties":{"obj_type":"995-Unclassified","name":"Unknown","info":"997-Not Applicable","simplified":"Unclassified","damage_gra":"Damaged","det_method":"Photo-interpretation","notation":"Building point","or_src_id":978,"dmg_src_id":3,"cd_value":"Not Applicable"},"geometry":{"type":"Point","coordinates":[-67.03230318,10.6046898]}},{"type":"Feature","properties":{"obj_type":"995-Unclassified","name":"Unknown","info":"997-Not Applicable","simplified":"Unclassified","damage_gra":"Damaged","det_method":"Photo-interpretation","notation":"Building point","or_src_id":978,"dmg_src_id":3,"cd_value":"Not Applicable"},"geometry":{"type":"Point","coordinates":[-67.03237095,10.60471144]}},{"type":"Feature","properties":{"obj_type":"995-Unclassified","name":"Unknown","info":"997-Not Applicable","simplified":"Unclassified","damage_gra":"Destroyed","det_method":"Photo-interpretation","notation":"Building point","or_src_id":978,"dmg_src_id":3,"cd_value":"Not Applicable"},"geometry":{"type":"Point","coordinates":[-67.03228252,10.6047208]}},{"type":"Feature","properties":{"obj_type":"995-Unclassified","name":"Unknown","info":"997-Not Applicable","simplified":"Unclassified","damage_gra":"Damaged","det_method":"Photo-interpretation","notation":"Building point","or_src_id":978,"dmg_src_id":3,"cd_value":"Not Applicable"},"geometry":{"type":"Point","coordinates":[-67.0300231,10.60472465]}},{"type":"Feature","properties":{"obj_type":"995-Unclassified","name":"Unknown","info":"997-Not Applicable","simplified":"Unclassified","damage_gra":"Destroyed","det_method":"Photo-interpretation","notation":"Building point","or_src_id":978,"dmg_src_id":3,"cd_value":"Not Applicable"},"geometry":{"type":"Point","coordinates":[-67.0296219,10.60474425]}},{"type":"Feature","properties":{"obj_type":"12-Non-residential Buildings","name":"Unknown","info":"127-Other non-residential buildings","simplified":"Non residential","damage_gra":"Destroyed","det_method":"Photo-interpretation","notation":"Building point","or_src_id":2,"dmg_src_id":3,"cd_value":"Not Applicable"},"geometry":{"type":"Point","coordinates":[-67.03047395,10.60474927]}},{"type":"Feature","properties":{"obj_type":"995-Unclassified","name":"Unknown","info":"997-Not Applicable","simplified":"Unclassified","damage_gra":"Damaged","det_method":"Photo-interpretation","notation":"Building point","or_src_id":978,"dmg_src_id":3,"cd_value":"Not Applicable"},"geometry":{"type":"Point","coordinates":[-67.03225788,10.60476102]}},{"type":"Feature","properties":{"obj_type":"995-Unclassified","name":"Unknown","info":"997-Not Applicable","simplified":"Unclassified","damage_gra":"Damaged","det_method":"Photo-interpretation","notation":"Building point","or_src_id":978,"dmg_src_id":3,"cd_value":"Not Applicable"},"geometry":{"type":"Point","coordinates":[-67.03195085,10.60477165]}},{"type":"Feature","properties":{"obj_type":"995-Unclassified","name":"Unknown","info":"997-Not Applicable","simplified":"Unclassified","damage_gra":"Possibly damaged","det_method":"Photo-interpretation","notation":"Building point","or_src_id":978,"dmg_src_id":3,"cd_value":"Not Applicable"},"geometry":{"type":"Point","coordinates":[-67.03014279,10.60478051]}},{"type":"Feature","properties":{"obj_type":"995-Unclassified","name":"Unknown","info":"997-Not Applicable","simplified":"Unclassified","damage_gra":"Damaged","det_method":"Photo-interpretation","notation":"Building point","or_src_id":978,"dmg_src_id":3,"cd_value":"Not Applicable"},"geometry":{"type":"Point","coordinates":[-67.03056976,10.60482513]}},{"type":"Feature","properties":{"obj_type":"12-Non-residential Buildings","name":"Unknown","info":"127-Other non-residential buildings","simplified":"Non residential","damage_gra":"Damaged","det_method":"Photo-interpretation","notation":"Building point","or_src_id":2,"dmg_src_id":3,"cd_value":"Not Applicable"},"geometry":{"type":"Point","coordinates":[-67.029726,10.60483144]}},{"type":"Feature","properties":{"obj_type":"995-Unclassified","name":"Unknown","info":"997-Not Applicable","simplified":"Unclassified","damage_gra":"Possibly damaged","det_method":"Photo-interpretation","notation":"Building point","or_src_id":978,"dmg_src_id":3,"cd_value":"Not Applicable"},"geometry":{"type":"Point","coordinates":[-67.02959908,10.60488765]}},{"type":"Feature","properties":{"obj_type":"995-Unclassified","name":"Unknown","info":"997-Not Applicable","simplified":"Unclassified","damage_gra":"Possibly damaged","det_method":"Photo-interpretation","notation":"Building point","or_src_id":978,"dmg_src_id":3,"cd_value":"Not Applicable"},"geometry":{"type":"Point","coordinates":[-67.03135418,10.60489073]}},{"type":"Feature","properties":{"obj_type":"995-Unclassified","name":"Unknown","info":"997-Not Applicable","simplified":"Unclassified","damage_gra":"Damaged","det_method":"Photo-interpretation","notation":"Building point","or_src_id":978,"dmg_src_id":3,"cd_value":"Not Applicable"},"geometry":{"type":"Point","coordinates":[-67.0315113,10.6049056]}},{"type":"Feature","properties":{"obj_type":"995-Unclassified","name":"Unknown","info":"997-Not Applicable","simplified":"Unclassified","damage_gra":"Damaged","det_method":"Photo-interpretation","notation":"Building point","or_src_id":978,"dmg_src_id":3,"cd_value":"Not Applicable"},"geometry":{"type":"Point","coordinates":[-67.0315919,10.60497355]}},{"type":"Feature","properties":{"obj_type":"995-Unclassified","name":"Unknown","info":"997-Not Applicable","simplified":"Unclassified","damage_gra":"Destroyed","det_method":"Photo-interpretation","notation":"Building point","or_src_id":978,"dmg_src_id":3,"cd_value":"Not Applicable"},"geometry":{"type":"Point","coordinates":[-67.03211075,10.60499342]}},{"type":"Feature","properties":{"obj_type":"995-Unclassified","name":"Unknown","info":"997-Not Applicable","simplified":"Unclassified","damage_gra":"Destroyed","det_method":"Photo-interpretation","notation":"Building point","or_src_id":978,"dmg_src_id":3,"cd_value":"Not Applicable"},"geometry":{"type":"Point","coordinates":[-67.03146893,10.60503057]}},{"type":"Feature","properties":{"obj_type":"995-Unclassified","name":"Unknown","info":"997-Not Applicable","simplified":"Unclassified","damage_gra":"Destroyed","det_method":"Photo-interpretation","notation":"Building point","or_src_id":978,"dmg_src_id":3,"cd_value":"Not Applicable"},"geometry":{"type":"Point","coordinates":[-67.03155975,10.6050529]}},{"type":"Feature","properties":{"obj_type":"995-Unclassified","name":"Unknown","info":"997-Not Applicable","simplified":"Unclassified","damage_gra":"Destroyed","det_method":"Photo-interpretation","notation":"Building point","or_src_id":978,"dmg_src_id":3,"cd_value":"Not Applicable"},"geometry":{"type":"Point","coordinates":[-67.03638395,10.6048874]}},{"type":"Feature","properties":{"obj_type":"995-Unclassified","name":"Unknown","info":"997-Not Applicable","simplified":"Unclassified","damage_gra":"Possibly damaged","det_method":"Photo-interpretation","notation":"Building point","or_src_id":978,"dmg_src_id":3,"cd_value":"Not Applicable"},"geometry":{"type":"Point","coordinates":[-67.03604976,10.60489779]}},{"type":"Feature","properties":{"obj_type":"995-Unclassified","name":"Unknown","info":"997-Not Applicable","simplified":"Unclassified","damage_gra":"Destroyed","det_method":"Photo-interpretation","notation":"Building point","or_src_id":978,"dmg_src_id":3,"cd_value":"Not Applicable"},"geometry":{"type":"Point","coordinates":[-67.03625945,10.60492635]}},{"type":"Feature","properties":{"obj_type":"995-Unclassified","name":"Unknown","info":"997-Not Applicable","simplified":"Unclassified","damage_gra":"Damaged","det_method":"Photo-interpretation","notation":"Building point","or_src_id":978,"dmg_src_id":3,"cd_value":"Not Applicable"},"geometry":{"type":"Point","coordinates":[-67.0363974,10.60493915]}},{"type":"Feature","properties":{"obj_type":"995-Unclassified","name":"Unknown","info":"997-Not Applicable","simplified":"Unclassified","damage_gra":"Destroyed","det_method":"Photo-interpretation","notation":"Building point","or_src_id":978,"dmg_src_id":3,"cd_value":"Not Applicable"},"geometry":{"type":"Point","coordinates":[-67.03632198,10.60496935]}},{"type":"Feature","properties":{"obj_type":"995-Unclassified","name":"Unknown","info":"997-Not Applicable","simplified":"Unclassified","damage_gra":"Damaged","det_method":"Photo-interpretation","notation":"Building point","or_src_id":978,"dmg_src_id":3,"cd_value":"Not Applicable"},"geometry":{"type":"Point","coordinates":[-67.0364037,10.6049997]}},{"type":"Feature","properties":{"obj_type":"995-Unclassified","name":"Unknown","info":"997-Not Applicable","simplified":"Unclassified","damage_gra":"Destroyed","det_method":"Photo-interpretation","notation":"Building point","or_src_id":978,"dmg_src_id":3,"cd_value":"Not Applicable"},"geometry":{"type":"Point","coordinates":[-67.03588201,10.60516183]}},{"type":"Feature","properties":{"obj_type":"995-Unclassified","name":"Unknown","info":"997-Not Applicable","simplified":"Unclassified","damage_gra":"Damaged","det_method":"Photo-interpretation","notation":"Building point","or_src_id":978,"dmg_src_id":3,"cd_value":"Not Applicable"},"geometry":{"type":"Point","coordinates":[-67.0359124,10.6052601]}},{"type":"Feature","properties":{"obj_type":"995-Unclassified","name":"Unknown","info":"997-Not Applicable","simplified":"Unclassified","damage_gra":"Damaged","det_method":"Photo-interpretation","notation":"Building point","or_src_id":978,"dmg_src_id":3,"cd_value":"Not Applicable"},"geometry":{"type":"Point","coordinates":[-67.03642294,10.60533464]}},{"type":"Feature","properties":{"obj_type":"995-Unclassified","name":"Unknown","info":"997-Not Applicable","simplified":"Unclassified","damage_gra":"Destroyed","det_method":"Photo-interpretation","notation":"Building point","or_src_id":978,"dmg_src_id":3,"cd_value":"Not Applicable"},"geometry":{"type":"Point","coordinates":[-67.03354132,10.60541475]}},{"type":"Feature","properties":{"obj_type":"12-Non-residential Buildings","name":"Unknown","info":"127-Other non-residential buildings","simplified":"Non residential","damage_gra":"Destroyed","det_method":"Photo-interpretation","notation":"Building point","or_src_id":2,"dmg_src_id":3,"cd_value":"Not Applicable"},"geometry":{"type":"Point","coordinates":[-67.03107064,10.60508602]}},{"type":"Feature","properties":{"obj_type":"995-Unclassified","name":"Unknown","info":"997-Not Applicable","simplified":"Unclassified","damage_gra":"Destroyed","det_method":"Photo-interpretation","notation":"Building point","or_src_id":978,"dmg_src_id":3,"cd_value":"Not Applicable"},"geometry":{"type":"Point","coordinates":[-67.03139218,10.60509239]}},{"type":"Feature","properties":{"obj_type":"995-Unclassified","name":"Unknown","info":"997-Not Applicable","simplified":"Unclassified","damage_gra":"Damaged","det_method":"Photo-interpretation","notation":"Building point","or_src_id":978,"dmg_src_id":3,"cd_value":"Not Applicable"},"geometry":{"type":"Point","coordinates":[-67.03151069,10.60511359]}},{"type":"Feature","properties":{"obj_type":"995-Unclassified","name":"Unknown","info":"997-Not Applicable","simplified":"Unclassified","damage_gra":"Possibly damaged","det_method":"Photo-interpretation","notation":"Building point","or_src_id":978,"dmg_src_id":3,"cd_value":"Not Applicable"},"geometry":{"type":"Point","coordinates":[-67.0319523,10.60513935]}},{"type":"Feature","properties":{"obj_type":"12-Non-residential Buildings","name":"Unknown","info":"127-Other non-residential buildings","simplified":"Non residential","damage_gra":"Destroyed","det_method":"Photo-interpretation","notation":"Building point","or_src_id":2,"dmg_src_id":3,"cd_value":"Not Applicable"},"geometry":{"type":"Point","coordinates":[-67.03103871,10.60515846]}},{"type":"Feature","properties":{"obj_type":"995-Unclassified","name":"Unknown","info":"997-Not Applicable","simplified":"Unclassified","damage_gra":"Destroyed","det_method":"Photo-interpretation","notation":"Building point","or_src_id":978,"dmg_src_id":3,"cd_value":"Not Applicable"},"geometry":{"type":"Point","coordinates":[-67.0311467,10.6051968]}},{"type":"Feature","properties":{"obj_type":"12-Non-residential Buildings","name":"Unknown","info":"127-Other non-residential buildings","simplified":"Non residential","damage_gra":"Destroyed","det_method":"Photo-interpretation","notation":"Building point","or_src_id":2,"dmg_src_id":3,"cd_value":"Not Applicable"},"geometry":{"type":"Point","coordinates":[-67.03120521,10.605218]}},{"type":"Feature","properties":{"obj_type":"995-Unclassified","name":"Unknown","info":"997-Not Applicable","simplified":"Unclassified","damage_gra":"Possibly damaged","det_method":"Photo-interpretation","notation":"Building point","or_src_id":978,"dmg_src_id":3,"cd_value":"Not Applicable"},"geometry":{"type":"Point","coordinates":[-67.03326641,10.60522072]}},{"type":"Feature","properties":{"obj_type":"12-Non-residential Buildings","name":"Unknown","info":"127-Other non-residential buildings","simplified":"Non residential","damage_gra":"Destroyed","det_method":"Photo-interpretation","notation":"Building point","or_src_id":2,"dmg_src_id":3,"cd_value":"Not Applicable"},"geometry":{"type":"Point","coordinates":[-67.03114194,10.60527043]}},{"type":"Feature","properties":{"obj_type":"995-Unclassified","name":"Unknown","info":"997-Not Applicable","simplified":"Unclassified","damage_gra":"Destroyed","det_method":"Photo-interpretation","notation":"Building point","or_src_id":978,"dmg_src_id":3,"cd_value":"Not Applicable"},"geometry":{"type":"Point","coordinates":[-67.03106535,10.60529406]}},{"type":"Feature","properties":{"obj_type":"12-Non-residential Buildings","name":"Unknown","info":"127-Other non-residential buildings","simplified":"Non residential","damage_gra":"Damaged","det_method":"Photo-interpretation","notation":"Building point","or_src_id":2,"dmg_src_id":3,"cd_value":"Not Applicable"},"geometry":{"type":"Point","coordinates":[-67.02864849,10.60508134]}},{"type":"Feature","properties":{"obj_type":"995-Unclassified","name":"Unknown","info":"997-Not Applicable","simplified":"Unclassified","damage_gra":"Possibly damaged","det_method":"Photo-interpretation","notation":"Building point","or_src_id":978,"dmg_src_id":3,"cd_value":"Not Applicable"},"geometry":{"type":"Point","coordinates":[-67.02719416,10.60518757]}},{"type":"Feature","properties":{"obj_type":"995-Unclassified","name":"Unknown","info":"997-Not Applicable","simplified":"Unclassified","damage_gra":"Destroyed","det_method":"Photo-interpretation","notation":"Building point","or_src_id":978,"dmg_src_id":3,"cd_value":"Not Applicable"},"geometry":{"type":"Point","coordinates":[-67.02608379,10.60525636]}},{"type":"Feature","properties":{"obj_type":"995-Unclassified","name":"Unknown","info":"997-Not Applicable","simplified":"Unclassified","damage_gra":"Destroyed","det_method":"Photo-interpretation","notation":"Building point","or_src_id":978,"dmg_src_id":3,"cd_value":"Not Applicable"},"geometry":{"type":"Point","coordinates":[-67.02859992,10.60525843]}},{"type":"Feature","properties":{"obj_type":"995-Unclassified","name":"Unknown","info":"997-Not Applicable","simplified":"Unclassified","damage_gra":"Destroyed","det_method":"Photo-interpretation","notation":"Building point","or_src_id":978,"dmg_src_id":3,"cd_value":"Not Applicable"},"geometry":{"type":"Point","coordinates":[-67.02584259,10.60525956]}},{"type":"Feature","properties":{"obj_type":"12-Non-residential Buildings","name":"Unknown","info":"127-Other non-residential buildings","simplified":"Non residential","damage_gra":"Destroyed","det_method":"Photo-interpretation","notation":"Building point","or_src_id":2,"dmg_src_id":3,"cd_value":"Not Applicable"},"geometry":{"type":"Point","coordinates":[-67.02619035,10.60526094]}},{"type":"Feature","properties":{"obj_type":"12-Non-residential Buildings","name":"Unknown","info":"127-Other non-residential buildings","simplified":"Non residential","damage_gra":"Destroyed","det_method":"Photo-interpretation","notation":"Building point","or_src_id":2,"dmg_src_id":3,"cd_value":"Not Applicable"},"geometry":{"type":"Point","coordinates":[-67.02594118,10.60530129]}},{"type":"Feature","properties":{"obj_type":"995-Unclassified","name":"Unknown","info":"997-Not Applicable","simplified":"Unclassified","damage_gra":"Destroyed","det_method":"Photo-interpretation","notation":"Building point","or_src_id":978,"dmg_src_id":3,"cd_value":"Not Applicable"},"geometry":{"type":"Point","coordinates":[-67.02786161,10.60543064]}},{"type":"Feature","properties":{"obj_type":"12-Non-residential Buildings","name":"Unknown","info":"127-Other non-residential buildings","simplified":"Non residential","damage_gra":"Destroyed","det_method":"Photo-interpretation","notation":"Building point","or_src_id":2,"dmg_src_id":3,"cd_value":"Not Applicable"},"geometry":{"type":"Point","coordinates":[-67.02602071,10.60581647]}},{"type":"Feature","properties":{"obj_type":"995-Unclassified","name":"Unknown","info":"997-Not Applicable","simplified":"Unclassified","damage_gra":"Destroyed","det_method":"Photo-interpretation","notation":"Building point","or_src_id":978,"dmg_src_id":3,"cd_value":"Not Applicable"},"geometry":{"type":"Point","coordinates":[-67.0260449,10.60592314]}},{"type":"Feature","properties":{"obj_type":"995-Unclassified","name":"Unknown","info":"997-Not Applicable","simplified":"Unclassified","damage_gra":"Damaged","det_method":"Photo-interpretation","notation":"Building point","or_src_id":978,"dmg_src_id":3,"cd_value":"Not Applicable"},"geometry":{"type":"Point","coordinates":[-67.0364596,10.6055312]}},{"type":"Feature","properties":{"obj_type":"12-Non-residential Buildings","name":"Unknown","info":"127-Other non-residential buildings","simplified":"Non residential","damage_gra":"Destroyed","det_method":"Photo-interpretation","notation":"Building point","or_src_id":2,"dmg_src_id":3,"cd_value":"Not Applicable"},"geometry":{"type":"Point","coordinates":[-67.03641434,10.60555716]}},{"type":"Feature","properties":{"obj_type":"12-Non-residential Buildings","name":"Unknown","info":"127-Other non-residential buildings","simplified":"Non residential","damage_gra":"Damaged","det_method":"Photo-interpretation","notation":"Building point","or_src_id":2,"dmg_src_id":3,"cd_value":"Not Applicable"},"geometry":{"type":"Point","coordinates":[-67.03634531,10.60561522]}},{"type":"Feature","properties":{"obj_type":"12-Non-residential Buildings","name":"Unknown","info":"127-Other non-residential buildings","simplified":"Non residential","damage_gra":"Destroyed","det_method":"Photo-interpretation","notation":"Building point","or_src_id":2,"dmg_src_id":3,"cd_value":"Not Applicable"},"geometry":{"type":"Point","coordinates":[-67.03641962,10.60562606]}},{"type":"Feature","properties":{"obj_type":"995-Unclassified","name":"Unknown","info":"997-Not Applicable","simplified":"Unclassified","damage_gra":"Possibly damaged","det_method":"Photo-interpretation","notation":"Building point","or_src_id":978,"dmg_src_id":3,"cd_value":"Not Applicable"},"geometry":{"type":"Point","coordinates":[-67.03603667,10.60565284]}},{"type":"Feature","properties":{"obj_type":"995-Unclassified","name":"Unknown","info":"997-Not Applicable","simplified":"Unclassified","damage_gra":"Possibly damaged","det_method":"Photo-interpretation","notation":"Building point","or_src_id":978,"dmg_src_id":3,"cd_value":"Not Applicable"},"geometry":{"type":"Point","coordinates":[-67.03650505,10.60567245]}},{"type":"Feature","properties":{"obj_type":"995-Unclassified","name":"Unknown","info":"997-Not Applicable","simplified":"Unclassified","damage_gra":"Damaged","det_method":"Photo-interpretation","notation":"Building point","or_src_id":978,"dmg_src_id":3,"cd_value":"Not Applicable"},"geometry":{"type":"Point","coordinates":[-67.03594667,10.60583043]}},{"type":"Feature","properties":{"obj_type":"995-Unclassified","name":"Unknown","info":"997-Not Applicable","simplified":"Unclassified","damage_gra":"Possibly damaged","det_method":"Photo-interpretation","notation":"Building point","or_src_id":978,"dmg_src_id":3,"cd_value":"Not Applicable"},"geometry":{"type":"Point","coordinates":[-67.03554682,10.60585199]}},{"type":"Feature","properties":{"obj_type":"12-Non-residential Buildings","name":"Unknown","info":"127-Other non-residential buildings","simplified":"Non residential","damage_gra":"Damaged","det_method":"Photo-interpretation","notation":"Building point","or_src_id":2,"dmg_src_id":3,"cd_value":"Not Applicable"},"geometry":{"type":"Point","coordinates":[-67.03711169,10.60600427]}},{"type":"Feature","properties":{"obj_type":"995-Unclassified","name":"Unknown","info":"997-Not Applicable","simplified":"Unclassified","damage_gra":"Possibly damaged","det_method":"Photo-interpretation","notation":"Building point","or_src_id":978,"dmg_src_id":3,"cd_value":"Not Applicable"},"geometry":{"type":"Point","coordinates":[-67.03620655,10.60604423]}},{"type":"Feature","properties":{"obj_type":"995-Unclassified","name":"Unknown","info":"997-Not Applicable","simplified":"Unclassified","damage_gra":"Possibly damaged","det_method":"Photo-interpretation","notation":"Building point","or_src_id":978,"dmg_src_id":3,"cd_value":"Not Applicable"},"geometry":{"type":"Point","coordinates":[-67.03213239,10.60529642]}},{"type":"Feature","properties":{"obj_type":"995-Unclassified","name":"Unknown","info":"997-Not Applicable","simplified":"Unclassified","damage_gra":"Destroyed","det_method":"Photo-interpretation","notation":"Building point","or_src_id":978,"dmg_src_id":3,"cd_value":"Not Applicable"},"geometry":{"type":"Point","coordinates":[-67.03119845,10.60534885]}},{"type":"Feature","properties":{"obj_type":"995-Unclassified","name":"Unknown","info":"997-Not Applicable","simplified":"Unclassified","damage_gra":"Destroyed","det_method":"Photo-interpretation","notation":"Building point","or_src_id":978,"dmg_src_id":3,"cd_value":"Not Applicable"},"geometry":{"type":"Point","coordinates":[-67.03189633,10.60536765]}},{"type":"Feature","properties":{"obj_type":"995-Unclassified","name":"Unknown","info":"997-Not Applicable","simplified":"Unclassified","damage_gra":"Damaged","det_method":"Photo-interpretation","notation":"Building point","or_src_id":978,"dmg_src_id":3,"cd_value":"Not Applicable"},"geometry":{"type":"Point","coordinates":[-67.0311253,10.60541325]}},{"type":"Feature","properties":{"obj_type":"995-Unclassified","name":"Unknown","info":"997-Not Applicable","simplified":"Unclassified","damage_gra":"Possibly damaged","det_method":"Photo-interpretation","notation":"Building point","or_src_id":978,"dmg_src_id":3,"cd_value":"Not Applicable"},"geometry":{"type":"Point","coordinates":[-67.031166,10.60544645]}},{"type":"Feature","properties":{"obj_type":"995-Unclassified","name":"Unknown","info":"997-Not Applicable","simplified":"Unclassified","damage_gra":"Damaged","det_method":"Photo-interpretation","notation":"Building point","or_src_id":978,"dmg_src_id":3,"cd_value":"Not Applicable"},"geometry":{"type":"Point","coordinates":[-67.0322588,10.60552845]}},{"type":"Feature","properties":{"obj_type":"995-Unclassified","name":"Unknown","info":"997-Not Applicable","simplified":"Unclassified","damage_gra":"Destroyed","det_method":"Photo-interpretation","notation":"Building point","or_src_id":978,"dmg_src_id":3,"cd_value":"Not Applicable"},"geometry":{"type":"Point","coordinates":[-67.03214534,10.60553091]}},{"type":"Feature","properties":{"obj_type":"995-Unclassified","name":"Unknown","info":"997-Not Applicable","simplified":"Unclassified","damage_gra":"Possibly damaged","det_method":"Photo-interpretation","notation":"Building point","or_src_id":978,"dmg_src_id":3,"cd_value":"Not Applicable"},"geometry":{"type":"Point","coordinates":[-67.03015925,10.6061983]}},{"type":"Feature","properties":{"obj_type":"12-Non-residential Buildings","name":"Unknown","info":"127-Other non-residential buildings","simplified":"Non residential","damage_gra":"Destroyed","det_method":"Photo-interpretation","notation":"Building point","or_src_id":2,"dmg_src_id":3,"cd_value":"Not Applicable"},"geometry":{"type":"Point","coordinates":[-67.02961002,10.60631437]}},{"type":"Feature","properties":{"obj_type":"995-Unclassified","name":"Unknown","info":"997-Not Applicable","simplified":"Unclassified","damage_gra":"Damaged","det_method":"Photo-interpretation","notation":"Building point","or_src_id":978,"dmg_src_id":3,"cd_value":"Not Applicable"},"geometry":{"type":"Point","coordinates":[-67.02976074,10.60651793]}},{"type":"Feature","properties":{"obj_type":"12-Non-residential Buildings","name":"Unknown","info":"127-Other non-residential buildings","simplified":"Non residential","damage_gra":"Possibly damaged","det_method":"Photo-interpretation","notation":"Building point","or_src_id":2,"dmg_src_id":3,"cd_value":"Not Applicable"},"geometry":{"type":"Point","coordinates":[-67.03387809,10.60606614]}},{"type":"Feature","properties":{"obj_type":"995-Unclassified","name":"Unknown","info":"997-Not Applicable","simplified":"Unclassified","damage_gra":"Possibly damaged","det_method":"Photo-interpretation","notation":"Building point","or_src_id":978,"dmg_src_id":3,"cd_value":"Not Applicable"},"geometry":{"type":"Point","coordinates":[-67.03515701,10.60609526]}},{"type":"Feature","properties":{"obj_type":"12-Non-residential Buildings","name":"Unknown","info":"127-Other non-residential buildings","simplified":"Non residential","damage_gra":"Destroyed","det_method":"Photo-interpretation","notation":"Building point","or_src_id":2,"dmg_src_id":3,"cd_value":"Not Applicable"},"geometry":{"type":"Point","coordinates":[-67.03524235,10.60609736]}},{"type":"Feature","properties":{"obj_type":"995-Unclassified","name":"Unknown","info":"997-Not Applicable","simplified":"Unclassified","damage_gra":"Damaged","det_method":"Photo-interpretation","notation":"Building point","or_src_id":978,"dmg_src_id":3,"cd_value":"Not Applicable"},"geometry":{"type":"Point","coordinates":[-67.0361149,10.60620515]}},{"type":"Feature","properties":{"obj_type":"995-Unclassified","name":"Unknown","info":"997-Not Applicable","simplified":"Unclassified","damage_gra":"Possibly damaged","det_method":"Photo-interpretation","notation":"Building point","or_src_id":978,"dmg_src_id":3,"cd_value":"Not Applicable"},"geometry":{"type":"Point","coordinates":[-67.03601487,10.60620867]}},{"type":"Feature","properties":{"obj_type":"995-Unclassified","name":"Unknown","info":"997-Not Applicable","simplified":"Unclassified","damage_gra":"Possibly damaged","det_method":"Photo-interpretation","notation":"Building point","or_src_id":978,"dmg_src_id":3,"cd_value":"Not Applicable"},"geometry":{"type":"Point","coordinates":[-67.03610818,10.60631397]}},{"type":"Feature","properties":{"obj_type":"995-Unclassified","name":"Unknown","info":"997-Not Applicable","simplified":"Unclassified","damage_gra":"Damaged","det_method":"Photo-interpretation","notation":"Building point","or_src_id":978,"dmg_src_id":3,"cd_value":"Not Applicable"},"geometry":{"type":"Point","coordinates":[-67.03524365,10.60634745]}},{"type":"Feature","properties":{"obj_type":"995-Unclassified","name":"Unknown","info":"997-Not Applicable","simplified":"Unclassified","damage_gra":"Destroyed","det_method":"Photo-interpretation","notation":"Building point","or_src_id":978,"dmg_src_id":3,"cd_value":"Not Applicable"},"geometry":{"type":"Point","coordinates":[-67.03486627,10.60639539]}},{"type":"Feature","properties":{"obj_type":"995-Unclassified","name":"Unknown","info":"997-Not Applicable","simplified":"Unclassified","damage_gra":"Destroyed","det_method":"Photo-interpretation","notation":"Building point","or_src_id":978,"dmg_src_id":3,"cd_value":"Not Applicable"},"geometry":{"type":"Point","coordinates":[-67.03531626,10.60648684]}},{"type":"Feature","properties":{"obj_type":"12-Non-residential Buildings","name":"Unknown","info":"127-Other non-residential buildings","simplified":"Non residential","damage_gra":"Destroyed","det_method":"Photo-interpretation","notation":"Building point","or_src_id":2,"dmg_src_id":3,"cd_value":"Not Applicable"},"geometry":{"type":"Point","coordinates":[-67.03554237,10.60651892]}},{"type":"Feature","properties":{"obj_type":"995-Unclassified","name":"Unknown","info":"997-Not Applicable","simplified":"Unclassified","damage_gra":"Damaged","det_method":"Photo-interpretation","notation":"Building point","or_src_id":978,"dmg_src_id":3,"cd_value":"Not Applicable"},"geometry":{"type":"Point","coordinates":[-67.02582399,10.60594032]}},{"type":"Feature","properties":{"obj_type":"12-Non-residential Buildings","name":"Unknown","info":"127-Other non-residential buildings","simplified":"Non residential","damage_gra":"Destroyed","det_method":"Photo-interpretation","notation":"Building point","or_src_id":2,"dmg_src_id":3,"cd_value":"Not Applicable"},"geometry":{"type":"Point","coordinates":[-67.02647361,10.60609839]}},{"type":"Feature","properties":{"obj_type":"12-Non-residential Buildings","name":"Unknown","info":"127-Other non-residential buildings","simplified":"Non residential","damage_gra":"Possibly damaged","det_method":"Photo-interpretation","notation":"Building point","or_src_id":2,"dmg_src_id":3,"cd_value":"Not Applicable"},"geometry":{"type":"Point","coordinates":[-67.02627995,10.6061535]}},{"type":"Feature","properties":{"obj_type":"995-Unclassified","name":"Unknown","info":"997-Not Applicable","simplified":"Unclassified","damage_gra":"Possibly damaged","det_method":"Photo-interpretation","notation":"Building point","or_src_id":978,"dmg_src_id":3,"cd_value":"Not Applicable"},"geometry":{"type":"Point","coordinates":[-67.02636808,10.60616703]}},{"type":"Feature","properties":{"obj_type":"995-Unclassified","name":"Unknown","info":"997-Not Applicable","simplified":"Unclassified","damage_gra":"Possibly damaged","det_method":"Photo-interpretation","notation":"Building point","or_src_id":978,"dmg_src_id":3,"cd_value":"Not Applicable"},"geometry":{"type":"Point","coordinates":[-67.02634549,10.60650142]}},{"type":"Feature","properties":{"obj_type":"995-Unclassified","name":"Unknown","info":"997-Not Applicable","simplified":"Unclassified","damage_gra":"Possibly damaged","det_method":"Photo-interpretation","notation":"Building point","or_src_id":978,"dmg_src_id":3,"cd_value":"Not Applicable"},"geometry":{"type":"Point","coordinates":[-67.02659959,10.60650602]}},{"type":"Feature","properties":{"obj_type":"12-Non-residential Buildings","name":"Unknown","info":"127-Other non-residential buildings","simplified":"Non residential","damage_gra":"Destroyed","det_method":"Photo-interpretation","notation":"Building point","or_src_id":2,"dmg_src_id":3,"cd_value":"Not Applicable"},"geometry":{"type":"Point","coordinates":[-67.02926625,10.60747467]}},{"type":"Feature","properties":{"obj_type":"12-Non-residential Buildings","name":"Unknown","info":"127-Other non-residential buildings","simplified":"Non residential","damage_gra":"Destroyed","det_method":"Photo-interpretation","notation":"Building point","or_src_id":2,"dmg_src_id":3,"cd_value":"Not Applicable"},"geometry":{"type":"Point","coordinates":[-67.02929414,10.60752422]}},{"type":"Feature","properties":{"obj_type":"12-Non-residential Buildings","name":"Unknown","info":"127-Other non-residential buildings","simplified":"Non residential","damage_gra":"Damaged","det_method":"Photo-interpretation","notation":"Building point","or_src_id":2,"dmg_src_id":3,"cd_value":"Not Applicable"},"geometry":{"type":"Point","coordinates":[-67.02878299,10.60754463]}},{"type":"Feature","properties":{"obj_type":"995-Unclassified","name":"Unknown","info":"997-Not Applicable","simplified":"Unclassified","damage_gra":"Possibly damaged","det_method":"Photo-interpretation","notation":"Building point","or_src_id":978,"dmg_src_id":3,"cd_value":"Not Applicable"},"geometry":{"type":"Point","coordinates":[-67.02861545,10.6075756]}},{"type":"Feature","properties":{"obj_type":"995-Unclassified","name":"Unknown","info":"997-Not Applicable","simplified":"Unclassified","damage_gra":"Destroyed","det_method":"Photo-interpretation","notation":"Building point","or_src_id":978,"dmg_src_id":3,"cd_value":"Not Applicable"},"geometry":{"type":"Point","coordinates":[-67.03509407,10.60660485]}},{"type":"Feature","properties":{"obj_type":"12-Non-residential Buildings","name":"Unknown","info":"127-Other non-residential buildings","simplified":"Non residential","damage_gra":"Destroyed","det_method":"Photo-interpretation","notation":"Building point","or_src_id":2,"dmg_src_id":3,"cd_value":"Not Applicable"},"geometry":{"type":"Point","coordinates":[-67.0347326,10.60699193]}},{"type":"Feature","properties":{"obj_type":"995-Unclassified","name":"Unknown","info":"997-Not Applicable","simplified":"Unclassified","damage_gra":"Damaged","det_method":"Photo-interpretation","notation":"Building point","or_src_id":978,"dmg_src_id":3,"cd_value":"Not Applicable"},"geometry":{"type":"Point","coordinates":[-67.03444943,10.60703622]}},{"type":"Feature","properties":{"obj_type":"12-Non-residential Buildings","name":"Unknown","info":"127-Other non-residential buildings","simplified":"Non residential","damage_gra":"Damaged","det_method":"Photo-interpretation","notation":"Building point","or_src_id":2,"dmg_src_id":3,"cd_value":"Not Applicable"},"geometry":{"type":"Point","coordinates":[-67.03480856,10.60704429]}},{"type":"Feature","properties":{"obj_type":"995-Unclassified","name":"Unknown","info":"997-Not Applicable","simplified":"Unclassified","damage_gra":"Damaged","det_method":"Photo-interpretation","notation":"Building point","or_src_id":978,"dmg_src_id":3,"cd_value":"Not Applicable"},"geometry":{"type":"Point","coordinates":[-67.03453005,10.60706035]}},{"type":"Feature","properties":{"obj_type":"12-Non-residential Buildings","name":"Unknown","info":"127-Other non-residential buildings","simplified":"Non residential","damage_gra":"Damaged","det_method":"Photo-interpretation","notation":"Building point","or_src_id":2,"dmg_src_id":3,"cd_value":"Not Applicable"},"geometry":{"type":"Point","coordinates":[-67.03489128,10.6070816]}},{"type":"Feature","properties":{"obj_type":"995-Unclassified","name":"Unknown","info":"997-Not Applicable","simplified":"Unclassified","damage_gra":"Damaged","det_method":"Photo-interpretation","notation":"Building point","or_src_id":978,"dmg_src_id":3,"cd_value":"Not Applicable"},"geometry":{"type":"Point","coordinates":[-67.03459346,10.60708405]}},{"type":"Feature","properties":{"obj_type":"995-Unclassified","name":"Unknown","info":"997-Not Applicable","simplified":"Unclassified","damage_gra":"Damaged","det_method":"Photo-interpretation","notation":"Building point","or_src_id":978,"dmg_src_id":3,"cd_value":"Not Applicable"},"geometry":{"type":"Point","coordinates":[-67.03475014,10.60709746]}},{"type":"Feature","properties":{"obj_type":"995-Unclassified","name":"Unknown","info":"997-Not Applicable","simplified":"Unclassified","damage_gra":"Possibly damaged","det_method":"Photo-interpretation","notation":"Building point","or_src_id":978,"dmg_src_id":3,"cd_value":"Not Applicable"},"geometry":{"type":"Point","coordinates":[-67.03466027,10.60710266]}},{"type":"Feature","properties":{"obj_type":"12-Non-residential Buildings","name":"Unknown","info":"127-Other non-residential buildings","simplified":"Non residential","damage_gra":"Destroyed","det_method":"Photo-interpretation","notation":"Building point","or_src_id":2,"dmg_src_id":3,"cd_value":"Not Applicable"},"geometry":{"type":"Point","coordinates":[-67.03443415,10.60713912]}},{"type":"Feature","properties":{"obj_type":"995-Unclassified","name":"Unknown","info":"997-Not Applicable","simplified":"Unclassified","damage_gra":"Destroyed","det_method":"Photo-interpretation","notation":"Building point","or_src_id":978,"dmg_src_id":3,"cd_value":"Not Applicable"},"geometry":{"type":"Point","coordinates":[-67.03473047,10.60715681]}},{"type":"Feature","properties":{"obj_type":"995-Unclassified","name":"Unknown","info":"997-Not Applicable","simplified":"Unclassified","damage_gra":"Damaged","det_method":"Photo-interpretation","notation":"Building point","or_src_id":978,"dmg_src_id":3,"cd_value":"Not Applicable"},"geometry":{"type":"Point","coordinates":[-67.03484427,10.60716073]}},{"type":"Feature","properties":{"obj_type":"995-Unclassified","name":"Unknown","info":"997-Not Applicable","simplified":"Unclassified","damage_gra":"Damaged","det_method":"Photo-interpretation","notation":"Building point","or_src_id":978,"dmg_src_id":3,"cd_value":"Not Applicable"},"geometry":{"type":"Point","coordinates":[-67.03543612,10.60719474]}},{"type":"Feature","properties":{"obj_type":"995-Unclassified","name":"Unknown","info":"997-Not Applicable","simplified":"Unclassified","damage_gra":"Destroyed","det_method":"Photo-interpretation","notation":"Building point","or_src_id":978,"dmg_src_id":3,"cd_value":"Not Applicable"},"geometry":{"type":"Point","coordinates":[-67.03477724,10.60722557]}},{"type":"Feature","properties":{"obj_type":"995-Unclassified","name":"Unknown","info":"997-Not Applicable","simplified":"Unclassified","damage_gra":"Damaged","det_method":"Photo-interpretation","notation":"Building point","or_src_id":978,"dmg_src_id":3,"cd_value":"Not Applicable"},"geometry":{"type":"Point","coordinates":[-67.03489427,10.60723026]}},{"type":"Feature","properties":{"obj_type":"12-Non-residential Buildings","name":"Unknown","info":"127-Other non-residential buildings","simplified":"Non residential","damage_gra":"Damaged","det_method":"Photo-interpretation","notation":"Building point","or_src_id":2,"dmg_src_id":3,"cd_value":"Not Applicable"},"geometry":{"type":"Point","coordinates":[-67.03446502,10.60723271]}},{"type":"Feature","properties":{"obj_type":"995-Unclassified","name":"Unknown","info":"997-Not Applicable","simplified":"Unclassified","damage_gra":"Damaged","det_method":"Photo-interpretation","notation":"Building point","or_src_id":978,"dmg_src_id":3,"cd_value":"Not Applicable"},"geometry":{"type":"Point","coordinates":[-67.0355756,10.6073009]}},{"type":"Feature","properties":{"obj_type":"995-Unclassified","name":"Unknown","info":"997-Not Applicable","simplified":"Unclassified","damage_gra":"Damaged","det_method":"Photo-interpretation","notation":"Building point","or_src_id":978,"dmg_src_id":3,"cd_value":"Not Applicable"},"geometry":{"type":"Point","coordinates":[-67.0354522,10.60731325]}},{"type":"Feature","properties":{"obj_type":"995-Unclassified","name":"Unknown","info":"997-Not Applicable","simplified":"Unclassified","damage_gra":"Possibly damaged","det_method":"Photo-interpretation","notation":"Building point","or_src_id":978,"dmg_src_id":3,"cd_value":"Not Applicable"},"geometry":{"type":"Point","coordinates":[-67.03459815,10.60776625]}},{"type":"Feature","properties":{"obj_type":"995-Unclassified","name":"Unknown","info":"997-Not Applicable","simplified":"Unclassified","damage_gra":"Damaged","det_method":"Photo-interpretation","notation":"Building point","or_src_id":978,"dmg_src_id":3,"cd_value":"Not Applicable"},"geometry":{"type":"Point","coordinates":[-67.03429593,10.60782411]}},{"type":"Feature","properties":{"obj_type":"12-Non-residential Buildings","name":"Unknown","info":"127-Other non-residential buildings","simplified":"Non residential","damage_gra":"Possibly damaged","det_method":"Photo-interpretation","notation":"Building point","or_src_id":2,"dmg_src_id":3,"cd_value":"Not Applicable"},"geometry":{"type":"Point","coordinates":[-67.02999636,10.60735842]}},{"type":"Feature","properties":{"obj_type":"12-Non-residential Buildings","name":"Unknown","info":"127-Other non-residential buildings","simplified":"Non residential","damage_gra":"Destroyed","det_method":"Photo-interpretation","notation":"Building point","or_src_id":2,"dmg_src_id":3,"cd_value":"Not Applicable"},"geometry":{"type":"Point","coordinates":[-67.02955211,10.60739381]}},{"type":"Feature","properties":{"obj_type":"995-Unclassified","name":"Unknown","info":"997-Not Applicable","simplified":"Unclassified","damage_gra":"Damaged","det_method":"Photo-interpretation","notation":"Building point","or_src_id":978,"dmg_src_id":3,"cd_value":"Not Applicable"},"geometry":{"type":"Point","coordinates":[-67.0315225,10.6074809]}},{"type":"Feature","properties":{"obj_type":"995-Unclassified","name":"Unknown","info":"997-Not Applicable","simplified":"Unclassified","damage_gra":"Damaged","det_method":"Photo-interpretation","notation":"Building point","or_src_id":978,"dmg_src_id":3,"cd_value":"Not Applicable"},"geometry":{"type":"Point","coordinates":[-67.0296472,10.60775652]}},{"type":"Feature","properties":{"obj_type":"995-Unclassified","name":"Unknown","info":"997-Not Applicable","simplified":"Unclassified","damage_gra":"Destroyed","det_method":"Photo-interpretation","notation":"Building point","or_src_id":978,"dmg_src_id":3,"cd_value":"Not Applicable"},"geometry":{"type":"Point","coordinates":[-67.03269553,10.60793496]}},{"type":"Feature","properties":{"obj_type":"995-Unclassified","name":"Unknown","info":"997-Not Applicable","simplified":"Unclassified","damage_gra":"Destroyed","det_method":"Photo-interpretation","notation":"Building point","or_src_id":978,"dmg_src_id":3,"cd_value":"Not Applicable"},"geometry":{"type":"Point","coordinates":[-67.03254219,10.60806533]}},{"type":"Feature","properties":{"obj_type":"995-Unclassified","name":"Unknown","info":"997-Not Applicable","simplified":"Unclassified","damage_gra":"Damaged","det_method":"Photo-interpretation","notation":"Building point","or_src_id":978,"dmg_src_id":3,"cd_value":"Not Applicable"},"geometry":{"type":"Point","coordinates":[-67.03241215,10.6081439]}},{"type":"Feature","properties":{"obj_type":"995-Unclassified","name":"Unknown","info":"997-Not Applicable","simplified":"Unclassified","damage_gra":"Destroyed","det_method":"Photo-interpretation","notation":"Building point","or_src_id":978,"dmg_src_id":3,"cd_value":"Not Applicable"},"geometry":{"type":"Point","coordinates":[-67.0325796,10.6081553]}},{"type":"Feature","properties":{"obj_type":"995-Unclassified","name":"Unknown","info":"997-Not Applicable","simplified":"Unclassified","damage_gra":"Destroyed","det_method":"Photo-interpretation","notation":"Building point","or_src_id":978,"dmg_src_id":3,"cd_value":"Not Applicable"},"geometry":{"type":"Point","coordinates":[-67.02973159,10.60816788]}},{"type":"Feature","properties":{"obj_type":"995-Unclassified","name":"Unknown","info":"997-Not Applicable","simplified":"Unclassified","damage_gra":"Possibly damaged","det_method":"Photo-interpretation","notation":"Building point","or_src_id":978,"dmg_src_id":3,"cd_value":"Not Applicable"},"geometry":{"type":"Point","coordinates":[-67.03320296,10.60817078]}},{"type":"Feature","properties":{"obj_type":"995-Unclassified","name":"Unknown","info":"997-Not Applicable","simplified":"Unclassified","damage_gra":"Damaged","det_method":"Photo-interpretation","notation":"Building point","or_src_id":978,"dmg_src_id":3,"cd_value":"Not Applicable"},"geometry":{"type":"Point","coordinates":[-67.03454496,10.60783671]}},{"type":"Feature","properties":{"obj_type":"995-Unclassified","name":"Unknown","info":"997-Not Applicable","simplified":"Unclassified","damage_gra":"Damaged","det_method":"Photo-interpretation","notation":"Building point","or_src_id":978,"dmg_src_id":3,"cd_value":"Not Applicable"},"geometry":{"type":"Point","coordinates":[-67.03446328,10.60790493]}},{"type":"Feature","properties":{"obj_type":"995-Unclassified","name":"Unknown","info":"997-Not Applicable","simplified":"Unclassified","damage_gra":"Possibly damaged","det_method":"Photo-interpretation","notation":"Building point","or_src_id":978,"dmg_src_id":3,"cd_value":"Not Applicable"},"geometry":{"type":"Point","coordinates":[-67.03455847,10.60795576]}},{"type":"Feature","properties":{"obj_type":"995-Unclassified","name":"Unknown","info":"997-Not Applicable","simplified":"Unclassified","damage_gra":"Damaged","det_method":"Photo-interpretation","notation":"Building point","or_src_id":978,"dmg_src_id":3,"cd_value":"Not Applicable"},"geometry":{"type":"Point","coordinates":[-67.03372695,10.60798275]}},{"type":"Feature","properties":{"obj_type":"995-Unclassified","name":"Unknown","info":"997-Not Applicable","simplified":"Unclassified","damage_gra":"Damaged","det_method":"Photo-interpretation","notation":"Building point","or_src_id":978,"dmg_src_id":3,"cd_value":"Not Applicable"},"geometry":{"type":"Point","coordinates":[-67.03388049,10.60801643]}},{"type":"Feature","properties":{"obj_type":"995-Unclassified","name":"Unknown","info":"997-Not Applicable","simplified":"Unclassified","damage_gra":"Damaged","det_method":"Photo-interpretation","notation":"Building point","or_src_id":978,"dmg_src_id":3,"cd_value":"Not Applicable"},"geometry":{"type":"Point","coordinates":[-67.0343482,10.60804105]}},{"type":"Feature","properties":{"obj_type":"995-Unclassified","name":"Unknown","info":"997-Not Applicable","simplified":"Unclassified","damage_gra":"Possibly damaged","det_method":"Photo-interpretation","notation":"Building point","or_src_id":978,"dmg_src_id":3,"cd_value":"Not Applicable"},"geometry":{"type":"Point","coordinates":[-67.0345255,10.6080596]}},{"type":"Feature","properties":{"obj_type":"995-Unclassified","name":"Unknown","info":"997-Not Applicable","simplified":"Unclassified","damage_gra":"Damaged","det_method":"Photo-interpretation","notation":"Building point","or_src_id":978,"dmg_src_id":3,"cd_value":"Not Applicable"},"geometry":{"type":"Point","coordinates":[-67.0349197,10.60807208]}},{"type":"Feature","properties":{"obj_type":"995-Unclassified","name":"Unknown","info":"997-Not Applicable","simplified":"Unclassified","damage_gra":"Destroyed","det_method":"Photo-interpretation","notation":"Building point","or_src_id":978,"dmg_src_id":3,"cd_value":"Not Applicable"},"geometry":{"type":"Point","coordinates":[-67.03512155,10.60810495]}},{"type":"Feature","properties":{"obj_type":"995-Unclassified","name":"Unknown","info":"997-Not Applicable","simplified":"Unclassified","damage_gra":"Destroyed","det_method":"Photo-interpretation","notation":"Building point","or_src_id":978,"dmg_src_id":3,"cd_value":"Not Applicable"},"geometry":{"type":"Point","coordinates":[-67.03520095,10.60810695]}},{"type":"Feature","properties":{"obj_type":"12-Non-residential Buildings","name":"Unknown","info":"127-Other non-residential buildings","simplified":"Non residential","damage_gra":"Destroyed","det_method":"Photo-interpretation","notation":"Building point","or_src_id":2,"dmg_src_id":3,"cd_value":"Not Applicable"},"geometry":{"type":"Point","coordinates":[-67.02869159,10.60758592]}},{"type":"Feature","properties":{"obj_type":"12-Non-residential Buildings","name":"Unknown","info":"127-Other non-residential buildings","simplified":"Non residential","damage_gra":"Destroyed","det_method":"Photo-interpretation","notation":"Building point","or_src_id":2,"dmg_src_id":3,"cd_value":"Not Applicable"},"geometry":{"type":"Point","coordinates":[-67.02873659,10.60767529]}},{"type":"Feature","properties":{"obj_type":"995-Unclassified","name":"Unknown","info":"997-Not Applicable","simplified":"Unclassified","damage_gra":"Destroyed","det_method":"Photo-interpretation","notation":"Building point","or_src_id":978,"dmg_src_id":3,"cd_value":"Not Applicable"},"geometry":{"type":"Point","coordinates":[-67.02867453,10.60768909]}},{"type":"Feature","properties":{"obj_type":"995-Unclassified","name":"Unknown","info":"997-Not Applicable","simplified":"Unclassified","damage_gra":"Possibly damaged","det_method":"Photo-interpretation","notation":"Building point","or_src_id":978,"dmg_src_id":3,"cd_value":"Not Applicable"},"geometry":{"type":"Point","coordinates":[-67.02858123,10.60768971]}},{"type":"Feature","properties":{"obj_type":"995-Unclassified","name":"Unknown","info":"997-Not Applicable","simplified":"Unclassified","damage_gra":"Destroyed","det_method":"Photo-interpretation","notation":"Building point","or_src_id":978,"dmg_src_id":3,"cd_value":"Not Applicable"},"geometry":{"type":"Point","coordinates":[-67.02884148,10.60769836]}},{"type":"Feature","properties":{"obj_type":"995-Unclassified","name":"Unknown","info":"997-Not Applicable","simplified":"Unclassified","damage_gra":"Possibly damaged","det_method":"Photo-interpretation","notation":"Building point","or_src_id":978,"dmg_src_id":3,"cd_value":"Not Applicable"},"geometry":{"type":"Point","coordinates":[-67.02588795,10.60778835]}},{"type":"Feature","properties":{"obj_type":"995-Unclassified","name":"Unknown","info":"997-Not Applicable","simplified":"Unclassified","damage_gra":"Possibly damaged","det_method":"Photo-interpretation","notation":"Building point","or_src_id":978,"dmg_src_id":3,"cd_value":"Not Applicable"},"geometry":{"type":"Point","coordinates":[-67.02941926,10.60807422]}},{"type":"Feature","properties":{"obj_type":"12-Non-residential Buildings","name":"Unknown","info":"127-Other non-residential buildings","simplified":"Non residential","damage_gra":"Destroyed","det_method":"Photo-interpretation","notation":"Building point","or_src_id":2,"dmg_src_id":3,"cd_value":"Not Applicable"},"geometry":{"type":"Point","coordinates":[-67.02943821,10.60821697]}},{"type":"Feature","properties":{"obj_type":"995-Unclassified","name":"Unknown","info":"997-Not Applicable","simplified":"Unclassified","damage_gra":"Possibly damaged","det_method":"Photo-interpretation","notation":"Building point","or_src_id":978,"dmg_src_id":3,"cd_value":"Not Applicable"},"geometry":{"type":"Point","coordinates":[-67.02902113,10.6082977]}},{"type":"Feature","properties":{"obj_type":"995-Unclassified","name":"Unknown","info":"997-Not Applicable","simplified":"Unclassified","damage_gra":"Destroyed","det_method":"Photo-interpretation","notation":"Building point","or_src_id":978,"dmg_src_id":3,"cd_value":"Not Applicable"},"geometry":{"type":"Point","coordinates":[-67.02915705,10.6084104]}},{"type":"Feature","properties":{"obj_type":"995-Unclassified","name":"Unknown","info":"997-Not Applicable","simplified":"Unclassified","damage_gra":"Destroyed","det_method":"Photo-interpretation","notation":"Building point","or_src_id":978,"dmg_src_id":3,"cd_value":"Not Applicable"},"geometry":{"type":"Point","coordinates":[-67.03501582,10.60814174]}},{"type":"Feature","properties":{"obj_type":"995-Unclassified","name":"Unknown","info":"997-Not Applicable","simplified":"Unclassified","damage_gra":"Damaged","det_method":"Photo-interpretation","notation":"Building point","or_src_id":978,"dmg_src_id":3,"cd_value":"Not Applicable"},"geometry":{"type":"Point","coordinates":[-67.03447475,10.6081513]}},{"type":"Feature","properties":{"obj_type":"995-Unclassified","name":"Unknown","info":"997-Not Applicable","simplified":"Unclassified","damage_gra":"Damaged","det_method":"Photo-interpretation","notation":"Building point","or_src_id":978,"dmg_src_id":3,"cd_value":"Not Applicable"},"geometry":{"type":"Point","coordinates":[-67.03357543,10.60815874]}},{"type":"Feature","properties":{"obj_type":"12-Non-residential Buildings","name":"Unknown","info":"127-Other non-residential buildings","simplified":"Non residential","damage_gra":"Damaged","det_method":"Photo-interpretation","notation":"Building point","or_src_id":2,"dmg_src_id":3,"cd_value":"Not Applicable"},"geometry":{"type":"Point","coordinates":[-67.02244699,10.607193]}},{"type":"Feature","properties":{"obj_type":"12-Non-residential Buildings","name":"Unknown","info":"127-Other non-residential buildings","simplified":"Non residential","damage_gra":"Damaged","det_method":"Photo-interpretation","notation":"Building point","or_src_id":2,"dmg_src_id":3,"cd_value":"Not Applicable"},"geometry":{"type":"Point","coordinates":[-67.02477061,10.60720032]}},{"type":"Feature","properties":{"obj_type":"995-Unclassified","name":"Unknown","info":"997-Not Applicable","simplified":"Unclassified","damage_gra":"Damaged","det_method":"Photo-interpretation","notation":"Building point","or_src_id":978,"dmg_src_id":3,"cd_value":"Not Applicable"},"geometry":{"type":"Point","coordinates":[-67.02256479,10.60720202]}},{"type":"Feature","properties":{"obj_type":"12-Non-residential Buildings","name":"Unknown","info":"127-Other non-residential buildings","simplified":"Non residential","damage_gra":"Damaged","det_method":"Photo-interpretation","notation":"Building point","or_src_id":2,"dmg_src_id":3,"cd_value":"Not Applicable"},"geometry":{"type":"Point","coordinates":[-67.02422218,10.60723371]}},{"type":"Feature","properties":{"obj_type":"995-Unclassified","name":"Unknown","info":"997-Not Applicable","simplified":"Unclassified","damage_gra":"Damaged","det_method":"Photo-interpretation","notation":"Building point","or_src_id":978,"dmg_src_id":3,"cd_value":"Not Applicable"},"geometry":{"type":"Point","coordinates":[-67.02489509,10.60724192]}},{"type":"Feature","properties":{"obj_type":"995-Unclassified","name":"Unknown","info":"997-Not Applicable","simplified":"Unclassified","damage_gra":"Damaged","det_method":"Photo-interpretation","notation":"Building point","or_src_id":978,"dmg_src_id":3,"cd_value":"Not Applicable"},"geometry":{"type":"Point","coordinates":[-67.02461069,10.60724622]}},{"type":"Feature","properties":{"obj_type":"12-Non-residential Buildings","name":"Unknown","info":"127-Other non-residential buildings","simplified":"Non residential","damage_gra":"Destroyed","det_method":"Photo-interpretation","notation":"Building point","or_src_id":2,"dmg_src_id":3,"cd_value":"Not Applicable"},"geometry":{"type":"Point","coordinates":[-67.02436537,10.60748635]}},{"type":"Feature","properties":{"obj_type":"995-Unclassified","name":"Unknown","info":"997-Not Applicable","simplified":"Unclassified","damage_gra":"Damaged","det_method":"Photo-interpretation","notation":"Building point","or_src_id":978,"dmg_src_id":3,"cd_value":"Not Applicable"},"geometry":{"type":"Point","coordinates":[-67.02248835,10.60749533]}},{"type":"Feature","properties":{"obj_type":"995-Unclassified","name":"Unknown","info":"997-Not Applicable","simplified":"Unclassified","damage_gra":"Destroyed","det_method":"Photo-interpretation","notation":"Building point","or_src_id":978,"dmg_src_id":3,"cd_value":"Not Applicable"},"geometry":{"type":"Point","coordinates":[-67.02338229,10.60755342]}},{"type":"Feature","properties":{"obj_type":"995-Unclassified","name":"Unknown","info":"997-Not Applicable","simplified":"Unclassified","damage_gra":"Possibly damaged","det_method":"Photo-interpretation","notation":"Building point","or_src_id":978,"dmg_src_id":3,"cd_value":"Not Applicable"},"geometry":{"type":"Point","coordinates":[-67.02497609,10.60761462]}},{"type":"Feature","properties":{"obj_type":"995-Unclassified","name":"Unknown","info":"997-Not Applicable","simplified":"Unclassified","damage_gra":"Damaged","det_method":"Photo-interpretation","notation":"Building point","or_src_id":978,"dmg_src_id":3,"cd_value":"Not Applicable"},"geometry":{"type":"Point","coordinates":[-67.01943727,10.60731011]}},{"type":"Feature","properties":{"obj_type":"995-Unclassified","name":"Unknown","info":"997-Not Applicable","simplified":"Unclassified","damage_gra":"Damaged","det_method":"Photo-interpretation","notation":"Building point","or_src_id":978,"dmg_src_id":3,"cd_value":"Not Applicable"},"geometry":{"type":"Point","coordinates":[-67.01950095,10.6073789]}},{"type":"Feature","properties":{"obj_type":"995-Unclassified","name":"Unknown","info":"997-Not Applicable","simplified":"Unclassified","damage_gra":"Damaged","det_method":"Photo-interpretation","notation":"Building point","or_src_id":978,"dmg_src_id":3,"cd_value":"Not Applicable"},"geometry":{"type":"Point","coordinates":[-67.01901375,10.6074345]}},{"type":"Feature","properties":{"obj_type":"12-Non-residential Buildings","name":"Unknown","info":"127-Other non-residential buildings","simplified":"Non residential","damage_gra":"Destroyed","det_method":"Photo-interpretation","notation":"Building point","or_src_id":2,"dmg_src_id":3,"cd_value":"Not Applicable"},"geometry":{"type":"Point","coordinates":[-67.02160696,10.60749684]}},{"type":"Feature","properties":{"obj_type":"12-Non-residential Buildings","name":"Unknown","info":"127-Other non-residential buildings","simplified":"Non residential","damage_gra":"Destroyed","det_method":"Photo-interpretation","notation":"Building point","or_src_id":2,"dmg_src_id":3,"cd_value":"Not Applicable"},"geometry":{"type":"Point","coordinates":[-67.02186244,10.60750499]}},{"type":"Feature","properties":{"obj_type":"995-Unclassified","name":"Unknown","info":"997-Not Applicable","simplified":"Unclassified","damage_gra":"Damaged","det_method":"Photo-interpretation","notation":"Building point","or_src_id":978,"dmg_src_id":3,"cd_value":"Not Applicable"},"geometry":{"type":"Point","coordinates":[-67.02115529,10.60753842]}},{"type":"Feature","properties":{"obj_type":"995-Unclassified","name":"Unknown","info":"997-Not Applicable","simplified":"Unclassified","damage_gra":"Possibly damaged","det_method":"Photo-interpretation","notation":"Building point","or_src_id":978,"dmg_src_id":3,"cd_value":"Not Applicable"},"geometry":{"type":"Point","coordinates":[-67.02056295,10.60756198]}},{"type":"Feature","properties":{"obj_type":"11-Residential Buildings","name":"Unknown","info":"997-Not Applicable","simplified":"Residential","damage_gra":"Destroyed","det_method":"Photo-interpretation","notation":"Building point","or_src_id":1,"dmg_src_id":3,"cd_value":"Not Applicable"},"geometry":{"type":"Point","coordinates":[-67.01848675,10.60763975]}},{"type":"Feature","properties":{"obj_type":"11-Residential Buildings","name":"Unknown","info":"997-Not Applicable","simplified":"Residential","damage_gra":"Destroyed","det_method":"Photo-interpretation","notation":"Building point","or_src_id":1,"dmg_src_id":3,"cd_value":"Not Applicable"},"geometry":{"type":"Point","coordinates":[-67.01861135,10.60764183]}},{"type":"Feature","properties":{"obj_type":"12-Non-residential Buildings","name":"Unknown","info":"127-Other non-residential buildings","simplified":"Non residential","damage_gra":"Destroyed","det_method":"Photo-interpretation","notation":"Building point","or_src_id":2,"dmg_src_id":3,"cd_value":"Not Applicable"},"geometry":{"type":"Point","coordinates":[-67.02185135,10.60778785]}},{"type":"Feature","properties":{"obj_type":"995-Unclassified","name":"Unknown","info":"997-Not Applicable","simplified":"Unclassified","damage_gra":"Destroyed","det_method":"Photo-interpretation","notation":"Building point","or_src_id":978,"dmg_src_id":3,"cd_value":"Not Applicable"},"geometry":{"type":"Point","coordinates":[-67.01627921,10.60742267]}},{"type":"Feature","properties":{"obj_type":"11-Residential Buildings","name":"Unknown","info":"997-Not Applicable","simplified":"Residential","damage_gra":"Damaged","det_method":"Photo-interpretation","notation":"Building point","or_src_id":2,"dmg_src_id":3,"cd_value":"Not Applicable"},"geometry":{"type":"Point","coordinates":[-67.01108834,10.60746098]}},{"type":"Feature","properties":{"obj_type":"995-Unclassified","name":"Unknown","info":"997-Not Applicable","simplified":"Unclassified","damage_gra":"Damaged","det_method":"Photo-interpretation","notation":"Building point","or_src_id":978,"dmg_src_id":3,"cd_value":"Not Applicable"},"geometry":{"type":"Point","coordinates":[-67.01104421,10.60749012]}},{"type":"Feature","properties":{"obj_type":"11-Residential Buildings","name":"Unknown","info":"997-Not Applicable","simplified":"Residential","damage_gra":"Damaged","det_method":"Photo-interpretation","notation":"Building point","or_src_id":2,"dmg_src_id":3,"cd_value":"Not Applicable"},"geometry":{"type":"Point","coordinates":[-67.01109765,10.60756]}},{"type":"Feature","properties":{"obj_type":"995-Unclassified","name":"Unknown","info":"997-Not Applicable","simplified":"Unclassified","damage_gra":"Possibly damaged","det_method":"Photo-interpretation","notation":"Building point","or_src_id":978,"dmg_src_id":3,"cd_value":"Not Applicable"},"geometry":{"type":"Point","coordinates":[-67.0118089,10.6077435]}},{"type":"Feature","properties":{"obj_type":"11-Residential Buildings","name":"Unknown","info":"997-Not Applicable","simplified":"Residential","damage_gra":"Damaged","det_method":"Photo-interpretation","notation":"Building point","or_src_id":2,"dmg_src_id":3,"cd_value":"Not Applicable"},"geometry":{"type":"Point","coordinates":[-67.01162203,10.60776539]}},{"type":"Feature","properties":{"obj_type":"11-Residential Buildings","name":"Unknown","info":"997-Not Applicable","simplified":"Residential","damage_gra":"Damaged","det_method":"Photo-interpretation","notation":"Building point","or_src_id":2,"dmg_src_id":3,"cd_value":"Not Applicable"},"geometry":{"type":"Point","coordinates":[-67.01488876,10.60781316]}},{"type":"Feature","properties":{"obj_type":"995-Unclassified","name":"Unknown","info":"997-Not Applicable","simplified":"Unclassified","damage_gra":"Damaged","det_method":"Photo-interpretation","notation":"Building point","or_src_id":978,"dmg_src_id":3,"cd_value":"Not Applicable"},"geometry":{"type":"Point","coordinates":[-67.01396015,10.60783005]}},{"type":"Feature","properties":{"obj_type":"995-Unclassified","name":"Unknown","info":"997-Not Applicable","simplified":"Unclassified","damage_gra":"Damaged","det_method":"Photo-interpretation","notation":"Building point","or_src_id":978,"dmg_src_id":3,"cd_value":"Not Applicable"},"geometry":{"type":"Point","coordinates":[-67.01497475,10.60787595]}},{"type":"Feature","properties":{"obj_type":"995-Unclassified","name":"Unknown","info":"997-Not Applicable","simplified":"Unclassified","damage_gra":"Possibly damaged","det_method":"Photo-interpretation","notation":"Building point","or_src_id":978,"dmg_src_id":3,"cd_value":"Not Applicable"},"geometry":{"type":"Point","coordinates":[-67.01667894,10.60790273]}},{"type":"Feature","properties":{"obj_type":"12-Non-residential Buildings","name":"Unknown","info":"127-Other non-residential buildings","simplified":"Non residential","damage_gra":"Damaged","det_method":"Photo-interpretation","notation":"Building point","or_src_id":2,"dmg_src_id":3,"cd_value":"Not Applicable"},"geometry":{"type":"Point","coordinates":[-67.02244465,10.60776407]}},{"type":"Feature","properties":{"obj_type":"995-Unclassified","name":"Unknown","info":"997-Not Applicable","simplified":"Unclassified","damage_gra":"Possibly damaged","det_method":"Photo-interpretation","notation":"Building point","or_src_id":978,"dmg_src_id":3,"cd_value":"Not Applicable"},"geometry":{"type":"Point","coordinates":[-67.02337119,10.60784602]}},{"type":"Feature","properties":{"obj_type":"995-Unclassified","name":"Unknown","info":"997-Not Applicable","simplified":"Unclassified","damage_gra":"Possibly damaged","det_method":"Photo-interpretation","notation":"Building point","or_src_id":978,"dmg_src_id":3,"cd_value":"Not Applicable"},"geometry":{"type":"Point","coordinates":[-67.02497079,10.60784932]}},{"type":"Feature","properties":{"obj_type":"995-Unclassified","name":"Unknown","info":"997-Not Applicable","simplified":"Unclassified","damage_gra":"Damaged","det_method":"Photo-interpretation","notation":"Building point","or_src_id":978,"dmg_src_id":3,"cd_value":"Not Applicable"},"geometry":{"type":"Point","coordinates":[-67.02258029,10.60785252]}},{"type":"Feature","properties":{"obj_type":"995-Unclassified","name":"Unknown","info":"997-Not Applicable","simplified":"Unclassified","damage_gra":"Damaged","det_method":"Photo-interpretation","notation":"Building point","or_src_id":978,"dmg_src_id":3,"cd_value":"Not Applicable"},"geometry":{"type":"Point","coordinates":[-67.02363329,10.60786562]}},{"type":"Feature","properties":{"obj_type":"995-Unclassified","name":"Unknown","info":"997-Not Applicable","simplified":"Unclassified","damage_gra":"Damaged","det_method":"Photo-interpretation","notation":"Building point","or_src_id":978,"dmg_src_id":3,"cd_value":"Not Applicable"},"geometry":{"type":"Point","coordinates":[-67.02566769,10.60787182]}},{"type":"Feature","properties":{"obj_type":"995-Unclassified","name":"Unknown","info":"997-Not Applicable","simplified":"Unclassified","damage_gra":"Damaged","det_method":"Photo-interpretation","notation":"Building point","or_src_id":978,"dmg_src_id":3,"cd_value":"Not Applicable"},"geometry":{"type":"Point","coordinates":[-67.0243162,10.60816795]}},{"type":"Feature","properties":{"obj_type":"995-Unclassified","name":"Unknown","info":"997-Not Applicable","simplified":"Unclassified","damage_gra":"Destroyed","det_method":"Photo-interpretation","notation":"Building point","or_src_id":978,"dmg_src_id":3,"cd_value":"Not Applicable"},"geometry":{"type":"Point","coordinates":[-67.02486839,10.60818302]}},{"type":"Feature","properties":{"obj_type":"995-Unclassified","name":"Unknown","info":"997-Not Applicable","simplified":"Unclassified","damage_gra":"Damaged","det_method":"Photo-interpretation","notation":"Building point","or_src_id":978,"dmg_src_id":3,"cd_value":"Not Applicable"},"geometry":{"type":"Point","coordinates":[-67.02390169,10.60818582]}},{"type":"Feature","properties":{"obj_type":"995-Unclassified","name":"Unknown","info":"997-Not Applicable","simplified":"Unclassified","damage_gra":"Damaged","det_method":"Photo-interpretation","notation":"Building point","or_src_id":978,"dmg_src_id":3,"cd_value":"Not Applicable"},"geometry":{"type":"Point","coordinates":[-67.02461739,10.60818742]}},{"type":"Feature","properties":{"obj_type":"995-Unclassified","name":"Unknown","info":"997-Not Applicable","simplified":"Unclassified","damage_gra":"Possibly damaged","det_method":"Photo-interpretation","notation":"Building point","or_src_id":978,"dmg_src_id":3,"cd_value":"Not Applicable"},"geometry":{"type":"Point","coordinates":[-67.02197161,10.60781292]}},{"type":"Feature","properties":{"obj_type":"12-Non-residential Buildings","name":"Unknown","info":"127-Other non-residential buildings","simplified":"Non residential","damage_gra":"Destroyed","det_method":"Photo-interpretation","notation":"Building point","or_src_id":2,"dmg_src_id":3,"cd_value":"Not Applicable"},"geometry":{"type":"Point","coordinates":[-67.02159952,10.6078308]}},{"type":"Feature","properties":{"obj_type":"995-Unclassified","name":"Unknown","info":"997-Not Applicable","simplified":"Unclassified","damage_gra":"Possibly damaged","det_method":"Photo-interpretation","notation":"Building point","or_src_id":978,"dmg_src_id":3,"cd_value":"Not Applicable"},"geometry":{"type":"Point","coordinates":[-67.02174449,10.60784422]}},{"type":"Feature","properties":{"obj_type":"995-Unclassified","name":"Unknown","info":"997-Not Applicable","simplified":"Unclassified","damage_gra":"Possibly damaged","det_method":"Photo-interpretation","notation":"Building point","or_src_id":978,"dmg_src_id":3,"cd_value":"Not Applicable"},"geometry":{"type":"Point","coordinates":[-67.01860895,10.6078503]}},{"type":"Feature","properties":{"obj_type":"995-Unclassified","name":"Unknown","info":"997-Not Applicable","simplified":"Unclassified","damage_gra":"Damaged","det_method":"Photo-interpretation","notation":"Building point","or_src_id":978,"dmg_src_id":3,"cd_value":"Not Applicable"},"geometry":{"type":"Point","coordinates":[-67.01767426,10.60800462]}},{"type":"Feature","properties":{"obj_type":"12-Non-residential Buildings","name":"Unknown","info":"127-Other non-residential buildings","simplified":"Non residential","damage_gra":"Destroyed","det_method":"Photo-interpretation","notation":"Building point","or_src_id":2,"dmg_src_id":3,"cd_value":"Not Applicable"},"geometry":{"type":"Point","coordinates":[-67.02048157,10.60811585]}},{"type":"Feature","properties":{"obj_type":"995-Unclassified","name":"Unknown","info":"997-Not Applicable","simplified":"Unclassified","damage_gra":"Damaged","det_method":"Photo-interpretation","notation":"Building point","or_src_id":978,"dmg_src_id":3,"cd_value":"Not Applicable"},"geometry":{"type":"Point","coordinates":[-67.02203149,10.60813905]}},{"type":"Feature","properties":{"obj_type":"12-Non-residential Buildings","name":"Unknown","info":"127-Other non-residential buildings","simplified":"Non residential","damage_gra":"Destroyed","det_method":"Photo-interpretation","notation":"Building point","or_src_id":2,"dmg_src_id":3,"cd_value":"Not Applicable"},"geometry":{"type":"Point","coordinates":[-67.02194175,10.60814207]}},{"type":"Feature","properties":{"obj_type":"12-Non-residential Buildings","name":"Unknown","info":"127-Other non-residential buildings","simplified":"Non residential","damage_gra":"Destroyed","det_method":"Photo-interpretation","notation":"Building point","or_src_id":2,"dmg_src_id":3,"cd_value":"Not Applicable"},"geometry":{"type":"Point","coordinates":[-67.02073525,10.60819735]}},{"type":"Feature","properties":{"obj_type":"995-Unclassified","name":"Unknown","info":"997-Not Applicable","simplified":"Unclassified","damage_gra":"Damaged","det_method":"Photo-interpretation","notation":"Building point","or_src_id":978,"dmg_src_id":3,"cd_value":"Not Applicable"},"geometry":{"type":"Point","coordinates":[-67.01866089,10.60826482]}},{"type":"Feature","properties":{"obj_type":"995-Unclassified","name":"Unknown","info":"997-Not Applicable","simplified":"Unclassified","damage_gra":"Destroyed","det_method":"Photo-interpretation","notation":"Building point","or_src_id":978,"dmg_src_id":3,"cd_value":"Not Applicable"},"geometry":{"type":"Point","coordinates":[-67.01107979,10.60809984]}},{"type":"Feature","properties":{"obj_type":"995-Unclassified","name":"Unknown","info":"997-Not Applicable","simplified":"Unclassified","damage_gra":"Destroyed","det_method":"Photo-interpretation","notation":"Building point","or_src_id":978,"dmg_src_id":3,"cd_value":"Not Applicable"},"geometry":{"type":"Point","coordinates":[-67.01598175,10.6085314]}},{"type":"Feature","properties":{"obj_type":"11-Residential Buildings","name":"Unknown","info":"997-Not Applicable","simplified":"Residential","damage_gra":"Destroyed","det_method":"Photo-interpretation","notation":"Building point","or_src_id":2,"dmg_src_id":3,"cd_value":"Not Applicable"},"geometry":{"type":"Point","coordinates":[-67.01577035,10.60855975]}},{"type":"Feature","properties":{"obj_type":"11-Residential Buildings","name":"Unknown","info":"997-Not Applicable","simplified":"Residential","damage_gra":"Destroyed","det_method":"Photo-interpretation","notation":"Building point","or_src_id":2,"dmg_src_id":3,"cd_value":"Not Applicable"},"geometry":{"type":"Point","coordinates":[-67.01405806,10.60858052]}},{"type":"Feature","properties":{"obj_type":"995-Unclassified","name":"Unknown","info":"997-Not Applicable","simplified":"Unclassified","damage_gra":"Damaged","det_method":"Photo-interpretation","notation":"Building point","or_src_id":978,"dmg_src_id":3,"cd_value":"Not Applicable"},"geometry":{"type":"Point","coordinates":[-67.01391348,10.60862433]}},{"type":"Feature","properties":{"obj_type":"995-Unclassified","name":"Unknown","info":"997-Not Applicable","simplified":"Unclassified","damage_gra":"Damaged","det_method":"Photo-interpretation","notation":"Building point","or_src_id":978,"dmg_src_id":3,"cd_value":"Not Applicable"},"geometry":{"type":"Point","coordinates":[-67.01227097,10.60866825]}},{"type":"Feature","properties":{"obj_type":"995-Unclassified","name":"Unknown","info":"997-Not Applicable","simplified":"Unclassified","damage_gra":"Possibly damaged","det_method":"Photo-interpretation","notation":"Building point","or_src_id":978,"dmg_src_id":3,"cd_value":"Not Applicable"},"geometry":{"type":"Point","coordinates":[-67.01680248,10.60869033]}},{"type":"Feature","properties":{"obj_type":"995-Unclassified","name":"Unknown","info":"997-Not Applicable","simplified":"Unclassified","damage_gra":"Damaged","det_method":"Photo-interpretation","notation":"Building point","or_src_id":978,"dmg_src_id":3,"cd_value":"Not Applicable"},"geometry":{"type":"Point","coordinates":[-67.0148821,10.60869235]}},{"type":"Feature","properties":{"obj_type":"995-Unclassified","name":"Unknown","info":"997-Not Applicable","simplified":"Unclassified","damage_gra":"Damaged","det_method":"Photo-interpretation","notation":"Building point","or_src_id":978,"dmg_src_id":3,"cd_value":"Not Applicable"},"geometry":{"type":"Point","coordinates":[-67.0132544,10.60870539]}},{"type":"Feature","properties":{"obj_type":"995-Unclassified","name":"Unknown","info":"997-Not Applicable","simplified":"Unclassified","damage_gra":"Possibly damaged","det_method":"Photo-interpretation","notation":"Building point","or_src_id":978,"dmg_src_id":3,"cd_value":"Not Applicable"},"geometry":{"type":"Point","coordinates":[-67.01116956,10.60870617]}},{"type":"Feature","properties":{"obj_type":"12-Non-residential Buildings","name":"Unknown","info":"127-Other non-residential buildings","simplified":"Non residential","damage_gra":"Damaged","det_method":"Photo-interpretation","notation":"Building point","or_src_id":2,"dmg_src_id":3,"cd_value":"Not Applicable"},"geometry":{"type":"Point","coordinates":[-67.02137465,10.60841618]}},{"type":"Feature","properties":{"obj_type":"995-Unclassified","name":"Unknown","info":"997-Not Applicable","simplified":"Unclassified","damage_gra":"Possibly damaged","det_method":"Photo-interpretation","notation":"Building point","or_src_id":978,"dmg_src_id":3,"cd_value":"Not Applicable"},"geometry":{"type":"Point","coordinates":[-67.01993975,10.608489]}},{"type":"Feature","properties":{"obj_type":"11-Residential Buildings","name":"Unknown","info":"997-Not Applicable","simplified":"Residential","damage_gra":"Damaged","det_method":"Photo-interpretation","notation":"Building point","or_src_id":1,"dmg_src_id":3,"cd_value":"Not Applicable"},"geometry":{"type":"Point","coordinates":[-67.01738087,10.60855975]}},{"type":"Feature","properties":{"obj_type":"11-Residential Buildings","name":"Unknown","info":"997-Not Applicable","simplified":"Residential","damage_gra":"Destroyed","det_method":"Photo-interpretation","notation":"Building point","or_src_id":1,"dmg_src_id":3,"cd_value":"Not Applicable"},"geometry":{"type":"Point","coordinates":[-67.01793121,10.60858883]}},{"type":"Feature","properties":{"obj_type":"11-Residential Buildings","name":"Unknown","info":"997-Not Applicable","simplified":"Residential","damage_gra":"Destroyed","det_method":"Photo-interpretation","notation":"Building point","or_src_id":1,"dmg_src_id":3,"cd_value":"Not Applicable"},"geometry":{"type":"Point","coordinates":[-67.01781076,10.60860752]}},{"type":"Feature","properties":{"obj_type":"995-Unclassified","name":"Unknown","info":"997-Not Applicable","simplified":"Unclassified","damage_gra":"Destroyed","det_method":"Photo-interpretation","notation":"Building point","or_src_id":978,"dmg_src_id":3,"cd_value":"Not Applicable"},"geometry":{"type":"Point","coordinates":[-67.01766665,10.60863577]}},{"type":"Feature","properties":{"obj_type":"11-Residential Buildings","name":"Unknown","info":"997-Not Applicable","simplified":"Residential","damage_gra":"Damaged","det_method":"Photo-interpretation","notation":"Building point","or_src_id":1,"dmg_src_id":3,"cd_value":"Not Applicable"},"geometry":{"type":"Point","coordinates":[-67.01794367,10.60866048]}},{"type":"Feature","properties":{"obj_type":"11-Residential Buildings","name":"Unknown","info":"997-Not Applicable","simplified":"Residential","damage_gra":"Damaged","det_method":"Photo-interpretation","notation":"Building point","or_src_id":1,"dmg_src_id":3,"cd_value":"Not Applicable"},"geometry":{"type":"Point","coordinates":[-67.01747329,10.60872382]}},{"type":"Feature","properties":{"obj_type":"995-Unclassified","name":"Unknown","info":"997-Not Applicable","simplified":"Unclassified","damage_gra":"Damaged","det_method":"Photo-interpretation","notation":"Building point","or_src_id":978,"dmg_src_id":3,"cd_value":"Not Applicable"},"geometry":{"type":"Point","coordinates":[-67.01830696,10.60873032]}},{"type":"Feature","properties":{"obj_type":"11-Residential Buildings","name":"Unknown","info":"997-Not Applicable","simplified":"Residential","damage_gra":"Destroyed","det_method":"Photo-interpretation","notation":"Building point","or_src_id":1,"dmg_src_id":3,"cd_value":"Not Applicable"},"geometry":{"type":"Point","coordinates":[-67.01767681,10.60875393]}},{"type":"Feature","properties":{"obj_type":"995-Unclassified","name":"Unknown","info":"997-Not Applicable","simplified":"Unclassified","damage_gra":"Destroyed","det_method":"Photo-interpretation","notation":"Building point","or_src_id":978,"dmg_src_id":3,"cd_value":"Not Applicable"},"geometry":{"type":"Point","coordinates":[-67.01618901,10.60871429]}},{"type":"Feature","properties":{"obj_type":"995-Unclassified","name":"Unknown","info":"997-Not Applicable","simplified":"Unclassified","damage_gra":"Possibly damaged","det_method":"Photo-interpretation","notation":"Building point","or_src_id":978,"dmg_src_id":3,"cd_value":"Not Applicable"},"geometry":{"type":"Point","coordinates":[-67.01444826,10.60871885]}},{"type":"Feature","properties":{"obj_type":"11-Residential Buildings","name":"Unknown","info":"997-Not Applicable","simplified":"Residential","damage_gra":"Damaged","det_method":"Photo-interpretation","notation":"Building point","or_src_id":2,"dmg_src_id":3,"cd_value":"Not Applicable"},"geometry":{"type":"Point","coordinates":[-67.01634457,10.60878093]}},{"type":"Feature","properties":{"obj_type":"995-Unclassified","name":"Unknown","info":"997-Not Applicable","simplified":"Unclassified","damage_gra":"Destroyed","det_method":"Photo-interpretation","notation":"Building point","or_src_id":978,"dmg_src_id":3,"cd_value":"Not Applicable"},"geometry":{"type":"Point","coordinates":[-67.01399267,10.60887414]}},{"type":"Feature","properties":{"obj_type":"11-Residential Buildings","name":"Unknown","info":"997-Not Applicable","simplified":"Residential","damage_gra":"Possibly damaged","det_method":"Photo-interpretation","notation":"Building point","or_src_id":2,"dmg_src_id":3,"cd_value":"Not Applicable"},"geometry":{"type":"Point","coordinates":[-67.01446926,10.60890657]}},{"type":"Feature","properties":{"obj_type":"995-Unclassified","name":"Unknown","info":"997-Not Applicable","simplified":"Unclassified","damage_gra":"Destroyed","det_method":"Photo-interpretation","notation":"Building point","or_src_id":978,"dmg_src_id":3,"cd_value":"Not Applicable"},"geometry":{"type":"Point","coordinates":[-67.01618843,10.60901034]}},{"type":"Feature","properties":{"obj_type":"995-Unclassified","name":"Unknown","info":"997-Not Applicable","simplified":"Unclassified","damage_gra":"Destroyed","det_method":"Photo-interpretation","notation":"Building point","or_src_id":978,"dmg_src_id":3,"cd_value":"Not Applicable"},"geometry":{"type":"Point","coordinates":[-67.01672374,10.60903177]}},{"type":"Feature","properties":{"obj_type":"995-Unclassified","name":"Unknown","info":"997-Not Applicable","simplified":"Unclassified","damage_gra":"Destroyed","det_method":"Photo-interpretation","notation":"Building point","or_src_id":978,"dmg_src_id":3,"cd_value":"Not Applicable"},"geometry":{"type":"Point","coordinates":[-67.01427412,10.60903406]}},{"type":"Feature","properties":{"obj_type":"995-Unclassified","name":"Unknown","info":"997-Not Applicable","simplified":"Unclassified","damage_gra":"Destroyed","det_method":"Photo-interpretation","notation":"Building point","or_src_id":978,"dmg_src_id":3,"cd_value":"Not Applicable"},"geometry":{"type":"Point","coordinates":[-67.01643205,10.6090482]}},{"type":"Feature","properties":{"obj_type":"11-Residential Buildings","name":"Unknown","info":"997-Not Applicable","simplified":"Residential","damage_gra":"Destroyed","det_method":"Photo-interpretation","notation":"Building point","or_src_id":2,"dmg_src_id":3,"cd_value":"Not Applicable"},"geometry":{"type":"Point","coordinates":[-67.01541315,10.60905194]}},{"type":"Feature","properties":{"obj_type":"995-Unclassified","name":"Unknown","info":"997-Not Applicable","simplified":"Unclassified","damage_gra":"Damaged","det_method":"Photo-interpretation","notation":"Building point","or_src_id":978,"dmg_src_id":3,"cd_value":"Not Applicable"},"geometry":{"type":"Point","coordinates":[-67.02363289,10.60819242]}},{"type":"Feature","properties":{"obj_type":"995-Unclassified","name":"Unknown","info":"997-Not Applicable","simplified":"Unclassified","damage_gra":"Possibly damaged","det_method":"Photo-interpretation","notation":"Building point","or_src_id":978,"dmg_src_id":3,"cd_value":"Not Applicable"},"geometry":{"type":"Point","coordinates":[-67.02229381,10.60843692]}},{"type":"Feature","properties":{"obj_type":"995-Unclassified","name":"Unknown","info":"997-Not Applicable","simplified":"Unclassified","damage_gra":"Damaged","det_method":"Photo-interpretation","notation":"Building point","or_src_id":978,"dmg_src_id":3,"cd_value":"Not Applicable"},"geometry":{"type":"Point","coordinates":[-67.02338179,10.60848502]}},{"type":"Feature","properties":{"obj_type":"995-Unclassified","name":"Unknown","info":"997-Not Applicable","simplified":"Unclassified","damage_gra":"Possibly damaged","det_method":"Photo-interpretation","notation":"Building point","or_src_id":978,"dmg_src_id":3,"cd_value":"Not Applicable"},"geometry":{"type":"Point","coordinates":[-67.02229921,10.60874792]}},{"type":"Feature","properties":{"obj_type":"995-Unclassified","name":"Unknown","info":"997-Not Applicable","simplified":"Unclassified","damage_gra":"Destroyed","det_method":"Photo-interpretation","notation":"Building point","or_src_id":978,"dmg_src_id":3,"cd_value":"Not Applicable"},"geometry":{"type":"Point","coordinates":[-67.02230991,10.60901692]}},{"type":"Feature","properties":{"obj_type":"12-Non-residential Buildings","name":"Unknown","info":"127-Other non-residential buildings","simplified":"Non residential","damage_gra":"Destroyed","det_method":"Photo-interpretation","notation":"Building point","or_src_id":2,"dmg_src_id":3,"cd_value":"Not Applicable"},"geometry":{"type":"Point","coordinates":[-67.02243127,10.60902142]}},{"type":"Feature","properties":{"obj_type":"995-Unclassified","name":"Unknown","info":"997-Not Applicable","simplified":"Unclassified","damage_gra":"Possibly damaged","det_method":"Photo-interpretation","notation":"Building point","or_src_id":978,"dmg_src_id":3,"cd_value":"Not Applicable"},"geometry":{"type":"Point","coordinates":[-67.02255239,10.60905942]}},{"type":"Feature","properties":{"obj_type":"995-Unclassified","name":"Unknown","info":"997-Not Applicable","simplified":"Unclassified","damage_gra":"Possibly damaged","det_method":"Photo-interpretation","notation":"Building point","or_src_id":978,"dmg_src_id":3,"cd_value":"Not Applicable"},"geometry":{"type":"Point","coordinates":[-67.02280789,10.60906812]}},{"type":"Feature","properties":{"obj_type":"995-Unclassified","name":"Unknown","info":"997-Not Applicable","simplified":"Unclassified","damage_gra":"Possibly damaged","det_method":"Photo-interpretation","notation":"Building point","or_src_id":978,"dmg_src_id":3,"cd_value":"Not Applicable"},"geometry":{"type":"Point","coordinates":[-67.02337179,10.60909432]}},{"type":"Feature","properties":{"obj_type":"995-Unclassified","name":"Unknown","info":"997-Not Applicable","simplified":"Unclassified","damage_gra":"Possibly damaged","det_method":"Photo-interpretation","notation":"Building point","or_src_id":978,"dmg_src_id":3,"cd_value":"Not Applicable"},"geometry":{"type":"Point","coordinates":[-67.0230049,10.6098058]}},{"type":"Feature","properties":{"obj_type":"995-Unclassified","name":"Unknown","info":"997-Not Applicable","simplified":"Unclassified","damage_gra":"Damaged","det_method":"Photo-interpretation","notation":"Building point","or_src_id":978,"dmg_src_id":3,"cd_value":"Not Applicable"},"geometry":{"type":"Point","coordinates":[-67.01818138,10.6088488]}},{"type":"Feature","properties":{"obj_type":"12-Non-residential Buildings","name":"Unknown","info":"127-Other non-residential buildings","simplified":"Non residential","damage_gra":"Destroyed","det_method":"Photo-interpretation","notation":"Building point","or_src_id":2,"dmg_src_id":3,"cd_value":"Not Applicable"},"geometry":{"type":"Point","coordinates":[-67.02218364,10.60902903]}},{"type":"Feature","properties":{"obj_type":"995-Unclassified","name":"Unknown","info":"997-Not Applicable","simplified":"Unclassified","damage_gra":"Damaged","det_method":"Photo-interpretation","notation":"Building point","or_src_id":978,"dmg_src_id":3,"cd_value":"Not Applicable"},"geometry":{"type":"Point","coordinates":[-67.0187176,10.60905643]}},{"type":"Feature","properties":{"obj_type":"995-Unclassified","name":"Unknown","info":"997-Not Applicable","simplified":"Unclassified","damage_gra":"Destroyed","det_method":"Photo-interpretation","notation":"Building point","or_src_id":978,"dmg_src_id":3,"cd_value":"Not Applicable"},"geometry":{"type":"Point","coordinates":[-67.01819345,10.60907375]}},{"type":"Feature","properties":{"obj_type":"995-Unclassified","name":"Unknown","info":"997-Not Applicable","simplified":"Unclassified","damage_gra":"Damaged","det_method":"Photo-interpretation","notation":"Building point","or_src_id":978,"dmg_src_id":3,"cd_value":"Not Applicable"},"geometry":{"type":"Point","coordinates":[-67.01842004,10.60909627]}},{"type":"Feature","properties":{"obj_type":"11-Residential Buildings","name":"Unknown","info":"997-Not Applicable","simplified":"Residential","damage_gra":"Damaged","det_method":"Photo-interpretation","notation":"Building point","or_src_id":1,"dmg_src_id":3,"cd_value":"Not Applicable"},"geometry":{"type":"Point","coordinates":[-67.01713893,10.60931258]}},{"type":"Feature","properties":{"obj_type":"11-Residential Buildings","name":"Unknown","info":"997-Not Applicable","simplified":"Residential","damage_gra":"Damaged","det_method":"Photo-interpretation","notation":"Building point","or_src_id":1,"dmg_src_id":3,"cd_value":"Not Applicable"},"geometry":{"type":"Point","coordinates":[-67.01724796,10.60934581]}},{"type":"Feature","properties":{"obj_type":"11-Residential Buildings","name":"Unknown","info":"997-Not Applicable","simplified":"Residential","damage_gra":"Damaged","det_method":"Photo-interpretation","notation":"Building point","or_src_id":1,"dmg_src_id":3,"cd_value":"Not Applicable"},"geometry":{"type":"Point","coordinates":[-67.01710155,10.60936138]}},{"type":"Feature","properties":{"obj_type":"11-Residential Buildings","name":"Unknown","info":"997-Not Applicable","simplified":"Residential","damage_gra":"Damaged","det_method":"Photo-interpretation","notation":"Building point","or_src_id":1,"dmg_src_id":3,"cd_value":"Not Applicable"},"geometry":{"type":"Point","coordinates":[-67.01724173,10.60940084]}},{"type":"Feature","properties":{"obj_type":"995-Unclassified","name":"Unknown","info":"997-Not Applicable","simplified":"Unclassified","damage_gra":"Possibly damaged","det_method":"Photo-interpretation","notation":"Building point","or_src_id":978,"dmg_src_id":3,"cd_value":"Not Applicable"},"geometry":{"type":"Point","coordinates":[-67.01930952,10.60940469]}},{"type":"Feature","properties":{"obj_type":"995-Unclassified","name":"Unknown","info":"997-Not Applicable","simplified":"Unclassified","damage_gra":"Damaged","det_method":"Photo-interpretation","notation":"Building point","or_src_id":978,"dmg_src_id":3,"cd_value":"Not Applicable"},"geometry":{"type":"Point","coordinates":[-67.02987783,10.6081776]}},{"type":"Feature","properties":{"obj_type":"12-Non-residential Buildings","name":"Unknown","info":"127-Other non-residential buildings","simplified":"Non residential","damage_gra":"Damaged","det_method":"Photo-interpretation","notation":"Building point","or_src_id":2,"dmg_src_id":3,"cd_value":"Not Applicable"},"geometry":{"type":"Point","coordinates":[-67.02968518,10.6083007]}},{"type":"Feature","properties":{"obj_type":"995-Unclassified","name":"Unknown","info":"997-Not Applicable","simplified":"Unclassified","damage_gra":"Damaged","det_method":"Photo-interpretation","notation":"Building point","or_src_id":978,"dmg_src_id":3,"cd_value":"Not Applicable"},"geometry":{"type":"Point","coordinates":[-67.0316609,10.6085021]}},{"type":"Feature","properties":{"obj_type":"995-Unclassified","name":"Unknown","info":"997-Not Applicable","simplified":"Unclassified","damage_gra":"Destroyed","det_method":"Photo-interpretation","notation":"Building point","or_src_id":978,"dmg_src_id":3,"cd_value":"Not Applicable"},"geometry":{"type":"Point","coordinates":[-67.03153366,10.60866479]}},{"type":"Feature","properties":{"obj_type":"995-Unclassified","name":"Unknown","info":"997-Not Applicable","simplified":"Unclassified","damage_gra":"Damaged","det_method":"Photo-interpretation","notation":"Building point","or_src_id":978,"dmg_src_id":3,"cd_value":"Not Applicable"},"geometry":{"type":"Point","coordinates":[-67.03081225,10.60877923]}},{"type":"Feature","properties":{"obj_type":"995-Unclassified","name":"Unknown","info":"997-Not Applicable","simplified":"Unclassified","damage_gra":"Possibly damaged","det_method":"Photo-interpretation","notation":"Building point","or_src_id":978,"dmg_src_id":3,"cd_value":"Not Applicable"},"geometry":{"type":"Point","coordinates":[-67.03146579,10.60880688]}},{"type":"Feature","properties":{"obj_type":"995-Unclassified","name":"Unknown","info":"997-Not Applicable","simplified":"Unclassified","damage_gra":"Possibly damaged","det_method":"Photo-interpretation","notation":"Building point","or_src_id":978,"dmg_src_id":3,"cd_value":"Not Applicable"},"geometry":{"type":"Point","coordinates":[-67.02987349,10.60882413]}},{"type":"Feature","properties":{"obj_type":"995-Unclassified","name":"Unknown","info":"997-Not Applicable","simplified":"Unclassified","damage_gra":"Destroyed","det_method":"Photo-interpretation","notation":"Building point","or_src_id":978,"dmg_src_id":3,"cd_value":"Not Applicable"},"geometry":{"type":"Point","coordinates":[-67.03170552,10.60895499]}},{"type":"Feature","properties":{"obj_type":"995-Unclassified","name":"Unknown","info":"997-Not Applicable","simplified":"Unclassified","damage_gra":"Destroyed","det_method":"Photo-interpretation","notation":"Building point","or_src_id":978,"dmg_src_id":3,"cd_value":"Not Applicable"},"geometry":{"type":"Point","coordinates":[-67.03179412,10.60899289]}},{"type":"Feature","properties":{"obj_type":"995-Unclassified","name":"Unknown","info":"997-Not Applicable","simplified":"Unclassified","damage_gra":"Destroyed","det_method":"Photo-interpretation","notation":"Building point","or_src_id":978,"dmg_src_id":3,"cd_value":"Not Applicable"},"geometry":{"type":"Point","coordinates":[-67.0315501,10.6090818]}},{"type":"Feature","properties":{"obj_type":"995-Unclassified","name":"Unknown","info":"997-Not Applicable","simplified":"Unclassified","damage_gra":"Possibly damaged","det_method":"Photo-interpretation","notation":"Building point","or_src_id":978,"dmg_src_id":3,"cd_value":"Not Applicable"},"geometry":{"type":"Point","coordinates":[-67.02579409,10.60844642]}},{"type":"Feature","properties":{"obj_type":"995-Unclassified","name":"Unknown","info":"997-Not Applicable","simplified":"Unclassified","damage_gra":"Possibly damaged","det_method":"Photo-interpretation","notation":"Building point","or_src_id":978,"dmg_src_id":3,"cd_value":"Not Applicable"},"geometry":{"type":"Point","coordinates":[-67.02603549,10.60845692]}},{"type":"Feature","properties":{"obj_type":"995-Unclassified","name":"Unknown","info":"997-Not Applicable","simplified":"Unclassified","damage_gra":"Damaged","det_method":"Photo-interpretation","notation":"Building point","or_src_id":978,"dmg_src_id":3,"cd_value":"Not Applicable"},"geometry":{"type":"Point","coordinates":[-67.0291666,10.6085486]}},{"type":"Feature","properties":{"obj_type":"12-Non-residential Buildings","name":"Unknown","info":"127-Other non-residential buildings","simplified":"Non residential","damage_gra":"Possibly damaged","det_method":"Photo-interpretation","notation":"Building point","or_src_id":2,"dmg_src_id":3,"cd_value":"Not Applicable"},"geometry":{"type":"Point","coordinates":[-67.02700099,10.60863687]}},{"type":"Feature","properties":{"obj_type":"995-Unclassified","name":"Unknown","info":"997-Not Applicable","simplified":"Unclassified","damage_gra":"Destroyed","det_method":"Photo-interpretation","notation":"Building point","or_src_id":978,"dmg_src_id":3,"cd_value":"Not Applicable"},"geometry":{"type":"Point","coordinates":[-67.02918351,10.60867932]}},{"type":"Feature","properties":{"obj_type":"12-Non-residential Buildings","name":"Unknown","info":"127-Other non-residential buildings","simplified":"Non residential","damage_gra":"Damaged","det_method":"Photo-interpretation","notation":"Building point","or_src_id":2,"dmg_src_id":3,"cd_value":"Not Applicable"},"geometry":{"type":"Point","coordinates":[-67.02727336,10.60874679]}},{"type":"Feature","properties":{"obj_type":"12-Non-residential Buildings","name":"Unknown","info":"127-Other non-residential buildings","simplified":"Non residential","damage_gra":"Possibly damaged","det_method":"Photo-interpretation","notation":"Building point","or_src_id":2,"dmg_src_id":3,"cd_value":"Not Applicable"},"geometry":{"type":"Point","coordinates":[-67.02690543,10.60881982]}},{"type":"Feature","properties":{"obj_type":"995-Unclassified","name":"Unknown","info":"997-Not Applicable","simplified":"Unclassified","damage_gra":"Damaged","det_method":"Photo-interpretation","notation":"Building point","or_src_id":978,"dmg_src_id":3,"cd_value":"Not Applicable"},"geometry":{"type":"Point","coordinates":[-67.02851177,10.60888319]}},{"type":"Feature","properties":{"obj_type":"995-Unclassified","name":"Unknown","info":"997-Not Applicable","simplified":"Unclassified","damage_gra":"Damaged","det_method":"Photo-interpretation","notation":"Building point","or_src_id":978,"dmg_src_id":3,"cd_value":"Not Applicable"},"geometry":{"type":"Point","coordinates":[-67.02845075,10.60889338]}},{"type":"Feature","properties":{"obj_type":"12-Non-residential Buildings","name":"Unknown","info":"127-Other non-residential buildings","simplified":"Non residential","damage_gra":"Destroyed","det_method":"Photo-interpretation","notation":"Building point","or_src_id":2,"dmg_src_id":3,"cd_value":"Not Applicable"},"geometry":{"type":"Point","coordinates":[-67.02674998,10.60893973]}},{"type":"Feature","properties":{"obj_type":"995-Unclassified","name":"Unknown","info":"997-Not Applicable","simplified":"Unclassified","damage_gra":"Destroyed","det_method":"Photo-interpretation","notation":"Building point","or_src_id":978,"dmg_src_id":3,"cd_value":"Not Applicable"},"geometry":{"type":"Point","coordinates":[-67.02811404,10.60899355]}},{"type":"Feature","properties":{"obj_type":"995-Unclassified","name":"Unknown","info":"997-Not Applicable","simplified":"Unclassified","damage_gra":"Damaged","det_method":"Photo-interpretation","notation":"Building point","or_src_id":978,"dmg_src_id":3,"cd_value":"Not Applicable"},"geometry":{"type":"Point","coordinates":[-67.02585359,10.60908612]}},{"type":"Feature","properties":{"obj_type":"12-Non-residential Buildings","name":"Unknown","info":"127-Other non-residential buildings","simplified":"Non residential","damage_gra":"Possibly damaged","det_method":"Photo-interpretation","notation":"Building point","or_src_id":2,"dmg_src_id":3,"cd_value":"Not Applicable"},"geometry":{"type":"Point","coordinates":[-67.02824758,10.60909839]}},{"type":"Feature","properties":{"obj_type":"11-Residential Buildings","name":"Unknown","info":"997-Not Applicable","simplified":"Residential","damage_gra":"Damaged","det_method":"Photo-interpretation","notation":"Building point","or_src_id":1,"dmg_src_id":3,"cd_value":"Not Applicable"},"geometry":{"type":"Point","coordinates":[-67.02888428,10.60911571]}},{"type":"Feature","properties":{"obj_type":"11-Residential Buildings","name":"Unknown","info":"997-Not Applicable","simplified":"Residential","damage_gra":"Damaged","det_method":"Photo-interpretation","notation":"Building point","or_src_id":1,"dmg_src_id":3,"cd_value":"Not Applicable"},"geometry":{"type":"Point","coordinates":[-67.02872599,10.60912913]}},{"type":"Feature","properties":{"obj_type":"12-Non-residential Buildings","name":"Unknown","info":"127-Other non-residential buildings","simplified":"Non residential","damage_gra":"Destroyed","det_method":"Photo-interpretation","notation":"Building point","or_src_id":2,"dmg_src_id":3,"cd_value":"Not Applicable"},"geometry":{"type":"Point","coordinates":[-67.0280116,10.60915058]}},{"type":"Feature","properties":{"obj_type":"12-Non-residential Buildings","name":"Unknown","info":"127-Other non-residential buildings","simplified":"Non residential","damage_gra":"Damaged","det_method":"Photo-interpretation","notation":"Building point","or_src_id":2,"dmg_src_id":3,"cd_value":"Not Applicable"},"geometry":{"type":"Point","coordinates":[-67.02945766,10.60915126]}},{"type":"Feature","properties":{"obj_type":"995-Unclassified","name":"Unknown","info":"997-Not Applicable","simplified":"Unclassified","damage_gra":"Damaged","det_method":"Photo-interpretation","notation":"Building point","or_src_id":978,"dmg_src_id":3,"cd_value":"Not Applicable"},"geometry":{"type":"Point","coordinates":[-67.02951372,10.60916799]}},{"type":"Feature","properties":{"obj_type":"995-Unclassified","name":"Unknown","info":"997-Not Applicable","simplified":"Unclassified","damage_gra":"Damaged","det_method":"Photo-interpretation","notation":"Building point","or_src_id":978,"dmg_src_id":3,"cd_value":"Not Applicable"},"geometry":{"type":"Point","coordinates":[-67.0292335,10.60922995]}},{"type":"Feature","properties":{"obj_type":"12-Non-residential Buildings","name":"Unknown","info":"127-Other non-residential buildings","simplified":"Non residential","damage_gra":"Destroyed","det_method":"Photo-interpretation","notation":"Building point","or_src_id":2,"dmg_src_id":3,"cd_value":"Not Applicable"},"geometry":{"type":"Point","coordinates":[-67.02712397,10.60930769]}},{"type":"Feature","properties":{"obj_type":"995-Unclassified","name":"Unknown","info":"997-Not Applicable","simplified":"Unclassified","damage_gra":"Destroyed","det_method":"Photo-interpretation","notation":"Building point","or_src_id":978,"dmg_src_id":3,"cd_value":"Not Applicable"},"geometry":{"type":"Point","coordinates":[-67.03081683,10.60912342]}},{"type":"Feature","properties":{"obj_type":"995-Unclassified","name":"Unknown","info":"997-Not Applicable","simplified":"Unclassified","damage_gra":"Possibly damaged","det_method":"Photo-interpretation","notation":"Building point","or_src_id":978,"dmg_src_id":3,"cd_value":"Not Applicable"},"geometry":{"type":"Point","coordinates":[-67.03185005,10.60924802]}},{"type":"Feature","properties":{"obj_type":"995-Unclassified","name":"Unknown","info":"997-Not Applicable","simplified":"Unclassified","damage_gra":"Destroyed","det_method":"Photo-interpretation","notation":"Building point","or_src_id":978,"dmg_src_id":3,"cd_value":"Not Applicable"},"geometry":{"type":"Point","coordinates":[-67.03151118,10.60951985]}},{"type":"Feature","properties":{"obj_type":"995-Unclassified","name":"Unknown","info":"997-Not Applicable","simplified":"Unclassified","damage_gra":"Destroyed","det_method":"Photo-interpretation","notation":"Building point","or_src_id":978,"dmg_src_id":3,"cd_value":"Not Applicable"},"geometry":{"type":"Point","coordinates":[-67.028879,10.60944305]}},{"type":"Feature","properties":{"obj_type":"995-Unclassified","name":"Unknown","info":"997-Not Applicable","simplified":"Unclassified","damage_gra":"Destroyed","det_method":"Photo-interpretation","notation":"Building point","or_src_id":978,"dmg_src_id":3,"cd_value":"Not Applicable"},"geometry":{"type":"Point","coordinates":[-67.02688338,10.60945838]}},{"type":"Feature","properties":{"obj_type":"995-Unclassified","name":"Unknown","info":"997-Not Applicable","simplified":"Unclassified","damage_gra":"Destroyed","det_method":"Photo-interpretation","notation":"Building point","or_src_id":978,"dmg_src_id":3,"cd_value":"Not Applicable"},"geometry":{"type":"Point","coordinates":[-67.02680748,10.60957636]}},{"type":"Feature","properties":{"obj_type":"995-Unclassified","name":"Unknown","info":"997-Not Applicable","simplified":"Unclassified","damage_gra":"Destroyed","det_method":"Photo-interpretation","notation":"Building point","or_src_id":978,"dmg_src_id":3,"cd_value":"Not Applicable"},"geometry":{"type":"Point","coordinates":[-67.02812401,10.60963412]}},{"type":"Feature","properties":{"obj_type":"12-Non-residential Buildings","name":"Unknown","info":"127-Other non-residential buildings","simplified":"Non residential","damage_gra":"Destroyed","det_method":"Photo-interpretation","notation":"Building point","or_src_id":2,"dmg_src_id":3,"cd_value":"Not Applicable"},"geometry":{"type":"Point","coordinates":[-67.02689724,10.60976916]}},{"type":"Feature","properties":{"obj_type":"995-Unclassified","name":"Unknown","info":"997-Not Applicable","simplified":"Unclassified","damage_gra":"Destroyed","det_method":"Photo-interpretation","notation":"Building point","or_src_id":978,"dmg_src_id":3,"cd_value":"Not Applicable"},"geometry":{"type":"Point","coordinates":[-67.02662145,10.60983019]}},{"type":"Feature","properties":{"obj_type":"995-Unclassified","name":"Unknown","info":"997-Not Applicable","simplified":"Unclassified","damage_gra":"Damaged","det_method":"Photo-interpretation","notation":"Building point","or_src_id":978,"dmg_src_id":3,"cd_value":"Not Applicable"},"geometry":{"type":"Point","coordinates":[-67.02790503,10.60988498]}},{"type":"Feature","properties":{"obj_type":"12-Non-residential Buildings","name":"Unknown","info":"127-Other non-residential buildings","simplified":"Non residential","damage_gra":"Damaged","det_method":"Photo-interpretation","notation":"Building point","or_src_id":2,"dmg_src_id":3,"cd_value":"Not Applicable"},"geometry":{"type":"Point","coordinates":[-67.02736937,10.60990146]}},{"type":"Feature","properties":{"obj_type":"995-Unclassified","name":"Unknown","info":"997-Not Applicable","simplified":"Unclassified","damage_gra":"Destroyed","det_method":"Photo-interpretation","notation":"Building point","or_src_id":978,"dmg_src_id":3,"cd_value":"Not Applicable"},"geometry":{"type":"Point","coordinates":[-67.02779305,10.60990545]}},{"type":"Feature","properties":{"obj_type":"12-Non-residential Buildings","name":"Unknown","info":"127-Other non-residential buildings","simplified":"Non residential","damage_gra":"Destroyed","det_method":"Photo-interpretation","notation":"Building point","or_src_id":2,"dmg_src_id":3,"cd_value":"Not Applicable"},"geometry":{"type":"Point","coordinates":[-67.02758517,10.60991892]}},{"type":"Feature","properties":{"obj_type":"12-Non-residential Buildings","name":"Unknown","info":"127-Other non-residential buildings","simplified":"Non residential","damage_gra":"Damaged","det_method":"Photo-interpretation","notation":"Building point","or_src_id":2,"dmg_src_id":3,"cd_value":"Not Applicable"},"geometry":{"type":"Point","coordinates":[-67.02764765,10.60998908]}},{"type":"Feature","properties":{"obj_type":"995-Unclassified","name":"Unknown","info":"997-Not Applicable","simplified":"Unclassified","damage_gra":"Damaged","det_method":"Photo-interpretation","notation":"Building point","or_src_id":978,"dmg_src_id":3,"cd_value":"Not Applicable"},"geometry":{"type":"Point","coordinates":[-67.02751785,10.61000395]}},{"type":"Feature","properties":{"obj_type":"995-Unclassified","name":"Unknown","info":"997-Not Applicable","simplified":"Unclassified","damage_gra":"Destroyed","det_method":"Photo-interpretation","notation":"Building point","or_src_id":978,"dmg_src_id":3,"cd_value":"Not Applicable"},"geometry":{"type":"Point","coordinates":[-67.02771927,10.61001867]}},{"type":"Feature","properties":{"obj_type":"995-Unclassified","name":"Unknown","info":"997-Not Applicable","simplified":"Unclassified","damage_gra":"Possibly damaged","det_method":"Photo-interpretation","notation":"Building point","or_src_id":978,"dmg_src_id":3,"cd_value":"Not Applicable"},"geometry":{"type":"Point","coordinates":[-67.01480396,10.60905854]}},{"type":"Feature","properties":{"obj_type":"995-Unclassified","name":"Unknown","info":"997-Not Applicable","simplified":"Unclassified","damage_gra":"Destroyed","det_method":"Photo-interpretation","notation":"Building point","or_src_id":978,"dmg_src_id":3,"cd_value":"Not Applicable"},"geometry":{"type":"Point","coordinates":[-67.01586325,10.6090829]}},{"type":"Feature","properties":{"obj_type":"995-Unclassified","name":"Unknown","info":"997-Not Applicable","simplified":"Unclassified","damage_gra":"Damaged","det_method":"Photo-interpretation","notation":"Building point","or_src_id":978,"dmg_src_id":3,"cd_value":"Not Applicable"},"geometry":{"type":"Point","coordinates":[-67.0120167,10.60910319]}},{"type":"Feature","properties":{"obj_type":"995-Unclassified","name":"Unknown","info":"997-Not Applicable","simplified":"Unclassified","damage_gra":"Destroyed","det_method":"Photo-interpretation","notation":"Building point","or_src_id":978,"dmg_src_id":3,"cd_value":"Not Applicable"},"geometry":{"type":"Point","coordinates":[-67.0169395,10.60910893]}},{"type":"Feature","properties":{"obj_type":"995-Unclassified","name":"Unknown","info":"997-Not Applicable","simplified":"Unclassified","damage_gra":"Damaged","det_method":"Photo-interpretation","notation":"Building point","or_src_id":978,"dmg_src_id":3,"cd_value":"Not Applicable"},"geometry":{"type":"Point","coordinates":[-67.0135151,10.60911254]}},{"type":"Feature","properties":{"obj_type":"995-Unclassified","name":"Unknown","info":"997-Not Applicable","simplified":"Unclassified","damage_gra":"Destroyed","det_method":"Photo-interpretation","notation":"Building point","or_src_id":978,"dmg_src_id":3,"cd_value":"Not Applicable"},"geometry":{"type":"Point","coordinates":[-67.01328057,10.60939866]}},{"type":"Feature","properties":{"obj_type":"995-Unclassified","name":"Unknown","info":"997-Not Applicable","simplified":"Unclassified","damage_gra":"Damaged","det_method":"Photo-interpretation","notation":"Building point","or_src_id":978,"dmg_src_id":3,"cd_value":"Not Applicable"},"geometry":{"type":"Point","coordinates":[-67.0142944,10.60941985]}},{"type":"Feature","properties":{"obj_type":"995-Unclassified","name":"Unknown","info":"997-Not Applicable","simplified":"Unclassified","damage_gra":"Damaged","det_method":"Photo-interpretation","notation":"Building point","or_src_id":978,"dmg_src_id":3,"cd_value":"Not Applicable"},"geometry":{"type":"Point","coordinates":[-67.01677433,10.60944875]}},{"type":"Feature","properties":{"obj_type":"995-Unclassified","name":"Unknown","info":"997-Not Applicable","simplified":"Unclassified","damage_gra":"Destroyed","det_method":"Photo-interpretation","notation":"Building point","or_src_id":978,"dmg_src_id":3,"cd_value":"Not Applicable"},"geometry":{"type":"Point","coordinates":[-67.0135079,10.60944952]}},{"type":"Feature","properties":{"obj_type":"995-Unclassified","name":"Unknown","info":"997-Not Applicable","simplified":"Unclassified","damage_gra":"Destroyed","det_method":"Photo-interpretation","notation":"Building point","or_src_id":978,"dmg_src_id":3,"cd_value":"Not Applicable"},"geometry":{"type":"Point","coordinates":[-67.01279688,10.60947426]}},{"type":"Feature","properties":{"obj_type":"11-Residential Buildings","name":"Unknown","info":"997-Not Applicable","simplified":"Residential","damage_gra":"Possibly damaged","det_method":"Photo-interpretation","notation":"Building point","or_src_id":1,"dmg_src_id":3,"cd_value":"Not Applicable"},"geometry":{"type":"Point","coordinates":[-67.01874832,10.6094106]}},{"type":"Feature","properties":{"obj_type":"11-Residential Buildings","name":"Unknown","info":"997-Not Applicable","simplified":"Residential","damage_gra":"Destroyed","det_method":"Photo-interpretation","notation":"Building point","or_src_id":1,"dmg_src_id":3,"cd_value":"Not Applicable"},"geometry":{"type":"Point","coordinates":[-67.01707247,10.60941953]}},{"type":"Feature","properties":{"obj_type":"995-Unclassified","name":"Unknown","info":"997-Not Applicable","simplified":"Unclassified","damage_gra":"Destroyed","det_method":"Photo-interpretation","notation":"Building point","or_src_id":978,"dmg_src_id":3,"cd_value":"Not Applicable"},"geometry":{"type":"Point","coordinates":[-67.0190343,10.60943522]}},{"type":"Feature","properties":{"obj_type":"11-Residential Buildings","name":"Unknown","info":"997-Not Applicable","simplified":"Residential","damage_gra":"Destroyed","det_method":"Photo-interpretation","notation":"Building point","or_src_id":1,"dmg_src_id":3,"cd_value":"Not Applicable"},"geometry":{"type":"Point","coordinates":[-67.01722927,10.60945587]}},{"type":"Feature","properties":{"obj_type":"11-Residential Buildings","name":"Unknown","info":"997-Not Applicable","simplified":"Residential","damage_gra":"Destroyed","det_method":"Photo-interpretation","notation":"Building point","or_src_id":2,"dmg_src_id":3,"cd_value":"Not Applicable"},"geometry":{"type":"Point","coordinates":[-67.01703302,10.60946418]}},{"type":"Feature","properties":{"obj_type":"995-Unclassified","name":"Unknown","info":"997-Not Applicable","simplified":"Unclassified","damage_gra":"Possibly damaged","det_method":"Photo-interpretation","notation":"Building point","or_src_id":978,"dmg_src_id":3,"cd_value":"Not Applicable"},"geometry":{"type":"Point","coordinates":[-67.01932625,10.60946704]}},{"type":"Feature","properties":{"obj_type":"11-Residential Buildings","name":"Unknown","info":"997-Not Applicable","simplified":"Residential","damage_gra":"Damaged","det_method":"Photo-interpretation","notation":"Building point","or_src_id":1,"dmg_src_id":3,"cd_value":"Not Applicable"},"geometry":{"type":"Point","coordinates":[-67.01709428,10.6094756]}},{"type":"Feature","properties":{"obj_type":"11-Residential Buildings","name":"Unknown","info":"997-Not Applicable","simplified":"Residential","damage_gra":"Destroyed","det_method":"Photo-interpretation","notation":"Building point","or_src_id":1,"dmg_src_id":3,"cd_value":"Not Applicable"},"geometry":{"type":"Point","coordinates":[-67.01715866,10.60949637]}},{"type":"Feature","properties":{"obj_type":"11-Residential Buildings","name":"Unknown","info":"997-Not Applicable","simplified":"Residential","damage_gra":"Destroyed","det_method":"Photo-interpretation","notation":"Building point","or_src_id":1,"dmg_src_id":3,"cd_value":"Not Applicable"},"geometry":{"type":"Point","coordinates":[-67.01711193,10.60952648]}},{"type":"Feature","properties":{"obj_type":"11-Residential Buildings","name":"Unknown","info":"997-Not Applicable","simplified":"Residential","damage_gra":"Damaged","det_method":"Photo-interpretation","notation":"Building point","or_src_id":1,"dmg_src_id":3,"cd_value":"Not Applicable"},"geometry":{"type":"Point","coordinates":[-67.01704444,10.60953064]}},{"type":"Feature","properties":{"obj_type":"995-Unclassified","name":"Unknown","info":"997-Not Applicable","simplified":"Unclassified","damage_gra":"Destroyed","det_method":"Photo-interpretation","notation":"Building point","or_src_id":978,"dmg_src_id":3,"cd_value":"Not Applicable"},"geometry":{"type":"Point","coordinates":[-67.015937,10.6095023]}},{"type":"Feature","properties":{"obj_type":"995-Unclassified","name":"Unknown","info":"997-Not Applicable","simplified":"Unclassified","damage_gra":"Destroyed","det_method":"Photo-interpretation","notation":"Building point","or_src_id":978,"dmg_src_id":3,"cd_value":"Not Applicable"},"geometry":{"type":"Point","coordinates":[-67.0133788,10.6095157]}},{"type":"Feature","properties":{"obj_type":"995-Unclassified","name":"Unknown","info":"997-Not Applicable","simplified":"Unclassified","damage_gra":"Damaged","det_method":"Photo-interpretation","notation":"Building point","or_src_id":978,"dmg_src_id":3,"cd_value":"Not Applicable"},"geometry":{"type":"Point","coordinates":[-67.01104664,10.60953729]}},{"type":"Feature","properties":{"obj_type":"11-Residential Buildings","name":"Unknown","info":"997-Not Applicable","simplified":"Residential","damage_gra":"Damaged","det_method":"Photo-interpretation","notation":"Building point","or_src_id":2,"dmg_src_id":3,"cd_value":"Not Applicable"},"geometry":{"type":"Point","coordinates":[-67.01127729,10.6095431]}},{"type":"Feature","properties":{"obj_type":"995-Unclassified","name":"Unknown","info":"997-Not Applicable","simplified":"Unclassified","damage_gra":"Destroyed","det_method":"Photo-interpretation","notation":"Building point","or_src_id":978,"dmg_src_id":3,"cd_value":"Not Applicable"},"geometry":{"type":"Point","coordinates":[-67.01473002,10.6095569]}},{"type":"Feature","properties":{"obj_type":"995-Unclassified","name":"Unknown","info":"997-Not Applicable","simplified":"Unclassified","damage_gra":"Destroyed","det_method":"Photo-interpretation","notation":"Building point","or_src_id":978,"dmg_src_id":3,"cd_value":"Not Applicable"},"geometry":{"type":"Point","coordinates":[-67.01141473,10.60956864]}},{"type":"Feature","properties":{"obj_type":"995-Unclassified","name":"Unknown","info":"997-Not Applicable","simplified":"Unclassified","damage_gra":"Damaged","det_method":"Photo-interpretation","notation":"Building point","or_src_id":978,"dmg_src_id":3,"cd_value":"Not Applicable"},"geometry":{"type":"Point","coordinates":[-67.01295994,10.60957525]}},{"type":"Feature","properties":{"obj_type":"995-Unclassified","name":"Unknown","info":"997-Not Applicable","simplified":"Unclassified","damage_gra":"Destroyed","det_method":"Photo-interpretation","notation":"Building point","or_src_id":978,"dmg_src_id":3,"cd_value":"Not Applicable"},"geometry":{"type":"Point","coordinates":[-67.0116481,10.6096045]}},{"type":"Feature","properties":{"obj_type":"995-Unclassified","name":"Unknown","info":"997-Not Applicable","simplified":"Unclassified","damage_gra":"Damaged","det_method":"Photo-interpretation","notation":"Building point","or_src_id":978,"dmg_src_id":3,"cd_value":"Not Applicable"},"geometry":{"type":"Point","coordinates":[-67.01189735,10.6096117]}},{"type":"Feature","properties":{"obj_type":"995-Unclassified","name":"Unknown","info":"997-Not Applicable","simplified":"Unclassified","damage_gra":"Destroyed","det_method":"Photo-interpretation","notation":"Building point","or_src_id":978,"dmg_src_id":3,"cd_value":"Not Applicable"},"geometry":{"type":"Point","coordinates":[-67.01446725,10.60963483]}},{"type":"Feature","properties":{"obj_type":"995-Unclassified","name":"Unknown","info":"997-Not Applicable","simplified":"Unclassified","damage_gra":"Destroyed","det_method":"Photo-interpretation","notation":"Building point","or_src_id":978,"dmg_src_id":3,"cd_value":"Not Applicable"},"geometry":{"type":"Point","coordinates":[-67.0136279,10.60965125]}},{"type":"Feature","properties":{"obj_type":"995-Unclassified","name":"Unknown","info":"997-Not Applicable","simplified":"Unclassified","damage_gra":"Destroyed","det_method":"Photo-interpretation","notation":"Building point","or_src_id":978,"dmg_src_id":3,"cd_value":"Not Applicable"},"geometry":{"type":"Point","coordinates":[-67.014959,10.60967]}},{"type":"Feature","properties":{"obj_type":"995-Unclassified","name":"Unknown","info":"997-Not Applicable","simplified":"Unclassified","damage_gra":"Damaged","det_method":"Photo-interpretation","notation":"Building point","or_src_id":978,"dmg_src_id":3,"cd_value":"Not Applicable"},"geometry":{"type":"Point","coordinates":[-67.0120465,10.6096703]}},{"type":"Feature","properties":{"obj_type":"995-Unclassified","name":"Unknown","info":"997-Not Applicable","simplified":"Unclassified","damage_gra":"Possibly damaged","det_method":"Photo-interpretation","notation":"Building point","or_src_id":978,"dmg_src_id":3,"cd_value":"Not Applicable"},"geometry":{"type":"Point","coordinates":[-67.01619863,10.60973547]}},{"type":"Feature","properties":{"obj_type":"995-Unclassified","name":"Unknown","info":"997-Not Applicable","simplified":"Unclassified","damage_gra":"Destroyed","det_method":"Photo-interpretation","notation":"Building point","or_src_id":978,"dmg_src_id":3,"cd_value":"Not Applicable"},"geometry":{"type":"Point","coordinates":[-67.01378545,10.609764]}},{"type":"Feature","properties":{"obj_type":"995-Unclassified","name":"Unknown","info":"997-Not Applicable","simplified":"Unclassified","damage_gra":"Destroyed","det_method":"Photo-interpretation","notation":"Building point","or_src_id":978,"dmg_src_id":3,"cd_value":"Not Applicable"},"geometry":{"type":"Point","coordinates":[-67.01367387,10.6097661]}},{"type":"Feature","properties":{"obj_type":"995-Unclassified","name":"Unknown","info":"997-Not Applicable","simplified":"Unclassified","damage_gra":"Destroyed","det_method":"Photo-interpretation","notation":"Building point","or_src_id":978,"dmg_src_id":3,"cd_value":"Not Applicable"},"geometry":{"type":"Point","coordinates":[-67.01471315,10.60982593]}},{"type":"Feature","properties":{"obj_type":"995-Unclassified","name":"Unknown","info":"997-Not Applicable","simplified":"Unclassified","damage_gra":"Damaged","det_method":"Photo-interpretation","notation":"Building point","or_src_id":978,"dmg_src_id":3,"cd_value":"Not Applicable"},"geometry":{"type":"Point","coordinates":[-67.01212748,10.60988961]}},{"type":"Feature","properties":{"obj_type":"995-Unclassified","name":"Unknown","info":"997-Not Applicable","simplified":"Unclassified","damage_gra":"Possibly damaged","det_method":"Photo-interpretation","notation":"Building point","or_src_id":978,"dmg_src_id":3,"cd_value":"Not Applicable"},"geometry":{"type":"Point","coordinates":[-67.01137706,10.60990061]}},{"type":"Feature","properties":{"obj_type":"995-Unclassified","name":"Unknown","info":"997-Not Applicable","simplified":"Unclassified","damage_gra":"Possibly damaged","det_method":"Photo-interpretation","notation":"Building point","or_src_id":978,"dmg_src_id":3,"cd_value":"Not Applicable"},"geometry":{"type":"Point","coordinates":[-67.0151837,10.60997095]}},{"type":"Feature","properties":{"obj_type":"995-Unclassified","name":"Unknown","info":"997-Not Applicable","simplified":"Unclassified","damage_gra":"Damaged","det_method":"Photo-interpretation","notation":"Building point","or_src_id":978,"dmg_src_id":3,"cd_value":"Not Applicable"},"geometry":{"type":"Point","coordinates":[-67.01728995,10.60955048]}},{"type":"Feature","properties":{"obj_type":"11-Residential Buildings","name":"Unknown","info":"997-Not Applicable","simplified":"Residential","damage_gra":"Possibly damaged","det_method":"Photo-interpretation","notation":"Building point","or_src_id":1,"dmg_src_id":3,"cd_value":"Not Applicable"},"geometry":{"type":"Point","coordinates":[-67.01875686,10.60956998]}},{"type":"Feature","properties":{"obj_type":"995-Unclassified","name":"Unknown","info":"997-Not Applicable","simplified":"Unclassified","damage_gra":"Destroyed","det_method":"Photo-interpretation","notation":"Building point","or_src_id":978,"dmg_src_id":3,"cd_value":"Not Applicable"},"geometry":{"type":"Point","coordinates":[-67.01708868,10.60957921]}},{"type":"Feature","properties":{"obj_type":"995-Unclassified","name":"Unknown","info":"997-Not Applicable","simplified":"Unclassified","damage_gra":"Destroyed","det_method":"Photo-interpretation","notation":"Building point","or_src_id":978,"dmg_src_id":3,"cd_value":"Not Applicable"},"geometry":{"type":"Point","coordinates":[-67.01714073,10.60958447]}},{"type":"Feature","properties":{"obj_type":"995-Unclassified","name":"Unknown","info":"997-Not Applicable","simplified":"Unclassified","damage_gra":"Damaged","det_method":"Photo-interpretation","notation":"Building point","or_src_id":978,"dmg_src_id":3,"cd_value":"Not Applicable"},"geometry":{"type":"Point","coordinates":[-67.01939792,10.60961173]}},{"type":"Feature","properties":{"obj_type":"995-Unclassified","name":"Unknown","info":"997-Not Applicable","simplified":"Unclassified","damage_gra":"Damaged","det_method":"Photo-interpretation","notation":"Building point","or_src_id":978,"dmg_src_id":3,"cd_value":"Not Applicable"},"geometry":{"type":"Point","coordinates":[-67.01999412,10.60975032]}},{"type":"Feature","properties":{"obj_type":"995-Unclassified","name":"Unknown","info":"997-Not Applicable","simplified":"Unclassified","damage_gra":"Possibly damaged","det_method":"Photo-interpretation","notation":"Building point","or_src_id":978,"dmg_src_id":3,"cd_value":"Not Applicable"},"geometry":{"type":"Point","coordinates":[-67.02075453,10.60981803]}},{"type":"Feature","properties":{"obj_type":"995-Unclassified","name":"Unknown","info":"997-Not Applicable","simplified":"Unclassified","damage_gra":"Possibly damaged","det_method":"Photo-interpretation","notation":"Building point","or_src_id":978,"dmg_src_id":3,"cd_value":"Not Applicable"},"geometry":{"type":"Point","coordinates":[-67.02099465,10.60992905]}},{"type":"Feature","properties":{"obj_type":"995-Unclassified","name":"Unknown","info":"997-Not Applicable","simplified":"Unclassified","damage_gra":"Destroyed","det_method":"Photo-interpretation","notation":"Building point","or_src_id":978,"dmg_src_id":3,"cd_value":"Not Applicable"},"geometry":{"type":"Point","coordinates":[-67.01951379,10.61015047]}},{"type":"Feature","properties":{"obj_type":"995-Unclassified","name":"Unknown","info":"997-Not Applicable","simplified":"Unclassified","damage_gra":"Destroyed","det_method":"Photo-interpretation","notation":"Building point","or_src_id":978,"dmg_src_id":3,"cd_value":"Not Applicable"},"geometry":{"type":"Point","coordinates":[-67.01764476,10.61027256]}},{"type":"Feature","properties":{"obj_type":"995-Unclassified","name":"Unknown","info":"997-Not Applicable","simplified":"Unclassified","damage_gra":"Possibly damaged","det_method":"Photo-interpretation","notation":"Building point","or_src_id":978,"dmg_src_id":3,"cd_value":"Not Applicable"},"geometry":{"type":"Point","coordinates":[-67.02302666,10.60998398]}},{"type":"Feature","properties":{"obj_type":"995-Unclassified","name":"Unknown","info":"997-Not Applicable","simplified":"Unclassified","damage_gra":"Possibly damaged","det_method":"Photo-interpretation","notation":"Building point","or_src_id":978,"dmg_src_id":3,"cd_value":"Not Applicable"},"geometry":{"type":"Point","coordinates":[-67.02566427,10.60999244]}},{"type":"Feature","properties":{"obj_type":"995-Unclassified","name":"Unknown","info":"997-Not Applicable","simplified":"Unclassified","damage_gra":"Possibly damaged","det_method":"Photo-interpretation","notation":"Building point","or_src_id":978,"dmg_src_id":3,"cd_value":"Not Applicable"},"geometry":{"type":"Point","coordinates":[-67.02319645,10.6100156]}},{"type":"Feature","properties":{"obj_type":"995-Unclassified","name":"Unknown","info":"997-Not Applicable","simplified":"Unclassified","damage_gra":"Damaged","det_method":"Photo-interpretation","notation":"Building point","or_src_id":978,"dmg_src_id":3,"cd_value":"Not Applicable"},"geometry":{"type":"Point","coordinates":[-67.02357635,10.6100399]}},{"type":"Feature","properties":{"obj_type":"995-Unclassified","name":"Unknown","info":"997-Not Applicable","simplified":"Unclassified","damage_gra":"Possibly damaged","det_method":"Photo-interpretation","notation":"Building point","or_src_id":978,"dmg_src_id":3,"cd_value":"Not Applicable"},"geometry":{"type":"Point","coordinates":[-67.0243547,10.61004215]}},{"type":"Feature","properties":{"obj_type":"995-Unclassified","name":"Unknown","info":"997-Not Applicable","simplified":"Unclassified","damage_gra":"Possibly damaged","det_method":"Photo-interpretation","notation":"Building point","or_src_id":978,"dmg_src_id":3,"cd_value":"Not Applicable"},"geometry":{"type":"Point","coordinates":[-67.02536205,10.61005855]}},{"type":"Feature","properties":{"obj_type":"995-Unclassified","name":"Unknown","info":"997-Not Applicable","simplified":"Unclassified","damage_gra":"Possibly damaged","det_method":"Photo-interpretation","notation":"Building point","or_src_id":978,"dmg_src_id":3,"cd_value":"Not Applicable"},"geometry":{"type":"Point","coordinates":[-67.02319001,10.6100733]}},{"type":"Feature","properties":{"obj_type":"12-Non-residential Buildings","name":"Unknown","info":"127-Other non-residential buildings","simplified":"Non residential","damage_gra":"Destroyed","det_method":"Photo-interpretation","notation":"Building point","or_src_id":2,"dmg_src_id":3,"cd_value":"Not Applicable"},"geometry":{"type":"Point","coordinates":[-67.02337441,10.61010878]}},{"type":"Feature","properties":{"obj_type":"995-Unclassified","name":"Unknown","info":"997-Not Applicable","simplified":"Unclassified","damage_gra":"Possibly damaged","det_method":"Photo-interpretation","notation":"Building point","or_src_id":978,"dmg_src_id":3,"cd_value":"Not Applicable"},"geometry":{"type":"Point","coordinates":[-67.02452993,10.6101768]}},{"type":"Feature","properties":{"obj_type":"12-Non-residential Buildings","name":"Unknown","info":"127-Other non-residential buildings","simplified":"Non residential","damage_gra":"Destroyed","det_method":"Photo-interpretation","notation":"Building point","or_src_id":2,"dmg_src_id":3,"cd_value":"Not Applicable"},"geometry":{"type":"Point","coordinates":[-67.02336424,10.61025902]}},{"type":"Feature","properties":{"obj_type":"995-Unclassified","name":"Unknown","info":"997-Not Applicable","simplified":"Unclassified","damage_gra":"Possibly damaged","det_method":"Photo-interpretation","notation":"Building point","or_src_id":978,"dmg_src_id":3,"cd_value":"Not Applicable"},"geometry":{"type":"Point","coordinates":[-67.0154341,10.61002325]}},{"type":"Feature","properties":{"obj_type":"995-Unclassified","name":"Unknown","info":"997-Not Applicable","simplified":"Unclassified","damage_gra":"Destroyed","det_method":"Photo-interpretation","notation":"Building point","or_src_id":978,"dmg_src_id":3,"cd_value":"Not Applicable"},"geometry":{"type":"Point","coordinates":[-67.01206431,10.61002537]}},{"type":"Feature","properties":{"obj_type":"995-Unclassified","name":"Unknown","info":"997-Not Applicable","simplified":"Unclassified","damage_gra":"Possibly damaged","det_method":"Photo-interpretation","notation":"Building point","or_src_id":978,"dmg_src_id":3,"cd_value":"Not Applicable"},"geometry":{"type":"Point","coordinates":[-67.01343987,10.61023312]}},{"type":"Feature","properties":{"obj_type":"995-Unclassified","name":"Unknown","info":"997-Not Applicable","simplified":"Unclassified","damage_gra":"Destroyed","det_method":"Photo-interpretation","notation":"Building point","or_src_id":978,"dmg_src_id":3,"cd_value":"Not Applicable"},"geometry":{"type":"Point","coordinates":[-67.01179475,10.61024095]}},{"type":"Feature","properties":{"obj_type":"995-Unclassified","name":"Unknown","info":"997-Not Applicable","simplified":"Unclassified","damage_gra":"Destroyed","det_method":"Photo-interpretation","notation":"Building point","or_src_id":978,"dmg_src_id":3,"cd_value":"Not Applicable"},"geometry":{"type":"Point","coordinates":[-67.01260694,10.61024998]}},{"type":"Feature","properties":{"obj_type":"995-Unclassified","name":"Unknown","info":"997-Not Applicable","simplified":"Unclassified","damage_gra":"Possibly damaged","det_method":"Photo-interpretation","notation":"Building point","or_src_id":978,"dmg_src_id":3,"cd_value":"Not Applicable"},"geometry":{"type":"Point","coordinates":[-67.01394895,10.6102542]}},{"type":"Feature","properties":{"obj_type":"995-Unclassified","name":"Unknown","info":"997-Not Applicable","simplified":"Unclassified","damage_gra":"Destroyed","det_method":"Photo-interpretation","notation":"Building point","or_src_id":978,"dmg_src_id":3,"cd_value":"Not Applicable"},"geometry":{"type":"Point","coordinates":[-67.01170773,10.61028856]}},{"type":"Feature","properties":{"obj_type":"995-Unclassified","name":"Unknown","info":"997-Not Applicable","simplified":"Unclassified","damage_gra":"Damaged","det_method":"Photo-interpretation","notation":"Building point","or_src_id":978,"dmg_src_id":3,"cd_value":"Not Applicable"},"geometry":{"type":"Point","coordinates":[-67.0130431,10.61029465]}},{"type":"Feature","properties":{"obj_type":"995-Unclassified","name":"Unknown","info":"997-Not Applicable","simplified":"Unclassified","damage_gra":"Damaged","det_method":"Photo-interpretation","notation":"Building point","or_src_id":978,"dmg_src_id":3,"cd_value":"Not Applicable"},"geometry":{"type":"Point","coordinates":[-67.0168965,10.61032687]}},{"type":"Feature","properties":{"obj_type":"995-Unclassified","name":"Unknown","info":"997-Not Applicable","simplified":"Unclassified","damage_gra":"Possibly damaged","det_method":"Photo-interpretation","notation":"Building point","or_src_id":978,"dmg_src_id":3,"cd_value":"Not Applicable"},"geometry":{"type":"Point","coordinates":[-67.0164755,10.61033205]}},{"type":"Feature","properties":{"obj_type":"995-Unclassified","name":"Unknown","info":"997-Not Applicable","simplified":"Unclassified","damage_gra":"Damaged","det_method":"Photo-interpretation","notation":"Building point","or_src_id":978,"dmg_src_id":3,"cd_value":"Not Applicable"},"geometry":{"type":"Point","coordinates":[-67.01663097,10.61035577]}},{"type":"Feature","properties":{"obj_type":"995-Unclassified","name":"Unknown","info":"997-Not Applicable","simplified":"Unclassified","damage_gra":"Damaged","det_method":"Photo-interpretation","notation":"Building point","or_src_id":978,"dmg_src_id":3,"cd_value":"Not Applicable"},"geometry":{"type":"Point","coordinates":[-67.01457722,10.61036265]}},{"type":"Feature","properties":{"obj_type":"995-Unclassified","name":"Unknown","info":"997-Not Applicable","simplified":"Unclassified","damage_gra":"Damaged","det_method":"Photo-interpretation","notation":"Building point","or_src_id":978,"dmg_src_id":3,"cd_value":"Not Applicable"},"geometry":{"type":"Point","coordinates":[-67.0122345,10.61036538]}},{"type":"Feature","properties":{"obj_type":"995-Unclassified","name":"Unknown","info":"997-Not Applicable","simplified":"Unclassified","damage_gra":"Destroyed","det_method":"Photo-interpretation","notation":"Building point","or_src_id":978,"dmg_src_id":3,"cd_value":"Not Applicable"},"geometry":{"type":"Point","coordinates":[-67.0127857,10.61039106]}},{"type":"Feature","properties":{"obj_type":"995-Unclassified","name":"Unknown","info":"997-Not Applicable","simplified":"Unclassified","damage_gra":"Damaged","det_method":"Photo-interpretation","notation":"Building point","or_src_id":978,"dmg_src_id":3,"cd_value":"Not Applicable"},"geometry":{"type":"Point","coordinates":[-67.0134279,10.61041271]}},{"type":"Feature","properties":{"obj_type":"995-Unclassified","name":"Unknown","info":"997-Not Applicable","simplified":"Unclassified","damage_gra":"Damaged","det_method":"Photo-interpretation","notation":"Building point","or_src_id":978,"dmg_src_id":3,"cd_value":"Not Applicable"},"geometry":{"type":"Point","coordinates":[-67.01605233,10.61041364]}},{"type":"Feature","properties":{"obj_type":"995-Unclassified","name":"Unknown","info":"997-Not Applicable","simplified":"Unclassified","damage_gra":"Damaged","det_method":"Photo-interpretation","notation":"Building point","or_src_id":978,"dmg_src_id":3,"cd_value":"Not Applicable"},"geometry":{"type":"Point","coordinates":[-67.01667011,10.61042332]}},{"type":"Feature","properties":{"obj_type":"995-Unclassified","name":"Unknown","info":"997-Not Applicable","simplified":"Unclassified","damage_gra":"Destroyed","det_method":"Photo-interpretation","notation":"Building point","or_src_id":978,"dmg_src_id":3,"cd_value":"Not Applicable"},"geometry":{"type":"Point","coordinates":[-67.0126031,10.61045039]}},{"type":"Feature","properties":{"obj_type":"995-Unclassified","name":"Unknown","info":"997-Not Applicable","simplified":"Unclassified","damage_gra":"Destroyed","det_method":"Photo-interpretation","notation":"Building point","or_src_id":978,"dmg_src_id":3,"cd_value":"Not Applicable"},"geometry":{"type":"Point","coordinates":[-67.01196174,10.61047128]}},{"type":"Feature","properties":{"obj_type":"995-Unclassified","name":"Unknown","info":"997-Not Applicable","simplified":"Unclassified","damage_gra":"Destroyed","det_method":"Photo-interpretation","notation":"Building point","or_src_id":978,"dmg_src_id":3,"cd_value":"Not Applicable"},"geometry":{"type":"Point","coordinates":[-67.0114185,10.61047184]}},{"type":"Feature","properties":{"obj_type":"995-Unclassified","name":"Unknown","info":"997-Not Applicable","simplified":"Unclassified","damage_gra":"Destroyed","det_method":"Photo-interpretation","notation":"Building point","or_src_id":978,"dmg_src_id":3,"cd_value":"Not Applicable"},"geometry":{"type":"Point","coordinates":[-67.01235275,10.6105079]}},{"type":"Feature","properties":{"obj_type":"995-Unclassified","name":"Unknown","info":"997-Not Applicable","simplified":"Unclassified","damage_gra":"Destroyed","det_method":"Photo-interpretation","notation":"Building point","or_src_id":978,"dmg_src_id":3,"cd_value":"Not Applicable"},"geometry":{"type":"Point","coordinates":[-67.01099801,10.61056025]}},{"type":"Feature","properties":{"obj_type":"995-Unclassified","name":"Unknown","info":"997-Not Applicable","simplified":"Unclassified","damage_gra":"Damaged","det_method":"Photo-interpretation","notation":"Building point","or_src_id":978,"dmg_src_id":3,"cd_value":"Not Applicable"},"geometry":{"type":"Point","coordinates":[-67.01198012,10.61063666]}},{"type":"Feature","properties":{"obj_type":"995-Unclassified","name":"Unknown","info":"997-Not Applicable","simplified":"Unclassified","damage_gra":"Destroyed","det_method":"Photo-interpretation","notation":"Building point","or_src_id":978,"dmg_src_id":3,"cd_value":"Not Applicable"},"geometry":{"type":"Point","coordinates":[-67.01286162,10.61070989]}},{"type":"Feature","properties":{"obj_type":"995-Unclassified","name":"Unknown","info":"997-Not Applicable","simplified":"Unclassified","damage_gra":"Damaged","det_method":"Photo-interpretation","notation":"Building point","or_src_id":978,"dmg_src_id":3,"cd_value":"Not Applicable"},"geometry":{"type":"Point","coordinates":[-67.01205143,10.61071084]}},{"type":"Feature","properties":{"obj_type":"995-Unclassified","name":"Unknown","info":"997-Not Applicable","simplified":"Unclassified","damage_gra":"Damaged","det_method":"Photo-interpretation","notation":"Building point","or_src_id":978,"dmg_src_id":3,"cd_value":"Not Applicable"},"geometry":{"type":"Point","coordinates":[-67.01259486,10.61074041]}},{"type":"Feature","properties":{"obj_type":"995-Unclassified","name":"Unknown","info":"997-Not Applicable","simplified":"Unclassified","damage_gra":"Damaged","det_method":"Photo-interpretation","notation":"Building point","or_src_id":978,"dmg_src_id":3,"cd_value":"Not Applicable"},"geometry":{"type":"Point","coordinates":[-67.01518193,10.61076636]}},{"type":"Feature","properties":{"obj_type":"995-Unclassified","name":"Unknown","info":"997-Not Applicable","simplified":"Unclassified","damage_gra":"Damaged","det_method":"Photo-interpretation","notation":"Building point","or_src_id":978,"dmg_src_id":3,"cd_value":"Not Applicable"},"geometry":{"type":"Point","coordinates":[-67.01607275,10.61088165]}},{"type":"Feature","properties":{"obj_type":"995-Unclassified","name":"Unknown","info":"997-Not Applicable","simplified":"Unclassified","damage_gra":"Destroyed","det_method":"Photo-interpretation","notation":"Building point","or_src_id":978,"dmg_src_id":3,"cd_value":"Not Applicable"},"geometry":{"type":"Point","coordinates":[-67.01290269,10.61091266]}},{"type":"Feature","properties":{"obj_type":"995-Unclassified","name":"Unknown","info":"997-Not Applicable","simplified":"Unclassified","damage_gra":"Damaged","det_method":"Photo-interpretation","notation":"Building point","or_src_id":978,"dmg_src_id":3,"cd_value":"Not Applicable"},"geometry":{"type":"Point","coordinates":[-67.0162128,10.61095879]}},{"type":"Feature","properties":{"obj_type":"995-Unclassified","name":"Unknown","info":"997-Not Applicable","simplified":"Unclassified","damage_gra":"Destroyed","det_method":"Photo-interpretation","notation":"Building point","or_src_id":978,"dmg_src_id":3,"cd_value":"Not Applicable"},"geometry":{"type":"Point","coordinates":[-67.01753946,10.61040282]}},{"type":"Feature","properties":{"obj_type":"995-Unclassified","name":"Unknown","info":"997-Not Applicable","simplified":"Unclassified","damage_gra":"Destroyed","det_method":"Photo-interpretation","notation":"Building point","or_src_id":978,"dmg_src_id":3,"cd_value":"Not Applicable"},"geometry":{"type":"Point","coordinates":[-67.01870693,10.61052333]}},{"type":"Feature","properties":{"obj_type":"995-Unclassified","name":"Unknown","info":"997-Not Applicable","simplified":"Unclassified","damage_gra":"Destroyed","det_method":"Photo-interpretation","notation":"Building point","or_src_id":978,"dmg_src_id":3,"cd_value":"Not Applicable"},"geometry":{"type":"Point","coordinates":[-67.01762677,10.61058966]}},{"type":"Feature","properties":{"obj_type":"995-Unclassified","name":"Unknown","info":"997-Not Applicable","simplified":"Unclassified","damage_gra":"Destroyed","det_method":"Photo-interpretation","notation":"Building point","or_src_id":978,"dmg_src_id":3,"cd_value":"Not Applicable"},"geometry":{"type":"Point","coordinates":[-67.01722651,10.61065373]}},{"type":"Feature","properties":{"obj_type":"12-Non-residential Buildings","name":"Unknown","info":"127-Other non-residential buildings","simplified":"Non residential","damage_gra":"Possibly damaged","det_method":"Photo-interpretation","notation":"Building point","or_src_id":2,"dmg_src_id":3,"cd_value":"Not Applicable"},"geometry":{"type":"Point","coordinates":[-67.02078914,10.61072958]}},{"type":"Feature","properties":{"obj_type":"995-Unclassified","name":"Unknown","info":"997-Not Applicable","simplified":"Unclassified","damage_gra":"Destroyed","det_method":"Photo-interpretation","notation":"Building point","or_src_id":978,"dmg_src_id":3,"cd_value":"Not Applicable"},"geometry":{"type":"Point","coordinates":[-67.01706801,10.61074346]}},{"type":"Feature","properties":{"obj_type":"995-Unclassified","name":"Unknown","info":"997-Not Applicable","simplified":"Unclassified","damage_gra":"Possibly damaged","det_method":"Photo-interpretation","notation":"Building point","or_src_id":978,"dmg_src_id":3,"cd_value":"Not Applicable"},"geometry":{"type":"Point","coordinates":[-67.02099235,10.61077395]}},{"type":"Feature","properties":{"obj_type":"995-Unclassified","name":"Unknown","info":"997-Not Applicable","simplified":"Unclassified","damage_gra":"Damaged","det_method":"Photo-interpretation","notation":"Building point","or_src_id":978,"dmg_src_id":3,"cd_value":"Not Applicable"},"geometry":{"type":"Point","coordinates":[-67.01862018,10.61098581]}},{"type":"Feature","properties":{"obj_type":"995-Unclassified","name":"Unknown","info":"997-Not Applicable","simplified":"Unclassified","damage_gra":"Destroyed","det_method":"Photo-interpretation","notation":"Building point","or_src_id":978,"dmg_src_id":3,"cd_value":"Not Applicable"},"geometry":{"type":"Point","coordinates":[-67.01781333,10.61108919]}},{"type":"Feature","properties":{"obj_type":"995-Unclassified","name":"Unknown","info":"997-Not Applicable","simplified":"Unclassified","damage_gra":"Destroyed","det_method":"Photo-interpretation","notation":"Building point","or_src_id":978,"dmg_src_id":3,"cd_value":"Not Applicable"},"geometry":{"type":"Point","coordinates":[-67.01777062,10.61143447]}},{"type":"Feature","properties":{"obj_type":"995-Unclassified","name":"Unknown","info":"997-Not Applicable","simplified":"Unclassified","damage_gra":"Possibly damaged","det_method":"Photo-interpretation","notation":"Building point","or_src_id":978,"dmg_src_id":3,"cd_value":"Not Applicable"},"geometry":{"type":"Point","coordinates":[-67.025074,10.610329]}},{"type":"Feature","properties":{"obj_type":"995-Unclassified","name":"Unknown","info":"997-Not Applicable","simplified":"Unclassified","damage_gra":"Possibly damaged","det_method":"Photo-interpretation","notation":"Building point","or_src_id":978,"dmg_src_id":3,"cd_value":"Not Applicable"},"geometry":{"type":"Point","coordinates":[-67.02419135,10.61040615]}},{"type":"Feature","properties":{"obj_type":"995-Unclassified","name":"Unknown","info":"997-Not Applicable","simplified":"Unclassified","damage_gra":"Possibly damaged","det_method":"Photo-interpretation","notation":"Building point","or_src_id":978,"dmg_src_id":3,"cd_value":"Not Applicable"},"geometry":{"type":"Point","coordinates":[-67.0244204,10.6104104]}},{"type":"Feature","properties":{"obj_type":"995-Unclassified","name":"Unknown","info":"997-Not Applicable","simplified":"Unclassified","damage_gra":"Possibly damaged","det_method":"Photo-interpretation","notation":"Building point","or_src_id":978,"dmg_src_id":3,"cd_value":"Not Applicable"},"geometry":{"type":"Point","coordinates":[-67.02298787,10.61043086]}},{"type":"Feature","properties":{"obj_type":"995-Unclassified","name":"Unknown","info":"997-Not Applicable","simplified":"Unclassified","damage_gra":"Damaged","det_method":"Photo-interpretation","notation":"Building point","or_src_id":978,"dmg_src_id":3,"cd_value":"Not Applicable"},"geometry":{"type":"Point","coordinates":[-67.0236893,10.61043315]}},{"type":"Feature","properties":{"obj_type":"995-Unclassified","name":"Unknown","info":"997-Not Applicable","simplified":"Unclassified","damage_gra":"Damaged","det_method":"Photo-interpretation","notation":"Building point","or_src_id":978,"dmg_src_id":3,"cd_value":"Not Applicable"},"geometry":{"type":"Point","coordinates":[-67.02368125,10.6108497]}},{"type":"Feature","properties":{"obj_type":"995-Unclassified","name":"Unknown","info":"997-Not Applicable","simplified":"Unclassified","damage_gra":"Possibly damaged","det_method":"Photo-interpretation","notation":"Building point","or_src_id":978,"dmg_src_id":3,"cd_value":"Not Applicable"},"geometry":{"type":"Point","coordinates":[-67.02362828,10.61248183]}},{"type":"Feature","properties":{"obj_type":"995-Unclassified","name":"Unknown","info":"997-Not Applicable","simplified":"Unclassified","damage_gra":"Possibly damaged","det_method":"Photo-interpretation","notation":"Building point","or_src_id":978,"dmg_src_id":3,"cd_value":"Not Applicable"},"geometry":{"type":"Point","coordinates":[-67.02408717,10.61293174]}},{"type":"Feature","properties":{"obj_type":"995-Unclassified","name":"Unknown","info":"997-Not Applicable","simplified":"Unclassified","damage_gra":"Destroyed","det_method":"Photo-interpretation","notation":"Building point","or_src_id":978,"dmg_src_id":3,"cd_value":"Not Applicable"},"geometry":{"type":"Point","coordinates":[-67.02403929,10.61293243]}},{"type":"Feature","properties":{"obj_type":"995-Unclassified","name":"Unknown","info":"997-Not Applicable","simplified":"Unclassified","damage_gra":"Destroyed","det_method":"Photo-interpretation","notation":"Building point","or_src_id":978,"dmg_src_id":3,"cd_value":"Not Applicable"},"geometry":{"type":"Point","coordinates":[-67.02405771,10.61300849]}},{"type":"Feature","properties":{"obj_type":"995-Unclassified","name":"Unknown","info":"997-Not Applicable","simplified":"Unclassified","damage_gra":"Damaged","det_method":"Photo-interpretation","notation":"Building point","or_src_id":978,"dmg_src_id":3,"cd_value":"Not Applicable"},"geometry":{"type":"Point","coordinates":[-67.01674287,10.61099501]}},{"type":"Feature","properties":{"obj_type":"995-Unclassified","name":"Unknown","info":"997-Not Applicable","simplified":"Unclassified","damage_gra":"Damaged","det_method":"Photo-interpretation","notation":"Building point","or_src_id":978,"dmg_src_id":3,"cd_value":"Not Applicable"},"geometry":{"type":"Point","coordinates":[-67.01514818,10.61101185]}},{"type":"Feature","properties":{"obj_type":"995-Unclassified","name":"Unknown","info":"997-Not Applicable","simplified":"Unclassified","damage_gra":"Damaged","det_method":"Photo-interpretation","notation":"Building point","or_src_id":978,"dmg_src_id":3,"cd_value":"Not Applicable"},"geometry":{"type":"Point","coordinates":[-67.0145727,10.61104192]}},{"type":"Feature","properties":{"obj_type":"995-Unclassified","name":"Unknown","info":"997-Not Applicable","simplified":"Unclassified","damage_gra":"Destroyed","det_method":"Photo-interpretation","notation":"Building point","or_src_id":978,"dmg_src_id":3,"cd_value":"Not Applicable"},"geometry":{"type":"Point","coordinates":[-67.01654995,10.611068]}},{"type":"Feature","properties":{"obj_type":"995-Unclassified","name":"Unknown","info":"997-Not Applicable","simplified":"Unclassified","damage_gra":"Damaged","det_method":"Photo-interpretation","notation":"Building point","or_src_id":978,"dmg_src_id":3,"cd_value":"Not Applicable"},"geometry":{"type":"Point","coordinates":[-67.01475098,10.61109299]}},{"type":"Feature","properties":{"obj_type":"995-Unclassified","name":"Unknown","info":"997-Not Applicable","simplified":"Unclassified","damage_gra":"Damaged","det_method":"Photo-interpretation","notation":"Building point","or_src_id":978,"dmg_src_id":3,"cd_value":"Not Applicable"},"geometry":{"type":"Point","coordinates":[-67.0149136,10.6111379]}},{"type":"Feature","properties":{"obj_type":"995-Unclassified","name":"Unknown","info":"997-Not Applicable","simplified":"Unclassified","damage_gra":"Destroyed","det_method":"Photo-interpretation","notation":"Building point","or_src_id":978,"dmg_src_id":3,"cd_value":"Not Applicable"},"geometry":{"type":"Point","coordinates":[-67.01651946,10.61117748]}},{"type":"Feature","properties":{"obj_type":"995-Unclassified","name":"Unknown","info":"997-Not Applicable","simplified":"Unclassified","damage_gra":"Destroyed","det_method":"Photo-interpretation","notation":"Building point","or_src_id":978,"dmg_src_id":3,"cd_value":"Not Applicable"},"geometry":{"type":"Point","coordinates":[-67.01193,10.61241155]}},{"type":"Feature","properties":{"obj_type":"995-Unclassified","name":"Unknown","info":"997-Not Applicable","simplified":"Unclassified","damage_gra":"Destroyed","det_method":"Photo-interpretation","notation":"Building point","or_src_id":978,"dmg_src_id":3,"cd_value":"Not Applicable"},"geometry":{"type":"Point","coordinates":[-67.01204982,10.61242546]}},{"type":"Feature","properties":{"obj_type":"995-Unclassified","name":"Unknown","info":"997-Not Applicable","simplified":"Unclassified","damage_gra":"Destroyed","det_method":"Photo-interpretation","notation":"Building point","or_src_id":978,"dmg_src_id":3,"cd_value":"Not Applicable"},"geometry":{"type":"Point","coordinates":[-67.01197794,10.61244687]}},{"type":"Feature","properties":{"obj_type":"995-Unclassified","name":"Unknown","info":"997-Not Applicable","simplified":"Unclassified","damage_gra":"Damaged","det_method":"Photo-interpretation","notation":"Building point","or_src_id":978,"dmg_src_id":3,"cd_value":"Not Applicable"},"geometry":{"type":"Point","coordinates":[-67.02012484,10.61155157]}},{"type":"Feature","properties":{"obj_type":"995-Unclassified","name":"Unknown","info":"997-Not Applicable","simplified":"Unclassified","damage_gra":"Destroyed","det_method":"Photo-interpretation","notation":"Building point","or_src_id":978,"dmg_src_id":3,"cd_value":"Not Applicable"},"geometry":{"type":"Point","coordinates":[-67.01741053,10.6116189]}},{"type":"Feature","properties":{"obj_type":"995-Unclassified","name":"Unknown","info":"997-Not Applicable","simplified":"Unclassified","damage_gra":"Possibly damaged","det_method":"Photo-interpretation","notation":"Building point","or_src_id":978,"dmg_src_id":3,"cd_value":"Not Applicable"},"geometry":{"type":"Point","coordinates":[-67.02154559,10.61162878]}},{"type":"Feature","properties":{"obj_type":"995-Unclassified","name":"Unknown","info":"997-Not Applicable","simplified":"Unclassified","damage_gra":"Possibly damaged","det_method":"Photo-interpretation","notation":"Building point","or_src_id":978,"dmg_src_id":3,"cd_value":"Not Applicable"},"geometry":{"type":"Point","coordinates":[-67.01717116,10.61171892]}},{"type":"Feature","properties":{"obj_type":"995-Unclassified","name":"Unknown","info":"997-Not Applicable","simplified":"Unclassified","damage_gra":"Damaged","det_method":"Photo-interpretation","notation":"Building point","or_src_id":978,"dmg_src_id":3,"cd_value":"Not Applicable"},"geometry":{"type":"Point","coordinates":[-67.01903672,10.61175393]}},{"type":"Feature","properties":{"obj_type":"995-Unclassified","name":"Unknown","info":"997-Not Applicable","simplified":"Unclassified","damage_gra":"Destroyed","det_method":"Photo-interpretation","notation":"Building point","or_src_id":978,"dmg_src_id":3,"cd_value":"Not Applicable"},"geometry":{"type":"Point","coordinates":[-67.0171889,10.61181015]}},{"type":"Feature","properties":{"obj_type":"995-Unclassified","name":"Unknown","info":"997-Not Applicable","simplified":"Unclassified","damage_gra":"Possibly damaged","det_method":"Photo-interpretation","notation":"Building point","or_src_id":978,"dmg_src_id":3,"cd_value":"Not Applicable"},"geometry":{"type":"Point","coordinates":[-67.01719435,10.61254139]}},{"type":"Feature","properties":{"obj_type":"995-Unclassified","name":"Unknown","info":"997-Not Applicable","simplified":"Unclassified","damage_gra":"Possibly damaged","det_method":"Photo-interpretation","notation":"Building point","or_src_id":978,"dmg_src_id":3,"cd_value":"Not Applicable"},"geometry":{"type":"Point","coordinates":[-67.01800808,10.61268465]}},{"type":"Feature","properties":{"obj_type":"995-Unclassified","name":"Unknown","info":"997-Not Applicable","simplified":"Unclassified","damage_gra":"Possibly damaged","det_method":"Photo-interpretation","notation":"Building point","or_src_id":978,"dmg_src_id":3,"cd_value":"Not Applicable"},"geometry":{"type":"Point","coordinates":[-67.02011365,10.61271705]}},{"type":"Feature","properties":{"obj_type":"995-Unclassified","name":"Unknown","info":"997-Not Applicable","simplified":"Unclassified","damage_gra":"Damaged","det_method":"Photo-interpretation","notation":"Building point","or_src_id":978,"dmg_src_id":3,"cd_value":"Not Applicable"},"geometry":{"type":"Point","coordinates":[-67.01986376,10.61272097]}},{"type":"Feature","properties":{"obj_type":"995-Unclassified","name":"Unknown","info":"997-Not Applicable","simplified":"Unclassified","damage_gra":"Damaged","det_method":"Photo-interpretation","notation":"Building point","or_src_id":978,"dmg_src_id":3,"cd_value":"Not Applicable"},"geometry":{"type":"Point","coordinates":[-67.0133301,10.61253743]}},{"type":"Feature","properties":{"obj_type":"995-Unclassified","name":"Unknown","info":"997-Not Applicable","simplified":"Unclassified","damage_gra":"Damaged","det_method":"Photo-interpretation","notation":"Building point","or_src_id":978,"dmg_src_id":3,"cd_value":"Not Applicable"},"geometry":{"type":"Point","coordinates":[-67.01378615,10.61268865]}},{"type":"Feature","properties":{"obj_type":"995-Unclassified","name":"Unknown","info":"997-Not Applicable","simplified":"Unclassified","damage_gra":"Damaged","det_method":"Photo-interpretation","notation":"Building point","or_src_id":978,"dmg_src_id":3,"cd_value":"Not Applicable"},"geometry":{"type":"Point","coordinates":[-67.0141889,10.613011]}},{"type":"Feature","properties":{"obj_type":"12-Non-residential Buildings","name":"Unknown","info":"127-Other non-residential buildings","simplified":"Non residential","damage_gra":"Destroyed","det_method":"Photo-interpretation","notation":"Building point","or_src_id":2,"dmg_src_id":3,"cd_value":"Not Applicable"},"geometry":{"type":"Point","coordinates":[-67.02300379,10.61301795]}},{"type":"Feature","properties":{"obj_type":"995-Unclassified","name":"Unknown","info":"997-Not Applicable","simplified":"Unclassified","damage_gra":"Possibly damaged","det_method":"Photo-interpretation","notation":"Building point","or_src_id":978,"dmg_src_id":3,"cd_value":"Not Applicable"},"geometry":{"type":"Point","coordinates":[-67.02410628,10.61307962]}},{"type":"Feature","properties":{"obj_type":"995-Unclassified","name":"Unknown","info":"997-Not Applicable","simplified":"Unclassified","damage_gra":"Destroyed","det_method":"Photo-interpretation","notation":"Building point","or_src_id":978,"dmg_src_id":3,"cd_value":"Not Applicable"},"geometry":{"type":"Point","coordinates":[-67.02276209,10.61309565]}},{"type":"Feature","properties":{"obj_type":"995-Unclassified","name":"Unknown","info":"997-Not Applicable","simplified":"Unclassified","damage_gra":"Damaged","det_method":"Photo-interpretation","notation":"Building point","or_src_id":978,"dmg_src_id":3,"cd_value":"Not Applicable"},"geometry":{"type":"Point","coordinates":[-67.01991784,10.61305014]}},{"type":"Feature","properties":{"obj_type":"995-Unclassified","name":"Unknown","info":"997-Not Applicable","simplified":"Unclassified","damage_gra":"Damaged","det_method":"Photo-interpretation","notation":"Building point","or_src_id":978,"dmg_src_id":3,"cd_value":"Not Applicable"},"geometry":{"type":"Point","coordinates":[-67.01993975,10.61336645]}},{"type":"Feature","properties":{"obj_type":"995-Unclassified","name":"Unknown","info":"997-Not Applicable","simplified":"Unclassified","damage_gra":"Possibly damaged","det_method":"Photo-interpretation","notation":"Building point","or_src_id":978,"dmg_src_id":3,"cd_value":"Not Applicable"},"geometry":{"type":"Point","coordinates":[-67.01881406,10.61338633]}},{"type":"Feature","properties":{"obj_type":"995-Unclassified","name":"Unknown","info":"997-Not Applicable","simplified":"Unclassified","damage_gra":"Possibly damaged","det_method":"Photo-interpretation","notation":"Building point","or_src_id":978,"dmg_src_id":3,"cd_value":"Not Applicable"},"geometry":{"type":"Point","coordinates":[-66.94897895,10.59402129]}},{"type":"Feature","properties":{"obj_type":"995-Unclassified","name":"Unknown","info":"997-Not Applicable","simplified":"Unclassified","damage_gra":"Destroyed","det_method":"Photo-interpretation","notation":"Building point","or_src_id":978,"dmg_src_id":3,"cd_value":"Not Applicable"},"geometry":{"type":"Point","coordinates":[-66.97110508,10.59409974]}},{"type":"Feature","properties":{"obj_type":"12-Non-residential Buildings","name":"Unknown","info":"127-Other non-residential buildings","simplified":"Non residential","damage_gra":"Damaged","det_method":"Photo-interpretation","notation":"Building point","or_src_id":2,"dmg_src_id":3,"cd_value":"Not Applicable"},"geometry":{"type":"Point","coordinates":[-66.95238395,10.5941732]}},{"type":"Feature","properties":{"obj_type":"11-Residential Buildings","name":"Unknown","info":"997-Not Applicable","simplified":"Residential","damage_gra":"Damaged","det_method":"Photo-interpretation","notation":"Building point","or_src_id":2,"dmg_src_id":3,"cd_value":"Not Applicable"},"geometry":{"type":"Point","coordinates":[-66.94667478,10.59427913]}},{"type":"Feature","properties":{"obj_type":"995-Unclassified","name":"Unknown","info":"997-Not Applicable","simplified":"Unclassified","damage_gra":"Damaged","det_method":"Photo-interpretation","notation":"Building point","or_src_id":978,"dmg_src_id":3,"cd_value":"Not Applicable"},"geometry":{"type":"Point","coordinates":[-66.96286643,10.59638958]}},{"type":"Feature","properties":{"obj_type":"995-Unclassified","name":"Unknown","info":"997-Not Applicable","simplified":"Unclassified","damage_gra":"Possibly damaged","det_method":"Photo-interpretation","notation":"Building point","or_src_id":978,"dmg_src_id":3,"cd_value":"Not Applicable"},"geometry":{"type":"Point","coordinates":[-66.96377765,10.59744054]}},{"type":"Feature","properties":{"obj_type":"995-Unclassified","name":"Unknown","info":"997-Not Applicable","simplified":"Unclassified","damage_gra":"Damaged","det_method":"Photo-interpretation","notation":"Building point","or_src_id":978,"dmg_src_id":3,"cd_value":"Not Applicable"},"geometry":{"type":"Point","coordinates":[-66.96461686,10.59767758]}},{"type":"Feature","properties":{"obj_type":"995-Unclassified","name":"Unknown","info":"997-Not Applicable","simplified":"Unclassified","damage_gra":"Possibly damaged","det_method":"Photo-interpretation","notation":"Building point","or_src_id":978,"dmg_src_id":3,"cd_value":"Not Applicable"},"geometry":{"type":"Point","coordinates":[-66.97517193,10.59797843]}},{"type":"Feature","properties":{"obj_type":"995-Unclassified","name":"Unknown","info":"997-Not Applicable","simplified":"Unclassified","damage_gra":"Possibly damaged","det_method":"Photo-interpretation","notation":"Building point","or_src_id":978,"dmg_src_id":3,"cd_value":"Not Applicable"},"geometry":{"type":"Point","coordinates":[-66.95849188,10.59839936]}},{"type":"Feature","properties":{"obj_type":"995-Unclassified","name":"Unknown","info":"997-Not Applicable","simplified":"Unclassified","damage_gra":"Possibly damaged","det_method":"Photo-interpretation","notation":"Building point","or_src_id":978,"dmg_src_id":3,"cd_value":"Not Applicable"},"geometry":{"type":"Point","coordinates":[-66.96656933,10.59846116]}},{"type":"Feature","properties":{"obj_type":"995-Unclassified","name":"Unknown","info":"997-Not Applicable","simplified":"Unclassified","damage_gra":"Possibly damaged","det_method":"Photo-interpretation","notation":"Building point","or_src_id":978,"dmg_src_id":3,"cd_value":"Not Applicable"},"geometry":{"type":"Point","coordinates":[-66.99900978,10.5921573]}},{"type":"Feature","properties":{"obj_type":"995-Unclassified","name":"Unknown","info":"997-Not Applicable","simplified":"Unclassified","damage_gra":"Possibly damaged","det_method":"Photo-interpretation","notation":"Building point","or_src_id":978,"dmg_src_id":3,"cd_value":"Not Applicable"},"geometry":{"type":"Point","coordinates":[-66.9989659,10.59216345]}},{"type":"Feature","properties":{"obj_type":"995-Unclassified","name":"Unknown","info":"997-Not Applicable","simplified":"Unclassified","damage_gra":"Possibly damaged","det_method":"Photo-interpretation","notation":"Building point","or_src_id":978,"dmg_src_id":3,"cd_value":"Not Applicable"},"geometry":{"type":"Point","coordinates":[-66.98240908,10.60702814]}},{"type":"Feature","properties":{"obj_type":"995-Unclassified","name":"Unknown","info":"997-Not Applicable","simplified":"Unclassified","damage_gra":"Damaged","det_method":"Photo-interpretation","notation":"Building point","or_src_id":978,"dmg_src_id":3,"cd_value":"Not Applicable"},"geometry":{"type":"Point","coordinates":[-66.9987764,10.60745875]}},{"type":"Feature","properties":{"obj_type":"995-Unclassified","name":"Unknown","info":"997-Not Applicable","simplified":"Unclassified","damage_gra":"Possibly damaged","det_method":"Photo-interpretation","notation":"Building point","or_src_id":978,"dmg_src_id":3,"cd_value":"Not Applicable"},"geometry":{"type":"Point","coordinates":[-66.98266045,10.60765145]}},{"type":"Feature","properties":{"obj_type":"995-Unclassified","name":"Unknown","info":"997-Not Applicable","simplified":"Unclassified","damage_gra":"Destroyed","det_method":"Photo-interpretation","notation":"Building point","or_src_id":978,"dmg_src_id":3,"cd_value":"Not Applicable"},"geometry":{"type":"Point","coordinates":[-66.99928015,10.6077744]}},{"type":"Feature","properties":{"obj_type":"995-Unclassified","name":"Unknown","info":"997-Not Applicable","simplified":"Unclassified","damage_gra":"Possibly damaged","det_method":"Photo-interpretation","notation":"Building point","or_src_id":978,"dmg_src_id":3,"cd_value":"Not Applicable"},"geometry":{"type":"Point","coordinates":[-67.0078721,10.6078097]}},{"type":"Feature","properties":{"obj_type":"995-Unclassified","name":"Unknown","info":"997-Not Applicable","simplified":"Unclassified","damage_gra":"Possibly damaged","det_method":"Photo-interpretation","notation":"Building point","or_src_id":978,"dmg_src_id":3,"cd_value":"Not Applicable"},"geometry":{"type":"Point","coordinates":[-66.9817826,10.60784875]}},{"type":"Feature","properties":{"obj_type":"995-Unclassified","name":"Unknown","info":"997-Not Applicable","simplified":"Unclassified","damage_gra":"Damaged","det_method":"Photo-interpretation","notation":"Building point","or_src_id":978,"dmg_src_id":3,"cd_value":"Not Applicable"},"geometry":{"type":"Point","coordinates":[-66.99916995,10.60789455]}},{"type":"Feature","properties":{"obj_type":"995-Unclassified","name":"Unknown","info":"997-Not Applicable","simplified":"Unclassified","damage_gra":"Damaged","det_method":"Photo-interpretation","notation":"Building point","or_src_id":978,"dmg_src_id":3,"cd_value":"Not Applicable"},"geometry":{"type":"Point","coordinates":[-66.9991221,10.60799327]}},{"type":"Feature","properties":{"obj_type":"995-Unclassified","name":"Unknown","info":"997-Not Applicable","simplified":"Unclassified","damage_gra":"Damaged","det_method":"Photo-interpretation","notation":"Building point","or_src_id":978,"dmg_src_id":3,"cd_value":"Not Applicable"},"geometry":{"type":"Point","coordinates":[-66.96301349,10.59850343]}},{"type":"Feature","properties":{"obj_type":"995-Unclassified","name":"Unknown","info":"997-Not Applicable","simplified":"Unclassified","damage_gra":"Destroyed","det_method":"Photo-interpretation","notation":"Building point","or_src_id":978,"dmg_src_id":3,"cd_value":"Not Applicable"},"geometry":{"type":"Point","coordinates":[-66.96212541,10.599638]}},{"type":"Feature","properties":{"obj_type":"995-Unclassified","name":"Unknown","info":"997-Not Applicable","simplified":"Unclassified","damage_gra":"Possibly damaged","det_method":"Photo-interpretation","notation":"Building point","or_src_id":978,"dmg_src_id":3,"cd_value":"Not Applicable"},"geometry":{"type":"Point","coordinates":[-66.9286944,10.59967325]}},{"type":"Feature","properties":{"obj_type":"995-Unclassified","name":"Unknown","info":"997-Not Applicable","simplified":"Unclassified","damage_gra":"Possibly damaged","det_method":"Photo-interpretation","notation":"Building point","or_src_id":978,"dmg_src_id":3,"cd_value":"Not Applicable"},"geometry":{"type":"Point","coordinates":[-66.96602786,10.60048676]}},{"type":"Feature","properties":{"obj_type":"995-Unclassified","name":"Unknown","info":"997-Not Applicable","simplified":"Unclassified","damage_gra":"Possibly damaged","det_method":"Photo-interpretation","notation":"Building point","or_src_id":978,"dmg_src_id":3,"cd_value":"Not Applicable"},"geometry":{"type":"Point","coordinates":[-66.93667247,10.60088202]}},{"type":"Feature","properties":{"obj_type":"995-Unclassified","name":"Unknown","info":"997-Not Applicable","simplified":"Unclassified","damage_gra":"Destroyed","det_method":"Photo-interpretation","notation":"Building point","or_src_id":978,"dmg_src_id":3,"cd_value":"Not Applicable"},"geometry":{"type":"Point","coordinates":[-66.96659119,10.60092064]}},{"type":"Feature","properties":{"obj_type":"995-Unclassified","name":"Unknown","info":"997-Not Applicable","simplified":"Unclassified","damage_gra":"Damaged","det_method":"Photo-interpretation","notation":"Building point","or_src_id":978,"dmg_src_id":3,"cd_value":"Not Applicable"},"geometry":{"type":"Point","coordinates":[-66.96705503,10.60140166]}},{"type":"Feature","properties":{"obj_type":"995-Unclassified","name":"Unknown","info":"997-Not Applicable","simplified":"Unclassified","damage_gra":"Possibly damaged","det_method":"Photo-interpretation","notation":"Building point","or_src_id":978,"dmg_src_id":3,"cd_value":"Not Applicable"},"geometry":{"type":"Point","coordinates":[-66.93375865,10.60147582]}},{"type":"Feature","properties":{"obj_type":"995-Unclassified","name":"Unknown","info":"997-Not Applicable","simplified":"Unclassified","damage_gra":"Destroyed","det_method":"Photo-interpretation","notation":"Building point","or_src_id":978,"dmg_src_id":3,"cd_value":"Not Applicable"},"geometry":{"type":"Point","coordinates":[-66.96578313,10.6019056]}},{"type":"Feature","properties":{"obj_type":"995-Unclassified","name":"Unknown","info":"997-Not Applicable","simplified":"Unclassified","damage_gra":"Destroyed","det_method":"Photo-interpretation","notation":"Building point","or_src_id":978,"dmg_src_id":3,"cd_value":"Not Applicable"},"geometry":{"type":"Point","coordinates":[-66.96553705,10.60192395]}},{"type":"Feature","properties":{"obj_type":"995-Unclassified","name":"Unknown","info":"997-Not Applicable","simplified":"Unclassified","damage_gra":"Damaged","det_method":"Photo-interpretation","notation":"Building point","or_src_id":978,"dmg_src_id":3,"cd_value":"Not Applicable"},"geometry":{"type":"Point","coordinates":[-66.93264428,10.60193284]}},{"type":"Feature","properties":{"obj_type":"995-Unclassified","name":"Unknown","info":"997-Not Applicable","simplified":"Unclassified","damage_gra":"Destroyed","det_method":"Photo-interpretation","notation":"Building point","or_src_id":978,"dmg_src_id":3,"cd_value":"Not Applicable"},"geometry":{"type":"Point","coordinates":[-66.96558827,10.60194695]}},{"type":"Feature","properties":{"obj_type":"995-Unclassified","name":"Unknown","info":"997-Not Applicable","simplified":"Unclassified","damage_gra":"Damaged","det_method":"Photo-interpretation","notation":"Building point","or_src_id":978,"dmg_src_id":3,"cd_value":"Not Applicable"},"geometry":{"type":"Point","coordinates":[-66.93259189,10.60195122]}},{"type":"Feature","properties":{"obj_type":"995-Unclassified","name":"Unknown","info":"997-Not Applicable","simplified":"Unclassified","damage_gra":"Destroyed","det_method":"Photo-interpretation","notation":"Building point","or_src_id":978,"dmg_src_id":3,"cd_value":"Not Applicable"},"geometry":{"type":"Point","coordinates":[-66.96563883,10.60196609]}},{"type":"Feature","properties":{"obj_type":"12-Non-residential Buildings","name":"Unknown","info":"127-Other non-residential buildings","simplified":"Non residential","damage_gra":"Possibly damaged","det_method":"Photo-interpretation","notation":"Building point","or_src_id":2,"dmg_src_id":3,"cd_value":"Not Applicable"},"geometry":{"type":"Point","coordinates":[-66.93335441,10.60197266]}},{"type":"Feature","properties":{"obj_type":"12-Non-residential Buildings","name":"Unknown","info":"127-Other non-residential buildings","simplified":"Non residential","damage_gra":"Possibly damaged","det_method":"Photo-interpretation","notation":"Building point","or_src_id":2,"dmg_src_id":3,"cd_value":"Not Applicable"},"geometry":{"type":"Point","coordinates":[-66.9315759,10.60197673]}},{"type":"Feature","properties":{"obj_type":"995-Unclassified","name":"Unknown","info":"997-Not Applicable","simplified":"Unclassified","damage_gra":"Possibly damaged","det_method":"Photo-interpretation","notation":"Building point","or_src_id":978,"dmg_src_id":3,"cd_value":"Not Applicable"},"geometry":{"type":"Point","coordinates":[-66.93437471,10.60213123]}},{"type":"Feature","properties":{"obj_type":"12-Non-residential Buildings","name":"Unknown","info":"127-Other non-residential buildings","simplified":"Non residential","damage_gra":"Possibly damaged","det_method":"Photo-interpretation","notation":"Building point","or_src_id":2,"dmg_src_id":3,"cd_value":"Not Applicable"},"geometry":{"type":"Point","coordinates":[-66.931369,10.60217746]}},{"type":"Feature","properties":{"obj_type":"995-Unclassified","name":"Unknown","info":"997-Not Applicable","simplified":"Unclassified","damage_gra":"Damaged","det_method":"Photo-interpretation","notation":"Building point","or_src_id":978,"dmg_src_id":3,"cd_value":"Not Applicable"},"geometry":{"type":"Point","coordinates":[-66.9325749,10.6021913]}},{"type":"Feature","properties":{"obj_type":"995-Unclassified","name":"Unknown","info":"997-Not Applicable","simplified":"Unclassified","damage_gra":"Damaged","det_method":"Photo-interpretation","notation":"Building point","or_src_id":978,"dmg_src_id":3,"cd_value":"Not Applicable"},"geometry":{"type":"Point","coordinates":[-66.93434293,10.60222723]}},{"type":"Feature","properties":{"obj_type":"11-Residential Buildings","name":"Unknown","info":"997-Not Applicable","simplified":"Residential","damage_gra":"Damaged","det_method":"Photo-interpretation","notation":"Building point","or_src_id":2,"dmg_src_id":3,"cd_value":"Not Applicable"},"geometry":{"type":"Point","coordinates":[-66.93249449,10.60232222]}},{"type":"Feature","properties":{"obj_type":"11-Residential Buildings","name":"Unknown","info":"997-Not Applicable","simplified":"Residential","damage_gra":"Destroyed","det_method":"Photo-interpretation","notation":"Building point","or_src_id":2,"dmg_src_id":3,"cd_value":"Not Applicable"},"geometry":{"type":"Point","coordinates":[-66.9216742,10.60238984]}},{"type":"Feature","properties":{"obj_type":"995-Unclassified","name":"Unknown","info":"997-Not Applicable","simplified":"Unclassified","damage_gra":"Damaged","det_method":"Photo-interpretation","notation":"Building point","or_src_id":978,"dmg_src_id":3,"cd_value":"Not Applicable"},"geometry":{"type":"Point","coordinates":[-66.9337643,10.60253375]}},{"type":"Feature","properties":{"obj_type":"995-Unclassified","name":"Unknown","info":"997-Not Applicable","simplified":"Unclassified","damage_gra":"Possibly damaged","det_method":"Photo-interpretation","notation":"Building point","or_src_id":978,"dmg_src_id":3,"cd_value":"Not Applicable"},"geometry":{"type":"Point","coordinates":[-66.93401157,10.60270918]}},{"type":"Feature","properties":{"obj_type":"995-Unclassified","name":"Unknown","info":"997-Not Applicable","simplified":"Unclassified","damage_gra":"Possibly damaged","det_method":"Photo-interpretation","notation":"Building point","or_src_id":978,"dmg_src_id":3,"cd_value":"Not Applicable"},"geometry":{"type":"Point","coordinates":[-66.92183054,10.60303896]}},{"type":"Feature","properties":{"obj_type":"995-Unclassified","name":"Unknown","info":"997-Not Applicable","simplified":"Unclassified","damage_gra":"Possibly damaged","det_method":"Photo-interpretation","notation":"Building point","or_src_id":978,"dmg_src_id":3,"cd_value":"Not Applicable"},"geometry":{"type":"Point","coordinates":[-66.91363315,10.60305555]}},{"type":"Feature","properties":{"obj_type":"995-Unclassified","name":"Unknown","info":"997-Not Applicable","simplified":"Unclassified","damage_gra":"Possibly damaged","det_method":"Photo-interpretation","notation":"Building point","or_src_id":978,"dmg_src_id":3,"cd_value":"Not Applicable"},"geometry":{"type":"Point","coordinates":[-66.91361132,10.60315506]}},{"type":"Feature","properties":{"obj_type":"995-Unclassified","name":"Unknown","info":"997-Not Applicable","simplified":"Unclassified","damage_gra":"Possibly damaged","det_method":"Photo-interpretation","notation":"Building point","or_src_id":978,"dmg_src_id":3,"cd_value":"Not Applicable"},"geometry":{"type":"Point","coordinates":[-66.91350594,10.60320852]}},{"type":"Feature","properties":{"obj_type":"995-Unclassified","name":"Unknown","info":"997-Not Applicable","simplified":"Unclassified","damage_gra":"Possibly damaged","det_method":"Photo-interpretation","notation":"Building point","or_src_id":978,"dmg_src_id":3,"cd_value":"Not Applicable"},"geometry":{"type":"Point","coordinates":[-66.90158112,10.60454946]}},{"type":"Feature","properties":{"obj_type":"995-Unclassified","name":"Unknown","info":"997-Not Applicable","simplified":"Unclassified","damage_gra":"Possibly damaged","det_method":"Photo-interpretation","notation":"Building point","or_src_id":978,"dmg_src_id":3,"cd_value":"Not Applicable"},"geometry":{"type":"Point","coordinates":[-66.89831061,10.60463913]}},{"type":"Feature","properties":{"obj_type":"995-Unclassified","name":"Unknown","info":"997-Not Applicable","simplified":"Unclassified","damage_gra":"Possibly damaged","det_method":"Photo-interpretation","notation":"Building point","or_src_id":978,"dmg_src_id":3,"cd_value":"Not Applicable"},"geometry":{"type":"Point","coordinates":[-66.91658315,10.60470391]}},{"type":"Feature","properties":{"obj_type":"995-Unclassified","name":"Unknown","info":"997-Not Applicable","simplified":"Unclassified","damage_gra":"Destroyed","det_method":"Photo-interpretation","notation":"Building point","or_src_id":978,"dmg_src_id":3,"cd_value":"Not Applicable"},"geometry":{"type":"Point","coordinates":[-66.89600067,10.60494366]}},{"type":"Feature","properties":{"obj_type":"995-Unclassified","name":"Unknown","info":"997-Not Applicable","simplified":"Unclassified","damage_gra":"Possibly damaged","det_method":"Photo-interpretation","notation":"Building point","or_src_id":978,"dmg_src_id":3,"cd_value":"Not Applicable"},"geometry":{"type":"Point","coordinates":[-66.89910808,10.60502706]}},{"type":"Feature","properties":{"obj_type":"995-Unclassified","name":"Unknown","info":"997-Not Applicable","simplified":"Unclassified","damage_gra":"Damaged","det_method":"Photo-interpretation","notation":"Building point","or_src_id":978,"dmg_src_id":3,"cd_value":"Not Applicable"},"geometry":{"type":"Point","coordinates":[-66.89738665,10.60506178]}},{"type":"Feature","properties":{"obj_type":"995-Unclassified","name":"Unknown","info":"997-Not Applicable","simplified":"Unclassified","damage_gra":"Destroyed","det_method":"Photo-interpretation","notation":"Building point","or_src_id":978,"dmg_src_id":3,"cd_value":"Not Applicable"},"geometry":{"type":"Point","coordinates":[-66.90066245,10.60511125]}},{"type":"Feature","properties":{"obj_type":"995-Unclassified","name":"Unknown","info":"997-Not Applicable","simplified":"Unclassified","damage_gra":"Destroyed","det_method":"Photo-interpretation","notation":"Building point","or_src_id":978,"dmg_src_id":3,"cd_value":"Not Applicable"},"geometry":{"type":"Point","coordinates":[-66.90031765,10.60514885]}},{"type":"Feature","properties":{"obj_type":"995-Unclassified","name":"Unknown","info":"997-Not Applicable","simplified":"Unclassified","damage_gra":"Destroyed","det_method":"Photo-interpretation","notation":"Building point","or_src_id":978,"dmg_src_id":3,"cd_value":"Not Applicable"},"geometry":{"type":"Point","coordinates":[-66.8985095,10.6052133]}},{"type":"Feature","properties":{"obj_type":"995-Unclassified","name":"Unknown","info":"997-Not Applicable","simplified":"Unclassified","damage_gra":"Possibly damaged","det_method":"Photo-interpretation","notation":"Building point","or_src_id":978,"dmg_src_id":3,"cd_value":"Not Applicable"},"geometry":{"type":"Point","coordinates":[-66.90001933,10.60529178]}},{"type":"Feature","properties":{"obj_type":"995-Unclassified","name":"Unknown","info":"997-Not Applicable","simplified":"Unclassified","damage_gra":"Possibly damaged","det_method":"Photo-interpretation","notation":"Building point","or_src_id":978,"dmg_src_id":3,"cd_value":"Not Applicable"},"geometry":{"type":"Point","coordinates":[-66.88598452,10.60529503]}},{"type":"Feature","properties":{"obj_type":"995-Unclassified","name":"Unknown","info":"997-Not Applicable","simplified":"Unclassified","damage_gra":"Destroyed","det_method":"Photo-interpretation","notation":"Building point","or_src_id":978,"dmg_src_id":3,"cd_value":"Not Applicable"},"geometry":{"type":"Point","coordinates":[-66.90038299,10.60530962]}},{"type":"Feature","properties":{"obj_type":"995-Unclassified","name":"Unknown","info":"997-Not Applicable","simplified":"Unclassified","damage_gra":"Possibly damaged","det_method":"Photo-interpretation","notation":"Building point","or_src_id":978,"dmg_src_id":3,"cd_value":"Not Applicable"},"geometry":{"type":"Point","coordinates":[-66.89328314,10.60534013]}},{"type":"Feature","properties":{"obj_type":"995-Unclassified","name":"Unknown","info":"997-Not Applicable","simplified":"Unclassified","damage_gra":"Possibly damaged","det_method":"Photo-interpretation","notation":"Building point","or_src_id":978,"dmg_src_id":3,"cd_value":"Not Applicable"},"geometry":{"type":"Point","coordinates":[-66.8999735,10.60541037]}},{"type":"Feature","properties":{"obj_type":"995-Unclassified","name":"Unknown","info":"997-Not Applicable","simplified":"Unclassified","damage_gra":"Destroyed","det_method":"Photo-interpretation","notation":"Building point","or_src_id":978,"dmg_src_id":3,"cd_value":"Not Applicable"},"geometry":{"type":"Point","coordinates":[-66.900408,10.60542063]}},{"type":"Feature","properties":{"obj_type":"995-Unclassified","name":"Unknown","info":"997-Not Applicable","simplified":"Unclassified","damage_gra":"Possibly damaged","det_method":"Photo-interpretation","notation":"Building point","or_src_id":978,"dmg_src_id":3,"cd_value":"Not Applicable"},"geometry":{"type":"Point","coordinates":[-66.90017471,10.6054628]}},{"type":"Feature","properties":{"obj_type":"995-Unclassified","name":"Unknown","info":"997-Not Applicable","simplified":"Unclassified","damage_gra":"Damaged","det_method":"Photo-interpretation","notation":"Building point","or_src_id":978,"dmg_src_id":3,"cd_value":"Not Applicable"},"geometry":{"type":"Point","coordinates":[-66.89548203,10.60553368]}},{"type":"Feature","properties":{"obj_type":"995-Unclassified","name":"Unknown","info":"997-Not Applicable","simplified":"Unclassified","damage_gra":"Damaged","det_method":"Photo-interpretation","notation":"Building point","or_src_id":978,"dmg_src_id":3,"cd_value":"Not Applicable"},"geometry":{"type":"Point","coordinates":[-66.89532325,10.6055445]}},{"type":"Feature","properties":{"obj_type":"995-Unclassified","name":"Unknown","info":"997-Not Applicable","simplified":"Unclassified","damage_gra":"Damaged","det_method":"Photo-interpretation","notation":"Building point","or_src_id":978,"dmg_src_id":3,"cd_value":"Not Applicable"},"geometry":{"type":"Point","coordinates":[-66.89544745,10.6055666]}},{"type":"Feature","properties":{"obj_type":"995-Unclassified","name":"Unknown","info":"997-Not Applicable","simplified":"Unclassified","damage_gra":"Destroyed","det_method":"Photo-interpretation","notation":"Building point","or_src_id":978,"dmg_src_id":3,"cd_value":"Not Applicable"},"geometry":{"type":"Point","coordinates":[-66.90001742,10.60556809]}},{"type":"Feature","properties":{"obj_type":"995-Unclassified","name":"Unknown","info":"997-Not Applicable","simplified":"Unclassified","damage_gra":"Destroyed","det_method":"Photo-interpretation","notation":"Building point","or_src_id":978,"dmg_src_id":3,"cd_value":"Not Applicable"},"geometry":{"type":"Point","coordinates":[-66.89989955,10.6056166]}},{"type":"Feature","properties":{"obj_type":"995-Unclassified","name":"Unknown","info":"997-Not Applicable","simplified":"Unclassified","damage_gra":"Destroyed","det_method":"Photo-interpretation","notation":"Building point","or_src_id":978,"dmg_src_id":3,"cd_value":"Not Applicable"},"geometry":{"type":"Point","coordinates":[-66.89905955,10.60564865]}},{"type":"Feature","properties":{"obj_type":"995-Unclassified","name":"Unknown","info":"997-Not Applicable","simplified":"Unclassified","damage_gra":"Damaged","det_method":"Photo-interpretation","notation":"Building point","or_src_id":978,"dmg_src_id":3,"cd_value":"Not Applicable"},"geometry":{"type":"Point","coordinates":[-66.89557939,10.60573083]}},{"type":"Feature","properties":{"obj_type":"11-Residential Buildings","name":"Unknown","info":"997-Not Applicable","simplified":"Residential","damage_gra":"Destroyed","det_method":"Photo-interpretation","notation":"Building point","or_src_id":2,"dmg_src_id":3,"cd_value":"Not Applicable"},"geometry":{"type":"Point","coordinates":[-66.896036,10.60580805]}},{"type":"Feature","properties":{"obj_type":"995-Unclassified","name":"Unknown","info":"997-Not Applicable","simplified":"Unclassified","damage_gra":"Damaged","det_method":"Photo-interpretation","notation":"Building point","or_src_id":978,"dmg_src_id":3,"cd_value":"Not Applicable"},"geometry":{"type":"Point","coordinates":[-66.8954706,10.60585607]}},{"type":"Feature","properties":{"obj_type":"995-Unclassified","name":"Unknown","info":"997-Not Applicable","simplified":"Unclassified","damage_gra":"Possibly damaged","det_method":"Photo-interpretation","notation":"Building point","or_src_id":978,"dmg_src_id":3,"cd_value":"Not Applicable"},"geometry":{"type":"Point","coordinates":[-66.89388402,10.60587753]}},{"type":"Feature","properties":{"obj_type":"995-Unclassified","name":"Unknown","info":"997-Not Applicable","simplified":"Unclassified","damage_gra":"Damaged","det_method":"Photo-interpretation","notation":"Building point","or_src_id":978,"dmg_src_id":3,"cd_value":"Not Applicable"},"geometry":{"type":"Point","coordinates":[-66.8955763,10.60587995]}},{"type":"Feature","properties":{"obj_type":"995-Unclassified","name":"Unknown","info":"997-Not Applicable","simplified":"Unclassified","damage_gra":"Possibly damaged","det_method":"Photo-interpretation","notation":"Building point","or_src_id":978,"dmg_src_id":3,"cd_value":"Not Applicable"},"geometry":{"type":"Point","coordinates":[-66.89406289,10.60591963]}},{"type":"Feature","properties":{"obj_type":"995-Unclassified","name":"Unknown","info":"997-Not Applicable","simplified":"Unclassified","damage_gra":"Possibly damaged","det_method":"Photo-interpretation","notation":"Building point","or_src_id":978,"dmg_src_id":3,"cd_value":"Not Applicable"},"geometry":{"type":"Point","coordinates":[-66.97918386,10.60607782]}},{"type":"Feature","properties":{"obj_type":"995-Unclassified","name":"Unknown","info":"997-Not Applicable","simplified":"Unclassified","damage_gra":"Possibly damaged","det_method":"Photo-interpretation","notation":"Building point","or_src_id":978,"dmg_src_id":3,"cd_value":"Not Applicable"},"geometry":{"type":"Point","coordinates":[-66.88651626,10.60608644]}},{"type":"Feature","properties":{"obj_type":"995-Unclassified","name":"Unknown","info":"997-Not Applicable","simplified":"Unclassified","damage_gra":"Possibly damaged","det_method":"Photo-interpretation","notation":"Building point","or_src_id":978,"dmg_src_id":3,"cd_value":"Not Applicable"},"geometry":{"type":"Point","coordinates":[-66.88641735,10.60609488]}},{"type":"Feature","properties":{"obj_type":"995-Unclassified","name":"Unknown","info":"997-Not Applicable","simplified":"Unclassified","damage_gra":"Possibly damaged","det_method":"Photo-interpretation","notation":"Building point","or_src_id":978,"dmg_src_id":3,"cd_value":"Not Applicable"},"geometry":{"type":"Point","coordinates":[-66.89318118,10.6061005]}},{"type":"Feature","properties":{"obj_type":"995-Unclassified","name":"Unknown","info":"997-Not Applicable","simplified":"Unclassified","damage_gra":"Possibly damaged","det_method":"Photo-interpretation","notation":"Building point","or_src_id":978,"dmg_src_id":3,"cd_value":"Not Applicable"},"geometry":{"type":"Point","coordinates":[-66.97964395,10.6061187]}},{"type":"Feature","properties":{"obj_type":"995-Unclassified","name":"Unknown","info":"997-Not Applicable","simplified":"Unclassified","damage_gra":"Possibly damaged","det_method":"Photo-interpretation","notation":"Building point","or_src_id":978,"dmg_src_id":3,"cd_value":"Not Applicable"},"geometry":{"type":"Point","coordinates":[-66.97900402,10.60613334]}},{"type":"Feature","properties":{"obj_type":"995-Unclassified","name":"Unknown","info":"997-Not Applicable","simplified":"Unclassified","damage_gra":"Possibly damaged","det_method":"Photo-interpretation","notation":"Building point","or_src_id":978,"dmg_src_id":3,"cd_value":"Not Applicable"},"geometry":{"type":"Point","coordinates":[-66.97968255,10.60613955]}},{"type":"Feature","properties":{"obj_type":"995-Unclassified","name":"Unknown","info":"997-Not Applicable","simplified":"Unclassified","damage_gra":"Possibly damaged","det_method":"Photo-interpretation","notation":"Building point","or_src_id":978,"dmg_src_id":3,"cd_value":"Not Applicable"},"geometry":{"type":"Point","coordinates":[-66.9758835,10.60633162]}},{"type":"Feature","properties":{"obj_type":"995-Unclassified","name":"Unknown","info":"997-Not Applicable","simplified":"Unclassified","damage_gra":"Damaged","det_method":"Photo-interpretation","notation":"Building point","or_src_id":978,"dmg_src_id":3,"cd_value":"Not Applicable"},"geometry":{"type":"Point","coordinates":[-66.97501794,10.60642349]}},{"type":"Feature","properties":{"obj_type":"11-Residential Buildings","name":"Unknown","info":"997-Not Applicable","simplified":"Residential","damage_gra":"Damaged","det_method":"Photo-interpretation","notation":"Building point","or_src_id":2,"dmg_src_id":3,"cd_value":"Not Applicable"},"geometry":{"type":"Point","coordinates":[-66.97475233,10.60646638]}},{"type":"Feature","properties":{"obj_type":"995-Unclassified","name":"Unknown","info":"997-Not Applicable","simplified":"Unclassified","damage_gra":"Damaged","det_method":"Photo-interpretation","notation":"Building point","or_src_id":978,"dmg_src_id":3,"cd_value":"Not Applicable"},"geometry":{"type":"Point","coordinates":[-66.97503403,10.60648782]}},{"type":"Feature","properties":{"obj_type":"995-Unclassified","name":"Unknown","info":"997-Not Applicable","simplified":"Unclassified","damage_gra":"Destroyed","det_method":"Photo-interpretation","notation":"Building point","or_src_id":978,"dmg_src_id":3,"cd_value":"Not Applicable"},"geometry":{"type":"Point","coordinates":[-66.97674645,10.60650695]}},{"type":"Feature","properties":{"obj_type":"995-Unclassified","name":"Unknown","info":"997-Not Applicable","simplified":"Unclassified","damage_gra":"Damaged","det_method":"Photo-interpretation","notation":"Building point","or_src_id":978,"dmg_src_id":3,"cd_value":"Not Applicable"},"geometry":{"type":"Point","coordinates":[-66.9756137,10.60656764]}},{"type":"Feature","properties":{"obj_type":"995-Unclassified","name":"Unknown","info":"997-Not Applicable","simplified":"Unclassified","damage_gra":"Damaged","det_method":"Photo-interpretation","notation":"Building point","or_src_id":978,"dmg_src_id":3,"cd_value":"Not Applicable"},"geometry":{"type":"Point","coordinates":[-66.87245897,10.60664636]}},{"type":"Feature","properties":{"obj_type":"995-Unclassified","name":"Unknown","info":"997-Not Applicable","simplified":"Unclassified","damage_gra":"Damaged","det_method":"Photo-interpretation","notation":"Building point","or_src_id":978,"dmg_src_id":3,"cd_value":"Not Applicable"},"geometry":{"type":"Point","coordinates":[-66.89183523,10.60672143]}},{"type":"Feature","properties":{"obj_type":"995-Unclassified","name":"Unknown","info":"997-Not Applicable","simplified":"Unclassified","damage_gra":"Destroyed","det_method":"Photo-interpretation","notation":"Building point","or_src_id":978,"dmg_src_id":3,"cd_value":"Not Applicable"},"geometry":{"type":"Point","coordinates":[-66.87221345,10.60675448]}},{"type":"Feature","properties":{"obj_type":"11-Residential Buildings","name":"Unknown","info":"997-Not Applicable","simplified":"Residential","damage_gra":"Damaged","det_method":"Photo-interpretation","notation":"Building point","or_src_id":2,"dmg_src_id":3,"cd_value":"Not Applicable"},"geometry":{"type":"Point","coordinates":[-66.97301616,10.60680489]}},{"type":"Feature","properties":{"obj_type":"995-Unclassified","name":"Unknown","info":"997-Not Applicable","simplified":"Unclassified","damage_gra":"Possibly damaged","det_method":"Photo-interpretation","notation":"Building point","or_src_id":978,"dmg_src_id":3,"cd_value":"Not Applicable"},"geometry":{"type":"Point","coordinates":[-66.97458803,10.60680528]}},{"type":"Feature","properties":{"obj_type":"11-Residential Buildings","name":"Unknown","info":"997-Not Applicable","simplified":"Residential","damage_gra":"Damaged","det_method":"Photo-interpretation","notation":"Building point","or_src_id":2,"dmg_src_id":3,"cd_value":"Not Applicable"},"geometry":{"type":"Point","coordinates":[-66.97603369,10.60683916]}},{"type":"Feature","properties":{"obj_type":"11-Residential Buildings","name":"Unknown","info":"997-Not Applicable","simplified":"Residential","damage_gra":"Destroyed","det_method":"Photo-interpretation","notation":"Building point","or_src_id":2,"dmg_src_id":3,"cd_value":"Not Applicable"},"geometry":{"type":"Point","coordinates":[-66.97277214,10.60685474]}},{"type":"Feature","properties":{"obj_type":"995-Unclassified","name":"Unknown","info":"997-Not Applicable","simplified":"Unclassified","damage_gra":"Damaged","det_method":"Photo-interpretation","notation":"Building point","or_src_id":978,"dmg_src_id":3,"cd_value":"Not Applicable"},"geometry":{"type":"Point","coordinates":[-66.97312947,10.60688621]}},{"type":"Feature","properties":{"obj_type":"995-Unclassified","name":"Unknown","info":"997-Not Applicable","simplified":"Unclassified","damage_gra":"Possibly damaged","det_method":"Photo-interpretation","notation":"Building point","or_src_id":978,"dmg_src_id":3,"cd_value":"Not Applicable"},"geometry":{"type":"Point","coordinates":[-66.97456838,10.6069066]}},{"type":"Feature","properties":{"obj_type":"995-Unclassified","name":"Unknown","info":"997-Not Applicable","simplified":"Unclassified","damage_gra":"Damaged","det_method":"Photo-interpretation","notation":"Building point","or_src_id":978,"dmg_src_id":3,"cd_value":"Not Applicable"},"geometry":{"type":"Point","coordinates":[-66.97554962,10.60702546]}},{"type":"Feature","properties":{"obj_type":"995-Unclassified","name":"Unknown","info":"997-Not Applicable","simplified":"Unclassified","damage_gra":"Possibly damaged","det_method":"Photo-interpretation","notation":"Building point","or_src_id":978,"dmg_src_id":3,"cd_value":"Not Applicable"},"geometry":{"type":"Point","coordinates":[-66.97435915,10.6070685]}},{"type":"Feature","properties":{"obj_type":"11-Residential Buildings","name":"Unknown","info":"997-Not Applicable","simplified":"Residential","damage_gra":"Destroyed","det_method":"Photo-interpretation","notation":"Building point","or_src_id":2,"dmg_src_id":3,"cd_value":"Not Applicable"},"geometry":{"type":"Point","coordinates":[-67.01097537,10.60756997]}},{"type":"Feature","properties":{"obj_type":"11-Residential Buildings","name":"Unknown","info":"997-Not Applicable","simplified":"Residential","damage_gra":"Possibly damaged","det_method":"Photo-interpretation","notation":"Building point","or_src_id":2,"dmg_src_id":3,"cd_value":"Not Applicable"},"geometry":{"type":"Point","coordinates":[-67.01040089,10.60758783]}},{"type":"Feature","properties":{"obj_type":"11-Residential Buildings","name":"Unknown","info":"997-Not Applicable","simplified":"Residential","damage_gra":"Possibly damaged","det_method":"Photo-interpretation","notation":"Building point","or_src_id":2,"dmg_src_id":3,"cd_value":"Not Applicable"},"geometry":{"type":"Point","coordinates":[-67.01032302,10.60765117]}},{"type":"Feature","properties":{"obj_type":"995-Unclassified","name":"Unknown","info":"997-Not Applicable","simplified":"Unclassified","damage_gra":"Destroyed","det_method":"Photo-interpretation","notation":"Building point","or_src_id":978,"dmg_src_id":3,"cd_value":"Not Applicable"},"geometry":{"type":"Point","coordinates":[-67.01059452,10.60773997]}},{"type":"Feature","properties":{"obj_type":"11-Residential Buildings","name":"Unknown","info":"997-Not Applicable","simplified":"Residential","damage_gra":"Destroyed","det_method":"Photo-interpretation","notation":"Building point","or_src_id":2,"dmg_src_id":3,"cd_value":"Not Applicable"},"geometry":{"type":"Point","coordinates":[-67.01083647,10.60782118]}},{"type":"Feature","properties":{"obj_type":"995-Unclassified","name":"Unknown","info":"997-Not Applicable","simplified":"Unclassified","damage_gra":"Destroyed","det_method":"Photo-interpretation","notation":"Building point","or_src_id":978,"dmg_src_id":3,"cd_value":"Not Applicable"},"geometry":{"type":"Point","coordinates":[-67.0102931,10.60782175]}},{"type":"Feature","properties":{"obj_type":"995-Unclassified","name":"Unknown","info":"997-Not Applicable","simplified":"Unclassified","damage_gra":"Possibly damaged","det_method":"Photo-interpretation","notation":"Building point","or_src_id":978,"dmg_src_id":3,"cd_value":"Not Applicable"},"geometry":{"type":"Point","coordinates":[-67.01045448,10.60782626]}},{"type":"Feature","properties":{"obj_type":"995-Unclassified","name":"Unknown","info":"997-Not Applicable","simplified":"Unclassified","damage_gra":"Possibly damaged","det_method":"Photo-interpretation","notation":"Building point","or_src_id":978,"dmg_src_id":3,"cd_value":"Not Applicable"},"geometry":{"type":"Point","coordinates":[-67.0105118,10.60783195]}},{"type":"Feature","properties":{"obj_type":"11-Residential Buildings","name":"Unknown","info":"997-Not Applicable","simplified":"Residential","damage_gra":"Damaged","det_method":"Photo-interpretation","notation":"Building point","or_src_id":2,"dmg_src_id":3,"cd_value":"Not Applicable"},"geometry":{"type":"Point","coordinates":[-67.01091688,10.60786969]}},{"type":"Feature","properties":{"obj_type":"11-Residential Buildings","name":"Unknown","info":"997-Not Applicable","simplified":"Residential","damage_gra":"Destroyed","det_method":"Photo-interpretation","notation":"Building point","or_src_id":2,"dmg_src_id":3,"cd_value":"Not Applicable"},"geometry":{"type":"Point","coordinates":[-67.01004785,10.60787027]}},{"type":"Feature","properties":{"obj_type":"995-Unclassified","name":"Unknown","info":"997-Not Applicable","simplified":"Unclassified","damage_gra":"Possibly damaged","det_method":"Photo-interpretation","notation":"Building point","or_src_id":978,"dmg_src_id":3,"cd_value":"Not Applicable"},"geometry":{"type":"Point","coordinates":[-67.01062938,10.60788057]}},{"type":"Feature","properties":{"obj_type":"995-Unclassified","name":"Unknown","info":"997-Not Applicable","simplified":"Unclassified","damage_gra":"Possibly damaged","det_method":"Photo-interpretation","notation":"Building point","or_src_id":978,"dmg_src_id":3,"cd_value":"Not Applicable"},"geometry":{"type":"Point","coordinates":[-67.01052315,10.6078834]}},{"type":"Feature","properties":{"obj_type":"995-Unclassified","name":"Unknown","info":"997-Not Applicable","simplified":"Unclassified","damage_gra":"Destroyed","det_method":"Photo-interpretation","notation":"Building point","or_src_id":978,"dmg_src_id":3,"cd_value":"Not Applicable"},"geometry":{"type":"Point","coordinates":[-67.01031632,10.60795232]}},{"type":"Feature","properties":{"obj_type":"11-Residential Buildings","name":"Unknown","info":"997-Not Applicable","simplified":"Residential","damage_gra":"Destroyed","det_method":"Photo-interpretation","notation":"Building point","or_src_id":2,"dmg_src_id":3,"cd_value":"Not Applicable"},"geometry":{"type":"Point","coordinates":[-67.00996789,10.60799799]}},{"type":"Feature","properties":{"obj_type":"11-Residential Buildings","name":"Unknown","info":"997-Not Applicable","simplified":"Residential","damage_gra":"Destroyed","det_method":"Photo-interpretation","notation":"Building point","or_src_id":2,"dmg_src_id":3,"cd_value":"Not Applicable"},"geometry":{"type":"Point","coordinates":[-67.00985367,10.60800941]}},{"type":"Feature","properties":{"obj_type":"995-Unclassified","name":"Unknown","info":"997-Not Applicable","simplified":"Unclassified","damage_gra":"Destroyed","det_method":"Photo-interpretation","notation":"Building point","or_src_id":978,"dmg_src_id":3,"cd_value":"Not Applicable"},"geometry":{"type":"Point","coordinates":[-67.01006502,10.60802168]}},{"type":"Feature","properties":{"obj_type":"995-Unclassified","name":"Unknown","info":"997-Not Applicable","simplified":"Unclassified","damage_gra":"Destroyed","det_method":"Photo-interpretation","notation":"Building point","or_src_id":978,"dmg_src_id":3,"cd_value":"Not Applicable"},"geometry":{"type":"Point","coordinates":[-67.01037666,10.60803594]}},{"type":"Feature","properties":{"obj_type":"995-Unclassified","name":"Unknown","info":"997-Not Applicable","simplified":"Unclassified","damage_gra":"Destroyed","det_method":"Photo-interpretation","notation":"Building point","or_src_id":978,"dmg_src_id":3,"cd_value":"Not Applicable"},"geometry":{"type":"Point","coordinates":[-67.0109687,10.60814932]}},{"type":"Feature","properties":{"obj_type":"11-Residential Buildings","name":"Unknown","info":"997-Not Applicable","simplified":"Residential","damage_gra":"Destroyed","det_method":"Photo-interpretation","notation":"Building point","or_src_id":2,"dmg_src_id":3,"cd_value":"Not Applicable"},"geometry":{"type":"Point","coordinates":[-67.00791709,10.60815894]}},{"type":"Feature","properties":{"obj_type":"995-Unclassified","name":"Unknown","info":"997-Not Applicable","simplified":"Unclassified","damage_gra":"Possibly damaged","det_method":"Photo-interpretation","notation":"Building point","or_src_id":978,"dmg_src_id":3,"cd_value":"Not Applicable"},"geometry":{"type":"Point","coordinates":[-67.01018563,10.60816116]}},{"type":"Feature","properties":{"obj_type":"995-Unclassified","name":"Unknown","info":"997-Not Applicable","simplified":"Unclassified","damage_gra":"Possibly damaged","det_method":"Photo-interpretation","notation":"Building point","or_src_id":978,"dmg_src_id":3,"cd_value":"Not Applicable"},"geometry":{"type":"Point","coordinates":[-66.98166472,10.60810687]}},{"type":"Feature","properties":{"obj_type":"995-Unclassified","name":"Unknown","info":"997-Not Applicable","simplified":"Unclassified","damage_gra":"Possibly damaged","det_method":"Photo-interpretation","notation":"Building point","or_src_id":978,"dmg_src_id":3,"cd_value":"Not Applicable"},"geometry":{"type":"Point","coordinates":[-66.9818497,10.60816925]}},{"type":"Feature","properties":{"obj_type":"995-Unclassified","name":"Unknown","info":"997-Not Applicable","simplified":"Unclassified","damage_gra":"Destroyed","det_method":"Photo-interpretation","notation":"Building point","or_src_id":978,"dmg_src_id":3,"cd_value":"Not Applicable"},"geometry":{"type":"Point","coordinates":[-67.0007943,10.6081965]}},{"type":"Feature","properties":{"obj_type":"11-Residential Buildings","name":"Unknown","info":"997-Not Applicable","simplified":"Residential","damage_gra":"Destroyed","det_method":"Photo-interpretation","notation":"Building point","or_src_id":2,"dmg_src_id":3,"cd_value":"Not Applicable"},"geometry":{"type":"Point","coordinates":[-66.99843566,10.60822228]}},{"type":"Feature","properties":{"obj_type":"995-Unclassified","name":"Unknown","info":"997-Not Applicable","simplified":"Unclassified","damage_gra":"Destroyed","det_method":"Photo-interpretation","notation":"Building point","or_src_id":978,"dmg_src_id":3,"cd_value":"Not Applicable"},"geometry":{"type":"Point","coordinates":[-67.00075429,10.60823038]}},{"type":"Feature","properties":{"obj_type":"995-Unclassified","name":"Unknown","info":"997-Not Applicable","simplified":"Unclassified","damage_gra":"Destroyed","det_method":"Photo-interpretation","notation":"Building point","or_src_id":978,"dmg_src_id":3,"cd_value":"Not Applicable"},"geometry":{"type":"Point","coordinates":[-67.0078839,10.60825215]}},{"type":"Feature","properties":{"obj_type":"995-Unclassified","name":"Unknown","info":"997-Not Applicable","simplified":"Unclassified","damage_gra":"Destroyed","det_method":"Photo-interpretation","notation":"Building point","or_src_id":978,"dmg_src_id":3,"cd_value":"Not Applicable"},"geometry":{"type":"Point","coordinates":[-67.00030799,10.60826493]}},{"type":"Feature","properties":{"obj_type":"995-Unclassified","name":"Unknown","info":"997-Not Applicable","simplified":"Unclassified","damage_gra":"Destroyed","det_method":"Photo-interpretation","notation":"Building point","or_src_id":978,"dmg_src_id":3,"cd_value":"Not Applicable"},"geometry":{"type":"Point","coordinates":[-67.00018363,10.60826943]}},{"type":"Feature","properties":{"obj_type":"11-Residential Buildings","name":"Unknown","info":"997-Not Applicable","simplified":"Residential","damage_gra":"Destroyed","det_method":"Photo-interpretation","notation":"Building point","or_src_id":2,"dmg_src_id":3,"cd_value":"Not Applicable"},"geometry":{"type":"Point","coordinates":[-67.0000275,10.60828251]}},{"type":"Feature","properties":{"obj_type":"995-Unclassified","name":"Unknown","info":"997-Not Applicable","simplified":"Unclassified","damage_gra":"Possibly damaged","det_method":"Photo-interpretation","notation":"Building point","or_src_id":978,"dmg_src_id":3,"cd_value":"Not Applicable"},"geometry":{"type":"Point","coordinates":[-67.00773213,10.60831392]}},{"type":"Feature","properties":{"obj_type":"995-Unclassified","name":"Unknown","info":"997-Not Applicable","simplified":"Unclassified","damage_gra":"Destroyed","det_method":"Photo-interpretation","notation":"Building point","or_src_id":978,"dmg_src_id":3,"cd_value":"Not Applicable"},"geometry":{"type":"Point","coordinates":[-67.01043068,10.6081642]}},{"type":"Feature","properties":{"obj_type":"995-Unclassified","name":"Unknown","info":"997-Not Applicable","simplified":"Unclassified","damage_gra":"Destroyed","det_method":"Photo-interpretation","notation":"Building point","or_src_id":978,"dmg_src_id":3,"cd_value":"Not Applicable"},"geometry":{"type":"Point","coordinates":[-67.01030945,10.60816709]}},{"type":"Feature","properties":{"obj_type":"995-Unclassified","name":"Unknown","info":"997-Not Applicable","simplified":"Unclassified","damage_gra":"Destroyed","det_method":"Photo-interpretation","notation":"Building point","or_src_id":978,"dmg_src_id":3,"cd_value":"Not Applicable"},"geometry":{"type":"Point","coordinates":[-67.01092248,10.60818957]}},{"type":"Feature","properties":{"obj_type":"995-Unclassified","name":"Unknown","info":"997-Not Applicable","simplified":"Unclassified","damage_gra":"Possibly damaged","det_method":"Photo-interpretation","notation":"Building point","or_src_id":978,"dmg_src_id":3,"cd_value":"Not Applicable"},"geometry":{"type":"Point","coordinates":[-67.0101973,10.6082074]}},{"type":"Feature","properties":{"obj_type":"995-Unclassified","name":"Unknown","info":"997-Not Applicable","simplified":"Unclassified","damage_gra":"Damaged","det_method":"Photo-interpretation","notation":"Building point","or_src_id":978,"dmg_src_id":3,"cd_value":"Not Applicable"},"geometry":{"type":"Point","coordinates":[-67.00867592,10.60821424]}},{"type":"Feature","properties":{"obj_type":"995-Unclassified","name":"Unknown","info":"997-Not Applicable","simplified":"Unclassified","damage_gra":"Possibly damaged","det_method":"Photo-interpretation","notation":"Building point","or_src_id":978,"dmg_src_id":3,"cd_value":"Not Applicable"},"geometry":{"type":"Point","coordinates":[-67.0102347,10.60821985]}},{"type":"Feature","properties":{"obj_type":"11-Residential Buildings","name":"Unknown","info":"997-Not Applicable","simplified":"Residential","damage_gra":"Possibly damaged","det_method":"Photo-interpretation","notation":"Building point","or_src_id":2,"dmg_src_id":3,"cd_value":"Not Applicable"},"geometry":{"type":"Point","coordinates":[-67.00976748,10.60825862]}},{"type":"Feature","properties":{"obj_type":"995-Unclassified","name":"Unknown","info":"997-Not Applicable","simplified":"Unclassified","damage_gra":"Possibly damaged","det_method":"Photo-interpretation","notation":"Building point","or_src_id":978,"dmg_src_id":3,"cd_value":"Not Applicable"},"geometry":{"type":"Point","coordinates":[-67.01031842,10.60828197]}},{"type":"Feature","properties":{"obj_type":"995-Unclassified","name":"Unknown","info":"997-Not Applicable","simplified":"Unclassified","damage_gra":"Destroyed","det_method":"Photo-interpretation","notation":"Building point","or_src_id":978,"dmg_src_id":3,"cd_value":"Not Applicable"},"geometry":{"type":"Point","coordinates":[-67.00854593,10.60828803]}},{"type":"Feature","properties":{"obj_type":"995-Unclassified","name":"Unknown","info":"997-Not Applicable","simplified":"Unclassified","damage_gra":"Destroyed","det_method":"Photo-interpretation","notation":"Building point","or_src_id":978,"dmg_src_id":3,"cd_value":"Not Applicable"},"geometry":{"type":"Point","coordinates":[-67.0104364,10.60828855]}},{"type":"Feature","properties":{"obj_type":"995-Unclassified","name":"Unknown","info":"997-Not Applicable","simplified":"Unclassified","damage_gra":"Possibly damaged","det_method":"Photo-interpretation","notation":"Building point","or_src_id":978,"dmg_src_id":3,"cd_value":"Not Applicable"},"geometry":{"type":"Point","coordinates":[-66.99913617,10.60831526]}},{"type":"Feature","properties":{"obj_type":"995-Unclassified","name":"Unknown","info":"997-Not Applicable","simplified":"Unclassified","damage_gra":"Possibly damaged","det_method":"Photo-interpretation","notation":"Building point","or_src_id":978,"dmg_src_id":3,"cd_value":"Not Applicable"},"geometry":{"type":"Point","coordinates":[-67.00311025,10.6083774]}},{"type":"Feature","properties":{"obj_type":"995-Unclassified","name":"Unknown","info":"997-Not Applicable","simplified":"Unclassified","damage_gra":"Possibly damaged","det_method":"Photo-interpretation","notation":"Building point","or_src_id":978,"dmg_src_id":3,"cd_value":"Not Applicable"},"geometry":{"type":"Point","coordinates":[-67.00347628,10.6083794]}},{"type":"Feature","properties":{"obj_type":"995-Unclassified","name":"Unknown","info":"997-Not Applicable","simplified":"Unclassified","damage_gra":"Damaged","det_method":"Photo-interpretation","notation":"Building point","or_src_id":978,"dmg_src_id":3,"cd_value":"Not Applicable"},"geometry":{"type":"Point","coordinates":[-67.00108402,10.60839257]}},{"type":"Feature","properties":{"obj_type":"995-Unclassified","name":"Unknown","info":"997-Not Applicable","simplified":"Unclassified","damage_gra":"Damaged","det_method":"Photo-interpretation","notation":"Building point","or_src_id":978,"dmg_src_id":3,"cd_value":"Not Applicable"},"geometry":{"type":"Point","coordinates":[-67.0010987,10.60846025]}},{"type":"Feature","properties":{"obj_type":"995-Unclassified","name":"Unknown","info":"997-Not Applicable","simplified":"Unclassified","damage_gra":"Destroyed","det_method":"Photo-interpretation","notation":"Building point","or_src_id":978,"dmg_src_id":3,"cd_value":"Not Applicable"},"geometry":{"type":"Point","coordinates":[-66.998244,10.60846665]}},{"type":"Feature","properties":{"obj_type":"995-Unclassified","name":"Unknown","info":"997-Not Applicable","simplified":"Unclassified","damage_gra":"Damaged","det_method":"Photo-interpretation","notation":"Building point","or_src_id":978,"dmg_src_id":3,"cd_value":"Not Applicable"},"geometry":{"type":"Point","coordinates":[-67.0011716,10.60846725]}},{"type":"Feature","properties":{"obj_type":"995-Unclassified","name":"Unknown","info":"997-Not Applicable","simplified":"Unclassified","damage_gra":"Possibly damaged","det_method":"Photo-interpretation","notation":"Building point","or_src_id":978,"dmg_src_id":3,"cd_value":"Not Applicable"},"geometry":{"type":"Point","coordinates":[-67.00769661,10.60846935]}},{"type":"Feature","properties":{"obj_type":"11-Residential Buildings","name":"Unknown","info":"997-Not Applicable","simplified":"Residential","damage_gra":"Destroyed","det_method":"Photo-interpretation","notation":"Building point","or_src_id":2,"dmg_src_id":3,"cd_value":"Not Applicable"},"geometry":{"type":"Point","coordinates":[-66.99787751,10.60852362]}},{"type":"Feature","properties":{"obj_type":"995-Unclassified","name":"Unknown","info":"997-Not Applicable","simplified":"Unclassified","damage_gra":"Possibly damaged","det_method":"Photo-interpretation","notation":"Building point","or_src_id":978,"dmg_src_id":3,"cd_value":"Not Applicable"},"geometry":{"type":"Point","coordinates":[-66.98424805,10.6085572]}},{"type":"Feature","properties":{"obj_type":"995-Unclassified","name":"Unknown","info":"997-Not Applicable","simplified":"Unclassified","damage_gra":"Possibly damaged","det_method":"Photo-interpretation","notation":"Building point","or_src_id":978,"dmg_src_id":3,"cd_value":"Not Applicable"},"geometry":{"type":"Point","coordinates":[-67.0086216,10.6083547]}},{"type":"Feature","properties":{"obj_type":"11-Residential Buildings","name":"Unknown","info":"997-Not Applicable","simplified":"Residential","damage_gra":"Destroyed","det_method":"Photo-interpretation","notation":"Building point","or_src_id":2,"dmg_src_id":3,"cd_value":"Not Applicable"},"geometry":{"type":"Point","coordinates":[-67.00846328,10.60835831]}},{"type":"Feature","properties":{"obj_type":"995-Unclassified","name":"Unknown","info":"997-Not Applicable","simplified":"Unclassified","damage_gra":"Damaged","det_method":"Photo-interpretation","notation":"Building point","or_src_id":978,"dmg_src_id":3,"cd_value":"Not Applicable"},"geometry":{"type":"Point","coordinates":[-67.00866735,10.60856151]}},{"type":"Feature","properties":{"obj_type":"995-Unclassified","name":"Unknown","info":"997-Not Applicable","simplified":"Unclassified","damage_gra":"Possibly damaged","det_method":"Photo-interpretation","notation":"Building point","or_src_id":978,"dmg_src_id":3,"cd_value":"Not Applicable"},"geometry":{"type":"Point","coordinates":[-67.0092851,10.6086031]}},{"type":"Feature","properties":{"obj_type":"995-Unclassified","name":"Unknown","info":"997-Not Applicable","simplified":"Unclassified","damage_gra":"Damaged","det_method":"Photo-interpretation","notation":"Building point","or_src_id":978,"dmg_src_id":3,"cd_value":"Not Applicable"},"geometry":{"type":"Point","coordinates":[-67.01062133,10.60866516]}},{"type":"Feature","properties":{"obj_type":"995-Unclassified","name":"Unknown","info":"997-Not Applicable","simplified":"Unclassified","damage_gra":"Damaged","det_method":"Photo-interpretation","notation":"Building point","or_src_id":978,"dmg_src_id":3,"cd_value":"Not Applicable"},"geometry":{"type":"Point","coordinates":[-67.00887415,10.60866943]}},{"type":"Feature","properties":{"obj_type":"995-Unclassified","name":"Unknown","info":"997-Not Applicable","simplified":"Unclassified","damage_gra":"Damaged","det_method":"Photo-interpretation","notation":"Building point","or_src_id":978,"dmg_src_id":3,"cd_value":"Not Applicable"},"geometry":{"type":"Point","coordinates":[-67.01029619,10.60867363]}},{"type":"Feature","properties":{"obj_type":"11-Residential Buildings","name":"Unknown","info":"997-Not Applicable","simplified":"Residential","damage_gra":"Damaged","det_method":"Photo-interpretation","notation":"Building point","or_src_id":2,"dmg_src_id":3,"cd_value":"Not Applicable"},"geometry":{"type":"Point","coordinates":[-67.01020983,10.60867709]}},{"type":"Feature","properties":{"obj_type":"995-Unclassified","name":"Unknown","info":"997-Not Applicable","simplified":"Unclassified","damage_gra":"Destroyed","det_method":"Photo-interpretation","notation":"Building point","or_src_id":978,"dmg_src_id":3,"cd_value":"Not Applicable"},"geometry":{"type":"Point","coordinates":[-67.00901291,10.60870161]}},{"type":"Feature","properties":{"obj_type":"995-Unclassified","name":"Unknown","info":"997-Not Applicable","simplified":"Unclassified","damage_gra":"Destroyed","det_method":"Photo-interpretation","notation":"Building point","or_src_id":978,"dmg_src_id":3,"cd_value":"Not Applicable"},"geometry":{"type":"Point","coordinates":[-67.00939956,10.60870229]}},{"type":"Feature","properties":{"obj_type":"995-Unclassified","name":"Unknown","info":"997-Not Applicable","simplified":"Unclassified","damage_gra":"Possibly damaged","det_method":"Photo-interpretation","notation":"Building point","or_src_id":978,"dmg_src_id":3,"cd_value":"Not Applicable"},"geometry":{"type":"Point","coordinates":[-66.98429022,10.60857307]}},{"type":"Feature","properties":{"obj_type":"995-Unclassified","name":"Unknown","info":"997-Not Applicable","simplified":"Unclassified","damage_gra":"Destroyed","det_method":"Photo-interpretation","notation":"Building point","or_src_id":978,"dmg_src_id":3,"cd_value":"Not Applicable"},"geometry":{"type":"Point","coordinates":[-66.99778705,10.6085771]}},{"type":"Feature","properties":{"obj_type":"995-Unclassified","name":"Unknown","info":"997-Not Applicable","simplified":"Unclassified","damage_gra":"Possibly damaged","det_method":"Photo-interpretation","notation":"Building point","or_src_id":978,"dmg_src_id":3,"cd_value":"Not Applicable"},"geometry":{"type":"Point","coordinates":[-66.98423496,10.60859138]}},{"type":"Feature","properties":{"obj_type":"995-Unclassified","name":"Unknown","info":"997-Not Applicable","simplified":"Unclassified","damage_gra":"Possibly damaged","det_method":"Photo-interpretation","notation":"Building point","or_src_id":978,"dmg_src_id":3,"cd_value":"Not Applicable"},"geometry":{"type":"Point","coordinates":[-67.00225986,10.60859348]}},{"type":"Feature","properties":{"obj_type":"995-Unclassified","name":"Unknown","info":"997-Not Applicable","simplified":"Unclassified","damage_gra":"Damaged","det_method":"Photo-interpretation","notation":"Building point","or_src_id":978,"dmg_src_id":3,"cd_value":"Not Applicable"},"geometry":{"type":"Point","coordinates":[-67.00135585,10.6086266]}},{"type":"Feature","properties":{"obj_type":"995-Unclassified","name":"Unknown","info":"997-Not Applicable","simplified":"Unclassified","damage_gra":"Possibly damaged","det_method":"Photo-interpretation","notation":"Building point","or_src_id":978,"dmg_src_id":3,"cd_value":"Not Applicable"},"geometry":{"type":"Point","coordinates":[-66.99997632,10.6086311]}},{"type":"Feature","properties":{"obj_type":"995-Unclassified","name":"Unknown","info":"997-Not Applicable","simplified":"Unclassified","damage_gra":"Possibly damaged","det_method":"Photo-interpretation","notation":"Building point","or_src_id":978,"dmg_src_id":3,"cd_value":"Not Applicable"},"geometry":{"type":"Point","coordinates":[-67.00226716,10.60868028]}},{"type":"Feature","properties":{"obj_type":"995-Unclassified","name":"Unknown","info":"997-Not Applicable","simplified":"Unclassified","damage_gra":"Damaged","det_method":"Photo-interpretation","notation":"Building point","or_src_id":978,"dmg_src_id":3,"cd_value":"Not Applicable"},"geometry":{"type":"Point","coordinates":[-66.99768544,10.60869557]}},{"type":"Feature","properties":{"obj_type":"995-Unclassified","name":"Unknown","info":"997-Not Applicable","simplified":"Unclassified","damage_gra":"Damaged","det_method":"Photo-interpretation","notation":"Building point","or_src_id":978,"dmg_src_id":3,"cd_value":"Not Applicable"},"geometry":{"type":"Point","coordinates":[-67.00372874,10.60870482]}},{"type":"Feature","properties":{"obj_type":"995-Unclassified","name":"Unknown","info":"997-Not Applicable","simplified":"Unclassified","damage_gra":"Possibly damaged","det_method":"Photo-interpretation","notation":"Building point","or_src_id":978,"dmg_src_id":3,"cd_value":"Not Applicable"},"geometry":{"type":"Point","coordinates":[-67.00274982,10.60871521]}},{"type":"Feature","properties":{"obj_type":"995-Unclassified","name":"Unknown","info":"997-Not Applicable","simplified":"Unclassified","damage_gra":"Damaged","det_method":"Photo-interpretation","notation":"Building point","or_src_id":978,"dmg_src_id":3,"cd_value":"Not Applicable"},"geometry":{"type":"Point","coordinates":[-67.01096065,10.6087094]}},{"type":"Feature","properties":{"obj_type":"995-Unclassified","name":"Unknown","info":"997-Not Applicable","simplified":"Unclassified","damage_gra":"Destroyed","det_method":"Photo-interpretation","notation":"Building point","or_src_id":978,"dmg_src_id":3,"cd_value":"Not Applicable"},"geometry":{"type":"Point","coordinates":[-67.00851865,10.60875633]}},{"type":"Feature","properties":{"obj_type":"995-Unclassified","name":"Unknown","info":"997-Not Applicable","simplified":"Unclassified","damage_gra":"Destroyed","det_method":"Photo-interpretation","notation":"Building point","or_src_id":978,"dmg_src_id":3,"cd_value":"Not Applicable"},"geometry":{"type":"Point","coordinates":[-67.00839683,10.60877227]}},{"type":"Feature","properties":{"obj_type":"995-Unclassified","name":"Unknown","info":"997-Not Applicable","simplified":"Unclassified","damage_gra":"Destroyed","det_method":"Photo-interpretation","notation":"Building point","or_src_id":978,"dmg_src_id":3,"cd_value":"Not Applicable"},"geometry":{"type":"Point","coordinates":[-67.00910069,10.60881019]}},{"type":"Feature","properties":{"obj_type":"11-Residential Buildings","name":"Unknown","info":"997-Not Applicable","simplified":"Residential","damage_gra":"Damaged","det_method":"Photo-interpretation","notation":"Building point","or_src_id":2,"dmg_src_id":3,"cd_value":"Not Applicable"},"geometry":{"type":"Point","coordinates":[-67.0101548,10.60881208]}},{"type":"Feature","properties":{"obj_type":"995-Unclassified","name":"Unknown","info":"997-Not Applicable","simplified":"Unclassified","damage_gra":"Destroyed","det_method":"Photo-interpretation","notation":"Building point","or_src_id":978,"dmg_src_id":3,"cd_value":"Not Applicable"},"geometry":{"type":"Point","coordinates":[-67.0089503,10.6088153]}},{"type":"Feature","properties":{"obj_type":"995-Unclassified","name":"Unknown","info":"997-Not Applicable","simplified":"Unclassified","damage_gra":"Damaged","det_method":"Photo-interpretation","notation":"Building point","or_src_id":978,"dmg_src_id":3,"cd_value":"Not Applicable"},"geometry":{"type":"Point","coordinates":[-67.01024752,10.60883389]}},{"type":"Feature","properties":{"obj_type":"995-Unclassified","name":"Unknown","info":"997-Not Applicable","simplified":"Unclassified","damage_gra":"Destroyed","det_method":"Photo-interpretation","notation":"Building point","or_src_id":978,"dmg_src_id":3,"cd_value":"Not Applicable"},"geometry":{"type":"Point","coordinates":[-67.00851412,10.6088391]}},{"type":"Feature","properties":{"obj_type":"995-Unclassified","name":"Unknown","info":"997-Not Applicable","simplified":"Unclassified","damage_gra":"Damaged","det_method":"Photo-interpretation","notation":"Building point","or_src_id":978,"dmg_src_id":3,"cd_value":"Not Applicable"},"geometry":{"type":"Point","coordinates":[-67.01060411,10.60883932]}},{"type":"Feature","properties":{"obj_type":"995-Unclassified","name":"Unknown","info":"997-Not Applicable","simplified":"Unclassified","damage_gra":"Damaged","det_method":"Photo-interpretation","notation":"Building point","or_src_id":978,"dmg_src_id":3,"cd_value":"Not Applicable"},"geometry":{"type":"Point","coordinates":[-67.00842445,10.60885624]}},{"type":"Feature","properties":{"obj_type":"995-Unclassified","name":"Unknown","info":"997-Not Applicable","simplified":"Unclassified","damage_gra":"Possibly damaged","det_method":"Photo-interpretation","notation":"Building point","or_src_id":978,"dmg_src_id":3,"cd_value":"Not Applicable"},"geometry":{"type":"Point","coordinates":[-67.00782642,10.60872266]}},{"type":"Feature","properties":{"obj_type":"995-Unclassified","name":"Unknown","info":"997-Not Applicable","simplified":"Unclassified","damage_gra":"Damaged","det_method":"Photo-interpretation","notation":"Building point","or_src_id":978,"dmg_src_id":3,"cd_value":"Not Applicable"},"geometry":{"type":"Point","coordinates":[-67.0075112,10.60877064]}},{"type":"Feature","properties":{"obj_type":"995-Unclassified","name":"Unknown","info":"997-Not Applicable","simplified":"Unclassified","damage_gra":"Destroyed","det_method":"Photo-interpretation","notation":"Building point","or_src_id":978,"dmg_src_id":3,"cd_value":"Not Applicable"},"geometry":{"type":"Point","coordinates":[-67.00248976,10.6087945]}},{"type":"Feature","properties":{"obj_type":"995-Unclassified","name":"Unknown","info":"997-Not Applicable","simplified":"Unclassified","damage_gra":"Damaged","det_method":"Photo-interpretation","notation":"Building point","or_src_id":978,"dmg_src_id":3,"cd_value":"Not Applicable"},"geometry":{"type":"Point","coordinates":[-67.0038494,10.60880045]}},{"type":"Feature","properties":{"obj_type":"995-Unclassified","name":"Unknown","info":"997-Not Applicable","simplified":"Unclassified","damage_gra":"Possibly damaged","det_method":"Photo-interpretation","notation":"Building point","or_src_id":978,"dmg_src_id":3,"cd_value":"Not Applicable"},"geometry":{"type":"Point","coordinates":[-67.0049923,10.60882513]}},{"type":"Feature","properties":{"obj_type":"11-Residential Buildings","name":"Unknown","info":"997-Not Applicable","simplified":"Residential","damage_gra":"Damaged","det_method":"Photo-interpretation","notation":"Building point","or_src_id":2,"dmg_src_id":3,"cd_value":"Not Applicable"},"geometry":{"type":"Point","coordinates":[-67.00006488,10.60888373]}},{"type":"Feature","properties":{"obj_type":"995-Unclassified","name":"Unknown","info":"997-Not Applicable","simplified":"Unclassified","damage_gra":"Damaged","det_method":"Photo-interpretation","notation":"Building point","or_src_id":978,"dmg_src_id":3,"cd_value":"Not Applicable"},"geometry":{"type":"Point","coordinates":[-67.00144868,10.60888935]}},{"type":"Feature","properties":{"obj_type":"995-Unclassified","name":"Unknown","info":"997-Not Applicable","simplified":"Unclassified","damage_gra":"Possibly damaged","det_method":"Photo-interpretation","notation":"Building point","or_src_id":978,"dmg_src_id":3,"cd_value":"Not Applicable"},"geometry":{"type":"Point","coordinates":[-67.0001911,10.60890605]}},{"type":"Feature","properties":{"obj_type":"995-Unclassified","name":"Unknown","info":"997-Not Applicable","simplified":"Unclassified","damage_gra":"Possibly damaged","det_method":"Photo-interpretation","notation":"Building point","or_src_id":978,"dmg_src_id":3,"cd_value":"Not Applicable"},"geometry":{"type":"Point","coordinates":[-67.00027229,10.60895873]}},{"type":"Feature","properties":{"obj_type":"995-Unclassified","name":"Unknown","info":"997-Not Applicable","simplified":"Unclassified","damage_gra":"Possibly damaged","det_method":"Photo-interpretation","notation":"Building point","or_src_id":978,"dmg_src_id":3,"cd_value":"Not Applicable"},"geometry":{"type":"Point","coordinates":[-67.00209153,10.60903977]}},{"type":"Feature","properties":{"obj_type":"995-Unclassified","name":"Unknown","info":"997-Not Applicable","simplified":"Unclassified","damage_gra":"Possibly damaged","det_method":"Photo-interpretation","notation":"Building point","or_src_id":978,"dmg_src_id":3,"cd_value":"Not Applicable"},"geometry":{"type":"Point","coordinates":[-66.97390363,10.60712682]}},{"type":"Feature","properties":{"obj_type":"995-Unclassified","name":"Unknown","info":"997-Not Applicable","simplified":"Unclassified","damage_gra":"Destroyed","det_method":"Photo-interpretation","notation":"Building point","or_src_id":978,"dmg_src_id":3,"cd_value":"Not Applicable"},"geometry":{"type":"Point","coordinates":[-66.89105824,10.60719445]}},{"type":"Feature","properties":{"obj_type":"995-Unclassified","name":"Unknown","info":"997-Not Applicable","simplified":"Unclassified","damage_gra":"Possibly damaged","det_method":"Photo-interpretation","notation":"Building point","or_src_id":978,"dmg_src_id":3,"cd_value":"Not Applicable"},"geometry":{"type":"Point","coordinates":[-66.98136165,10.60798096]}},{"type":"Feature","properties":{"obj_type":"995-Unclassified","name":"Unknown","info":"997-Not Applicable","simplified":"Unclassified","damage_gra":"Possibly damaged","det_method":"Photo-interpretation","notation":"Building point","or_src_id":978,"dmg_src_id":3,"cd_value":"Not Applicable"},"geometry":{"type":"Point","coordinates":[-66.88963723,10.60864547]}},{"type":"Feature","properties":{"obj_type":"995-Unclassified","name":"Unknown","info":"997-Not Applicable","simplified":"Unclassified","damage_gra":"Destroyed","det_method":"Photo-interpretation","notation":"Building point","or_src_id":978,"dmg_src_id":3,"cd_value":"Not Applicable"},"geometry":{"type":"Point","coordinates":[-66.88945891,10.60876705]}},{"type":"Feature","properties":{"obj_type":"995-Unclassified","name":"Unknown","info":"997-Not Applicable","simplified":"Unclassified","damage_gra":"Possibly damaged","det_method":"Photo-interpretation","notation":"Building point","or_src_id":978,"dmg_src_id":3,"cd_value":"Not Applicable"},"geometry":{"type":"Point","coordinates":[-66.8897321,10.60882626]}},{"type":"Feature","properties":{"obj_type":"995-Unclassified","name":"Unknown","info":"997-Not Applicable","simplified":"Unclassified","damage_gra":"Destroyed","det_method":"Photo-interpretation","notation":"Building point","or_src_id":978,"dmg_src_id":3,"cd_value":"Not Applicable"},"geometry":{"type":"Point","coordinates":[-66.88958787,10.60883355]}},{"type":"Feature","properties":{"obj_type":"995-Unclassified","name":"Unknown","info":"997-Not Applicable","simplified":"Unclassified","damage_gra":"Damaged","det_method":"Photo-interpretation","notation":"Building point","or_src_id":978,"dmg_src_id":3,"cd_value":"Not Applicable"},"geometry":{"type":"Point","coordinates":[-66.8833389,10.61011217]}},{"type":"Feature","properties":{"obj_type":"12-Non-residential Buildings","name":"Unknown","info":"127-Other non-residential buildings","simplified":"Non residential","damage_gra":"Destroyed","det_method":"Photo-interpretation","notation":"Building point","or_src_id":2,"dmg_src_id":3,"cd_value":"Not Applicable"},"geometry":{"type":"Point","coordinates":[-66.88898636,10.61052562]}},{"type":"Feature","properties":{"obj_type":"995-Unclassified","name":"Unknown","info":"997-Not Applicable","simplified":"Unclassified","damage_gra":"Destroyed","det_method":"Photo-interpretation","notation":"Building point","or_src_id":978,"dmg_src_id":3,"cd_value":"Not Applicable"},"geometry":{"type":"Point","coordinates":[-66.8864724,10.6106622]}},{"type":"Feature","properties":{"obj_type":"995-Unclassified","name":"Unknown","info":"997-Not Applicable","simplified":"Unclassified","damage_gra":"Destroyed","det_method":"Photo-interpretation","notation":"Building point","or_src_id":978,"dmg_src_id":3,"cd_value":"Not Applicable"},"geometry":{"type":"Point","coordinates":[-67.00899499,10.60886058]}},{"type":"Feature","properties":{"obj_type":"995-Unclassified","name":"Unknown","info":"997-Not Applicable","simplified":"Unclassified","damage_gra":"Destroyed","det_method":"Photo-interpretation","notation":"Building point","or_src_id":978,"dmg_src_id":3,"cd_value":"Not Applicable"},"geometry":{"type":"Point","coordinates":[-67.009291,10.6088716]}},{"type":"Feature","properties":{"obj_type":"995-Unclassified","name":"Unknown","info":"997-Not Applicable","simplified":"Unclassified","damage_gra":"Destroyed","det_method":"Photo-interpretation","notation":"Building point","or_src_id":978,"dmg_src_id":3,"cd_value":"Not Applicable"},"geometry":{"type":"Point","coordinates":[-67.00917683,10.60888529]}},{"type":"Feature","properties":{"obj_type":"995-Unclassified","name":"Unknown","info":"997-Not Applicable","simplified":"Unclassified","damage_gra":"Destroyed","det_method":"Photo-interpretation","notation":"Building point","or_src_id":978,"dmg_src_id":3,"cd_value":"Not Applicable"},"geometry":{"type":"Point","coordinates":[-67.0090411,10.6088956]}},{"type":"Feature","properties":{"obj_type":"995-Unclassified","name":"Unknown","info":"997-Not Applicable","simplified":"Unclassified","damage_gra":"Destroyed","det_method":"Photo-interpretation","notation":"Building point","or_src_id":978,"dmg_src_id":3,"cd_value":"Not Applicable"},"geometry":{"type":"Point","coordinates":[-67.00907545,10.6089075]}},{"type":"Feature","properties":{"obj_type":"995-Unclassified","name":"Unknown","info":"997-Not Applicable","simplified":"Unclassified","damage_gra":"Possibly damaged","det_method":"Photo-interpretation","notation":"Building point","or_src_id":978,"dmg_src_id":3,"cd_value":"Not Applicable"},"geometry":{"type":"Point","coordinates":[-67.00891792,10.6089195]}},{"type":"Feature","properties":{"obj_type":"995-Unclassified","name":"Unknown","info":"997-Not Applicable","simplified":"Unclassified","damage_gra":"Destroyed","det_method":"Photo-interpretation","notation":"Building point","or_src_id":978,"dmg_src_id":3,"cd_value":"Not Applicable"},"geometry":{"type":"Point","coordinates":[-67.00852665,10.6089201]}},{"type":"Feature","properties":{"obj_type":"995-Unclassified","name":"Unknown","info":"997-Not Applicable","simplified":"Unclassified","damage_gra":"Damaged","det_method":"Photo-interpretation","notation":"Building point","or_src_id":978,"dmg_src_id":3,"cd_value":"Not Applicable"},"geometry":{"type":"Point","coordinates":[-67.0098918,10.60892545]}},{"type":"Feature","properties":{"obj_type":"995-Unclassified","name":"Unknown","info":"997-Not Applicable","simplified":"Unclassified","damage_gra":"Destroyed","det_method":"Photo-interpretation","notation":"Building point","or_src_id":978,"dmg_src_id":3,"cd_value":"Not Applicable"},"geometry":{"type":"Point","coordinates":[-67.0089958,10.60893325]}},{"type":"Feature","properties":{"obj_type":"995-Unclassified","name":"Unknown","info":"997-Not Applicable","simplified":"Unclassified","damage_gra":"Destroyed","det_method":"Photo-interpretation","notation":"Building point","or_src_id":978,"dmg_src_id":3,"cd_value":"Not Applicable"},"geometry":{"type":"Point","coordinates":[-67.00920415,10.60893962]}},{"type":"Feature","properties":{"obj_type":"995-Unclassified","name":"Unknown","info":"997-Not Applicable","simplified":"Unclassified","damage_gra":"Destroyed","det_method":"Photo-interpretation","notation":"Building point","or_src_id":978,"dmg_src_id":3,"cd_value":"Not Applicable"},"geometry":{"type":"Point","coordinates":[-67.0090951,10.60897154]}},{"type":"Feature","properties":{"obj_type":"995-Unclassified","name":"Unknown","info":"997-Not Applicable","simplified":"Unclassified","damage_gra":"Damaged","det_method":"Photo-interpretation","notation":"Building point","or_src_id":978,"dmg_src_id":3,"cd_value":"Not Applicable"},"geometry":{"type":"Point","coordinates":[-67.00856927,10.60897441]}},{"type":"Feature","properties":{"obj_type":"995-Unclassified","name":"Unknown","info":"997-Not Applicable","simplified":"Unclassified","damage_gra":"Damaged","det_method":"Photo-interpretation","notation":"Building point","or_src_id":978,"dmg_src_id":3,"cd_value":"Not Applicable"},"geometry":{"type":"Point","coordinates":[-67.00822147,10.60899615]}},{"type":"Feature","properties":{"obj_type":"11-Residential Buildings","name":"Unknown","info":"997-Not Applicable","simplified":"Residential","damage_gra":"Damaged","det_method":"Photo-interpretation","notation":"Building point","or_src_id":2,"dmg_src_id":3,"cd_value":"Not Applicable"},"geometry":{"type":"Point","coordinates":[-67.01000423,10.60899795]}},{"type":"Feature","properties":{"obj_type":"995-Unclassified","name":"Unknown","info":"997-Not Applicable","simplified":"Unclassified","damage_gra":"Damaged","det_method":"Photo-interpretation","notation":"Building point","or_src_id":978,"dmg_src_id":3,"cd_value":"Not Applicable"},"geometry":{"type":"Point","coordinates":[-67.00833408,10.60900168]}},{"type":"Feature","properties":{"obj_type":"995-Unclassified","name":"Unknown","info":"997-Not Applicable","simplified":"Unclassified","damage_gra":"Destroyed","det_method":"Photo-interpretation","notation":"Building point","or_src_id":978,"dmg_src_id":3,"cd_value":"Not Applicable"},"geometry":{"type":"Point","coordinates":[-67.00913366,10.60900712]}},{"type":"Feature","properties":{"obj_type":"995-Unclassified","name":"Unknown","info":"997-Not Applicable","simplified":"Unclassified","damage_gra":"Damaged","det_method":"Photo-interpretation","notation":"Building point","or_src_id":978,"dmg_src_id":3,"cd_value":"Not Applicable"},"geometry":{"type":"Point","coordinates":[-67.0101199,10.60902541]}},{"type":"Feature","properties":{"obj_type":"11-Residential Buildings","name":"Unknown","info":"997-Not Applicable","simplified":"Residential","damage_gra":"Damaged","det_method":"Photo-interpretation","notation":"Building point","or_src_id":2,"dmg_src_id":3,"cd_value":"Not Applicable"},"geometry":{"type":"Point","coordinates":[-67.00993259,10.60903948]}},{"type":"Feature","properties":{"obj_type":"995-Unclassified","name":"Unknown","info":"997-Not Applicable","simplified":"Unclassified","damage_gra":"Destroyed","det_method":"Photo-interpretation","notation":"Building point","or_src_id":978,"dmg_src_id":3,"cd_value":"Not Applicable"},"geometry":{"type":"Point","coordinates":[-67.00916383,10.60905199]}},{"type":"Feature","properties":{"obj_type":"11-Residential Buildings","name":"Unknown","info":"997-Not Applicable","simplified":"Residential","damage_gra":"Damaged","det_method":"Photo-interpretation","notation":"Building point","or_src_id":2,"dmg_src_id":3,"cd_value":"Not Applicable"},"geometry":{"type":"Point","coordinates":[-67.0100385,10.60905506]}},{"type":"Feature","properties":{"obj_type":"995-Unclassified","name":"Unknown","info":"997-Not Applicable","simplified":"Unclassified","damage_gra":"Damaged","det_method":"Photo-interpretation","notation":"Building point","or_src_id":978,"dmg_src_id":3,"cd_value":"Not Applicable"},"geometry":{"type":"Point","coordinates":[-67.00768514,10.60912548]}},{"type":"Feature","properties":{"obj_type":"995-Unclassified","name":"Unknown","info":"997-Not Applicable","simplified":"Unclassified","damage_gra":"Possibly damaged","det_method":"Photo-interpretation","notation":"Building point","or_src_id":978,"dmg_src_id":3,"cd_value":"Not Applicable"},"geometry":{"type":"Point","coordinates":[-66.98466605,10.60915432]}},{"type":"Feature","properties":{"obj_type":"995-Unclassified","name":"Unknown","info":"997-Not Applicable","simplified":"Unclassified","damage_gra":"Destroyed","det_method":"Photo-interpretation","notation":"Building point","or_src_id":978,"dmg_src_id":3,"cd_value":"Not Applicable"},"geometry":{"type":"Point","coordinates":[-67.00489155,10.6091569]}},{"type":"Feature","properties":{"obj_type":"995-Unclassified","name":"Unknown","info":"997-Not Applicable","simplified":"Unclassified","damage_gra":"Destroyed","det_method":"Photo-interpretation","notation":"Building point","or_src_id":978,"dmg_src_id":3,"cd_value":"Not Applicable"},"geometry":{"type":"Point","coordinates":[-67.00279915,10.60916985]}},{"type":"Feature","properties":{"obj_type":"995-Unclassified","name":"Unknown","info":"997-Not Applicable","simplified":"Unclassified","damage_gra":"Possibly damaged","det_method":"Photo-interpretation","notation":"Building point","or_src_id":978,"dmg_src_id":3,"cd_value":"Not Applicable"},"geometry":{"type":"Point","coordinates":[-66.98467725,10.609199]}},{"type":"Feature","properties":{"obj_type":"995-Unclassified","name":"Unknown","info":"997-Not Applicable","simplified":"Unclassified","damage_gra":"Damaged","det_method":"Photo-interpretation","notation":"Building point","or_src_id":978,"dmg_src_id":3,"cd_value":"Not Applicable"},"geometry":{"type":"Point","coordinates":[-67.00248481,10.60923537]}},{"type":"Feature","properties":{"obj_type":"995-Unclassified","name":"Unknown","info":"997-Not Applicable","simplified":"Unclassified","damage_gra":"Damaged","det_method":"Photo-interpretation","notation":"Building point","or_src_id":978,"dmg_src_id":3,"cd_value":"Not Applicable"},"geometry":{"type":"Point","coordinates":[-67.00223203,10.60925245]}},{"type":"Feature","properties":{"obj_type":"995-Unclassified","name":"Unknown","info":"997-Not Applicable","simplified":"Unclassified","damage_gra":"Destroyed","det_method":"Photo-interpretation","notation":"Building point","or_src_id":978,"dmg_src_id":3,"cd_value":"Not Applicable"},"geometry":{"type":"Point","coordinates":[-67.00789635,10.60925505]}},{"type":"Feature","properties":{"obj_type":"995-Unclassified","name":"Unknown","info":"997-Not Applicable","simplified":"Unclassified","damage_gra":"Destroyed","det_method":"Photo-interpretation","notation":"Building point","or_src_id":978,"dmg_src_id":3,"cd_value":"Not Applicable"},"geometry":{"type":"Point","coordinates":[-67.00783252,10.60927611]}},{"type":"Feature","properties":{"obj_type":"995-Unclassified","name":"Unknown","info":"997-Not Applicable","simplified":"Unclassified","damage_gra":"Destroyed","det_method":"Photo-interpretation","notation":"Building point","or_src_id":978,"dmg_src_id":3,"cd_value":"Not Applicable"},"geometry":{"type":"Point","coordinates":[-67.0027739,10.60928403]}},{"type":"Feature","properties":{"obj_type":"995-Unclassified","name":"Unknown","info":"997-Not Applicable","simplified":"Unclassified","damage_gra":"Destroyed","det_method":"Photo-interpretation","notation":"Building point","or_src_id":978,"dmg_src_id":3,"cd_value":"Not Applicable"},"geometry":{"type":"Point","coordinates":[-67.00907491,10.60907449]}},{"type":"Feature","properties":{"obj_type":"995-Unclassified","name":"Unknown","info":"997-Not Applicable","simplified":"Unclassified","damage_gra":"Possibly damaged","det_method":"Photo-interpretation","notation":"Building point","or_src_id":978,"dmg_src_id":3,"cd_value":"Not Applicable"},"geometry":{"type":"Point","coordinates":[-67.00898845,10.6091053]}},{"type":"Feature","properties":{"obj_type":"995-Unclassified","name":"Unknown","info":"997-Not Applicable","simplified":"Unclassified","damage_gra":"Damaged","det_method":"Photo-interpretation","notation":"Building point","or_src_id":978,"dmg_src_id":3,"cd_value":"Not Applicable"},"geometry":{"type":"Point","coordinates":[-67.00842411,10.60911398]}},{"type":"Feature","properties":{"obj_type":"995-Unclassified","name":"Unknown","info":"997-Not Applicable","simplified":"Unclassified","damage_gra":"Possibly damaged","det_method":"Photo-interpretation","notation":"Building point","or_src_id":978,"dmg_src_id":3,"cd_value":"Not Applicable"},"geometry":{"type":"Point","coordinates":[-67.0090314,10.60915245]}},{"type":"Feature","properties":{"obj_type":"995-Unclassified","name":"Unknown","info":"997-Not Applicable","simplified":"Unclassified","damage_gra":"Damaged","det_method":"Photo-interpretation","notation":"Building point","or_src_id":978,"dmg_src_id":3,"cd_value":"Not Applicable"},"geometry":{"type":"Point","coordinates":[-67.0083035,10.60916757]}},{"type":"Feature","properties":{"obj_type":"995-Unclassified","name":"Unknown","info":"997-Not Applicable","simplified":"Unclassified","damage_gra":"Destroyed","det_method":"Photo-interpretation","notation":"Building point","or_src_id":978,"dmg_src_id":3,"cd_value":"Not Applicable"},"geometry":{"type":"Point","coordinates":[-67.0087823,10.6092019]}},{"type":"Feature","properties":{"obj_type":"995-Unclassified","name":"Unknown","info":"997-Not Applicable","simplified":"Unclassified","damage_gra":"Damaged","det_method":"Photo-interpretation","notation":"Building point","or_src_id":978,"dmg_src_id":3,"cd_value":"Not Applicable"},"geometry":{"type":"Point","coordinates":[-67.00885515,10.6092404]}},{"type":"Feature","properties":{"obj_type":"995-Unclassified","name":"Unknown","info":"997-Not Applicable","simplified":"Unclassified","damage_gra":"Damaged","det_method":"Photo-interpretation","notation":"Building point","or_src_id":978,"dmg_src_id":3,"cd_value":"Not Applicable"},"geometry":{"type":"Point","coordinates":[-67.00885613,10.60933412]}},{"type":"Feature","properties":{"obj_type":"995-Unclassified","name":"Unknown","info":"997-Not Applicable","simplified":"Unclassified","damage_gra":"Damaged","det_method":"Photo-interpretation","notation":"Building point","or_src_id":978,"dmg_src_id":3,"cd_value":"Not Applicable"},"geometry":{"type":"Point","coordinates":[-67.01048745,10.60944655]}},{"type":"Feature","properties":{"obj_type":"995-Unclassified","name":"Unknown","info":"997-Not Applicable","simplified":"Unclassified","damage_gra":"Destroyed","det_method":"Photo-interpretation","notation":"Building point","or_src_id":978,"dmg_src_id":3,"cd_value":"Not Applicable"},"geometry":{"type":"Point","coordinates":[-67.00808624,10.60947581]}},{"type":"Feature","properties":{"obj_type":"995-Unclassified","name":"Unknown","info":"997-Not Applicable","simplified":"Unclassified","damage_gra":"Possibly damaged","det_method":"Photo-interpretation","notation":"Building point","or_src_id":978,"dmg_src_id":3,"cd_value":"Not Applicable"},"geometry":{"type":"Point","coordinates":[-67.00037983,10.60931571]}},{"type":"Feature","properties":{"obj_type":"995-Unclassified","name":"Unknown","info":"997-Not Applicable","simplified":"Unclassified","damage_gra":"Possibly damaged","det_method":"Photo-interpretation","notation":"Building point","or_src_id":978,"dmg_src_id":3,"cd_value":"Not Applicable"},"geometry":{"type":"Point","coordinates":[-67.00062249,10.60931598]}},{"type":"Feature","properties":{"obj_type":"995-Unclassified","name":"Unknown","info":"997-Not Applicable","simplified":"Unclassified","damage_gra":"Destroyed","det_method":"Photo-interpretation","notation":"Building point","or_src_id":978,"dmg_src_id":3,"cd_value":"Not Applicable"},"geometry":{"type":"Point","coordinates":[-67.0078052,10.60935155]}},{"type":"Feature","properties":{"obj_type":"11-Residential Buildings","name":"Unknown","info":"997-Not Applicable","simplified":"Residential","damage_gra":"Possibly damaged","det_method":"Photo-interpretation","notation":"Building point","or_src_id":2,"dmg_src_id":3,"cd_value":"Not Applicable"},"geometry":{"type":"Point","coordinates":[-66.9966514,10.60935698]}},{"type":"Feature","properties":{"obj_type":"995-Unclassified","name":"Unknown","info":"997-Not Applicable","simplified":"Unclassified","damage_gra":"Destroyed","det_method":"Photo-interpretation","notation":"Building point","or_src_id":978,"dmg_src_id":3,"cd_value":"Not Applicable"},"geometry":{"type":"Point","coordinates":[-67.0078129,10.60941368]}},{"type":"Feature","properties":{"obj_type":"995-Unclassified","name":"Unknown","info":"997-Not Applicable","simplified":"Unclassified","damage_gra":"Destroyed","det_method":"Photo-interpretation","notation":"Building point","or_src_id":978,"dmg_src_id":3,"cd_value":"Not Applicable"},"geometry":{"type":"Point","coordinates":[-67.0077989,10.60946696]}},{"type":"Feature","properties":{"obj_type":"995-Unclassified","name":"Unknown","info":"997-Not Applicable","simplified":"Unclassified","damage_gra":"Damaged","det_method":"Photo-interpretation","notation":"Building point","or_src_id":978,"dmg_src_id":3,"cd_value":"Not Applicable"},"geometry":{"type":"Point","coordinates":[-66.98523525,10.60947067]}},{"type":"Feature","properties":{"obj_type":"995-Unclassified","name":"Unknown","info":"997-Not Applicable","simplified":"Unclassified","damage_gra":"Destroyed","det_method":"Photo-interpretation","notation":"Building point","or_src_id":978,"dmg_src_id":3,"cd_value":"Not Applicable"},"geometry":{"type":"Point","coordinates":[-67.0078572,10.60947763]}},{"type":"Feature","properties":{"obj_type":"995-Unclassified","name":"Unknown","info":"997-Not Applicable","simplified":"Unclassified","damage_gra":"Damaged","det_method":"Photo-interpretation","notation":"Building point","or_src_id":978,"dmg_src_id":3,"cd_value":"Not Applicable"},"geometry":{"type":"Point","coordinates":[-67.00629288,10.6096374]}},{"type":"Feature","properties":{"obj_type":"995-Unclassified","name":"Unknown","info":"997-Not Applicable","simplified":"Unclassified","damage_gra":"Damaged","det_method":"Photo-interpretation","notation":"Building point","or_src_id":978,"dmg_src_id":3,"cd_value":"Not Applicable"},"geometry":{"type":"Point","coordinates":[-67.00611416,10.60964684]}},{"type":"Feature","properties":{"obj_type":"995-Unclassified","name":"Unknown","info":"997-Not Applicable","simplified":"Unclassified","damage_gra":"Damaged","det_method":"Photo-interpretation","notation":"Building point","or_src_id":978,"dmg_src_id":3,"cd_value":"Not Applicable"},"geometry":{"type":"Point","coordinates":[-67.00640216,10.60969213]}},{"type":"Feature","properties":{"obj_type":"995-Unclassified","name":"Unknown","info":"997-Not Applicable","simplified":"Unclassified","damage_gra":"Destroyed","det_method":"Photo-interpretation","notation":"Building point","or_src_id":978,"dmg_src_id":3,"cd_value":"Not Applicable"},"geometry":{"type":"Point","coordinates":[-67.00626862,10.60972051]}},{"type":"Feature","properties":{"obj_type":"995-Unclassified","name":"Unknown","info":"997-Not Applicable","simplified":"Unclassified","damage_gra":"Possibly damaged","det_method":"Photo-interpretation","notation":"Building point","or_src_id":978,"dmg_src_id":3,"cd_value":"Not Applicable"},"geometry":{"type":"Point","coordinates":[-66.9862435,10.60972355]}},{"type":"Feature","properties":{"obj_type":"995-Unclassified","name":"Unknown","info":"997-Not Applicable","simplified":"Unclassified","damage_gra":"Destroyed","det_method":"Photo-interpretation","notation":"Building point","or_src_id":978,"dmg_src_id":3,"cd_value":"Not Applicable"},"geometry":{"type":"Point","coordinates":[-67.0063547,10.60976146]}},{"type":"Feature","properties":{"obj_type":"995-Unclassified","name":"Unknown","info":"997-Not Applicable","simplified":"Unclassified","damage_gra":"Possibly damaged","det_method":"Photo-interpretation","notation":"Building point","or_src_id":978,"dmg_src_id":3,"cd_value":"Not Applicable"},"geometry":{"type":"Point","coordinates":[-67.00653941,10.60976461]}},{"type":"Feature","properties":{"obj_type":"995-Unclassified","name":"Unknown","info":"997-Not Applicable","simplified":"Unclassified","damage_gra":"Possibly damaged","det_method":"Photo-interpretation","notation":"Building point","or_src_id":978,"dmg_src_id":3,"cd_value":"Not Applicable"},"geometry":{"type":"Point","coordinates":[-66.98594905,10.60977765]}},{"type":"Feature","properties":{"obj_type":"995-Unclassified","name":"Unknown","info":"997-Not Applicable","simplified":"Unclassified","damage_gra":"Damaged","det_method":"Photo-interpretation","notation":"Building point","or_src_id":978,"dmg_src_id":3,"cd_value":"Not Applicable"},"geometry":{"type":"Point","coordinates":[-66.9865402,10.60979955]}},{"type":"Feature","properties":{"obj_type":"995-Unclassified","name":"Unknown","info":"997-Not Applicable","simplified":"Unclassified","damage_gra":"Possibly damaged","det_method":"Photo-interpretation","notation":"Building point","or_src_id":978,"dmg_src_id":3,"cd_value":"Not Applicable"},"geometry":{"type":"Point","coordinates":[-66.99989098,10.60983204]}},{"type":"Feature","properties":{"obj_type":"995-Unclassified","name":"Unknown","info":"997-Not Applicable","simplified":"Unclassified","damage_gra":"Possibly damaged","det_method":"Photo-interpretation","notation":"Building point","or_src_id":978,"dmg_src_id":3,"cd_value":"Not Applicable"},"geometry":{"type":"Point","coordinates":[-66.99784293,10.60985607]}},{"type":"Feature","properties":{"obj_type":"11-Residential Buildings","name":"Unknown","info":"997-Not Applicable","simplified":"Residential","damage_gra":"Destroyed","det_method":"Photo-interpretation","notation":"Building point","or_src_id":2,"dmg_src_id":3,"cd_value":"Not Applicable"},"geometry":{"type":"Point","coordinates":[-66.98648912,10.60990445]}},{"type":"Feature","properties":{"obj_type":"995-Unclassified","name":"Unknown","info":"997-Not Applicable","simplified":"Unclassified","damage_gra":"Destroyed","det_method":"Photo-interpretation","notation":"Building point","or_src_id":978,"dmg_src_id":3,"cd_value":"Not Applicable"},"geometry":{"type":"Point","coordinates":[-67.00796225,10.60960455]}},{"type":"Feature","properties":{"obj_type":"995-Unclassified","name":"Unknown","info":"997-Not Applicable","simplified":"Unclassified","damage_gra":"Destroyed","det_method":"Photo-interpretation","notation":"Building point","or_src_id":978,"dmg_src_id":3,"cd_value":"Not Applicable"},"geometry":{"type":"Point","coordinates":[-67.00897525,10.6096151]}},{"type":"Feature","properties":{"obj_type":"995-Unclassified","name":"Unknown","info":"997-Not Applicable","simplified":"Unclassified","damage_gra":"Damaged","det_method":"Photo-interpretation","notation":"Building point","or_src_id":978,"dmg_src_id":3,"cd_value":"Not Applicable"},"geometry":{"type":"Point","coordinates":[-67.00940758,10.60970228]}},{"type":"Feature","properties":{"obj_type":"995-Unclassified","name":"Unknown","info":"997-Not Applicable","simplified":"Unclassified","damage_gra":"Destroyed","det_method":"Photo-interpretation","notation":"Building point","or_src_id":978,"dmg_src_id":3,"cd_value":"Not Applicable"},"geometry":{"type":"Point","coordinates":[-67.00914062,10.60980529]}},{"type":"Feature","properties":{"obj_type":"995-Unclassified","name":"Unknown","info":"997-Not Applicable","simplified":"Unclassified","damage_gra":"Destroyed","det_method":"Photo-interpretation","notation":"Building point","or_src_id":978,"dmg_src_id":3,"cd_value":"Not Applicable"},"geometry":{"type":"Point","coordinates":[-67.0091729,10.60985345]}},{"type":"Feature","properties":{"obj_type":"995-Unclassified","name":"Unknown","info":"997-Not Applicable","simplified":"Unclassified","damage_gra":"Destroyed","det_method":"Photo-interpretation","notation":"Building point","or_src_id":978,"dmg_src_id":3,"cd_value":"Not Applicable"},"geometry":{"type":"Point","coordinates":[-67.0095282,10.60987345]}},{"type":"Feature","properties":{"obj_type":"995-Unclassified","name":"Unknown","info":"997-Not Applicable","simplified":"Unclassified","damage_gra":"Destroyed","det_method":"Photo-interpretation","notation":"Building point","or_src_id":978,"dmg_src_id":3,"cd_value":"Not Applicable"},"geometry":{"type":"Point","coordinates":[-67.00904678,10.60988259]}},{"type":"Feature","properties":{"obj_type":"995-Unclassified","name":"Unknown","info":"997-Not Applicable","simplified":"Unclassified","damage_gra":"Destroyed","det_method":"Photo-interpretation","notation":"Building point","or_src_id":978,"dmg_src_id":3,"cd_value":"Not Applicable"},"geometry":{"type":"Point","coordinates":[-67.00945671,10.60999401]}},{"type":"Feature","properties":{"obj_type":"995-Unclassified","name":"Unknown","info":"997-Not Applicable","simplified":"Unclassified","damage_gra":"Possibly damaged","det_method":"Photo-interpretation","notation":"Building point","or_src_id":978,"dmg_src_id":3,"cd_value":"Not Applicable"},"geometry":{"type":"Point","coordinates":[-67.00920356,10.6100144]}},{"type":"Feature","properties":{"obj_type":"995-Unclassified","name":"Unknown","info":"997-Not Applicable","simplified":"Unclassified","damage_gra":"Damaged","det_method":"Photo-interpretation","notation":"Building point","or_src_id":978,"dmg_src_id":3,"cd_value":"Not Applicable"},"geometry":{"type":"Point","coordinates":[-67.00846108,10.61024391]}},{"type":"Feature","properties":{"obj_type":"995-Unclassified","name":"Unknown","info":"997-Not Applicable","simplified":"Unclassified","damage_gra":"Damaged","det_method":"Photo-interpretation","notation":"Building point","or_src_id":978,"dmg_src_id":3,"cd_value":"Not Applicable"},"geometry":{"type":"Point","coordinates":[-67.00643096,10.60991103]}},{"type":"Feature","properties":{"obj_type":"995-Unclassified","name":"Unknown","info":"997-Not Applicable","simplified":"Unclassified","damage_gra":"Destroyed","det_method":"Photo-interpretation","notation":"Building point","or_src_id":978,"dmg_src_id":3,"cd_value":"Not Applicable"},"geometry":{"type":"Point","coordinates":[-67.0063452,10.6099163]}},{"type":"Feature","properties":{"obj_type":"995-Unclassified","name":"Unknown","info":"997-Not Applicable","simplified":"Unclassified","damage_gra":"Damaged","det_method":"Photo-interpretation","notation":"Building point","or_src_id":978,"dmg_src_id":3,"cd_value":"Not Applicable"},"geometry":{"type":"Point","coordinates":[-66.9867058,10.60998407]}},{"type":"Feature","properties":{"obj_type":"995-Unclassified","name":"Unknown","info":"997-Not Applicable","simplified":"Unclassified","damage_gra":"Destroyed","det_method":"Photo-interpretation","notation":"Building point","or_src_id":978,"dmg_src_id":3,"cd_value":"Not Applicable"},"geometry":{"type":"Point","coordinates":[-66.9920263,10.6099862]}},{"type":"Feature","properties":{"obj_type":"995-Unclassified","name":"Unknown","info":"997-Not Applicable","simplified":"Unclassified","damage_gra":"Destroyed","det_method":"Photo-interpretation","notation":"Building point","or_src_id":978,"dmg_src_id":3,"cd_value":"Not Applicable"},"geometry":{"type":"Point","coordinates":[-66.99211755,10.60999635]}},{"type":"Feature","properties":{"obj_type":"995-Unclassified","name":"Unknown","info":"997-Not Applicable","simplified":"Unclassified","damage_gra":"Damaged","det_method":"Photo-interpretation","notation":"Building point","or_src_id":978,"dmg_src_id":3,"cd_value":"Not Applicable"},"geometry":{"type":"Point","coordinates":[-66.9864383,10.61002195]}},{"type":"Feature","properties":{"obj_type":"995-Unclassified","name":"Unknown","info":"997-Not Applicable","simplified":"Unclassified","damage_gra":"Destroyed","det_method":"Photo-interpretation","notation":"Building point","or_src_id":978,"dmg_src_id":3,"cd_value":"Not Applicable"},"geometry":{"type":"Point","coordinates":[-66.98682773,10.61002877]}},{"type":"Feature","properties":{"obj_type":"995-Unclassified","name":"Unknown","info":"997-Not Applicable","simplified":"Unclassified","damage_gra":"Destroyed","det_method":"Photo-interpretation","notation":"Building point","or_src_id":978,"dmg_src_id":3,"cd_value":"Not Applicable"},"geometry":{"type":"Point","coordinates":[-66.9871323,10.6102273]}},{"type":"Feature","properties":{"obj_type":"995-Unclassified","name":"Unknown","info":"997-Not Applicable","simplified":"Unclassified","damage_gra":"Damaged","det_method":"Photo-interpretation","notation":"Building point","or_src_id":978,"dmg_src_id":3,"cd_value":"Not Applicable"},"geometry":{"type":"Point","coordinates":[-67.00569488,10.61038314]}},{"type":"Feature","properties":{"obj_type":"995-Unclassified","name":"Unknown","info":"997-Not Applicable","simplified":"Unclassified","damage_gra":"Destroyed","det_method":"Photo-interpretation","notation":"Building point","or_src_id":978,"dmg_src_id":3,"cd_value":"Not Applicable"},"geometry":{"type":"Point","coordinates":[-67.00771623,10.61041332]}},{"type":"Feature","properties":{"obj_type":"995-Unclassified","name":"Unknown","info":"997-Not Applicable","simplified":"Unclassified","damage_gra":"Destroyed","det_method":"Photo-interpretation","notation":"Building point","or_src_id":978,"dmg_src_id":3,"cd_value":"Not Applicable"},"geometry":{"type":"Point","coordinates":[-67.01027783,10.61028881]}},{"type":"Feature","properties":{"obj_type":"995-Unclassified","name":"Unknown","info":"997-Not Applicable","simplified":"Unclassified","damage_gra":"Damaged","det_method":"Photo-interpretation","notation":"Building point","or_src_id":978,"dmg_src_id":3,"cd_value":"Not Applicable"},"geometry":{"type":"Point","coordinates":[-67.00973412,10.61030509]}},{"type":"Feature","properties":{"obj_type":"995-Unclassified","name":"Unknown","info":"997-Not Applicable","simplified":"Unclassified","damage_gra":"Possibly damaged","det_method":"Photo-interpretation","notation":"Building point","or_src_id":978,"dmg_src_id":3,"cd_value":"Not Applicable"},"geometry":{"type":"Point","coordinates":[-67.0093141,10.61031903]}},{"type":"Feature","properties":{"obj_type":"995-Unclassified","name":"Unknown","info":"997-Not Applicable","simplified":"Unclassified","damage_gra":"Destroyed","det_method":"Photo-interpretation","notation":"Building point","or_src_id":978,"dmg_src_id":3,"cd_value":"Not Applicable"},"geometry":{"type":"Point","coordinates":[-67.00820534,10.6103813]}},{"type":"Feature","properties":{"obj_type":"995-Unclassified","name":"Unknown","info":"997-Not Applicable","simplified":"Unclassified","damage_gra":"Destroyed","det_method":"Photo-interpretation","notation":"Building point","or_src_id":978,"dmg_src_id":3,"cd_value":"Not Applicable"},"geometry":{"type":"Point","coordinates":[-67.00901684,10.61038578]}},{"type":"Feature","properties":{"obj_type":"11-Residential Buildings","name":"Unknown","info":"997-Not Applicable","simplified":"Residential","damage_gra":"Damaged","det_method":"Photo-interpretation","notation":"Building point","or_src_id":2,"dmg_src_id":3,"cd_value":"Not Applicable"},"geometry":{"type":"Point","coordinates":[-67.01093579,10.61039995]}},{"type":"Feature","properties":{"obj_type":"11-Residential Buildings","name":"Unknown","info":"997-Not Applicable","simplified":"Residential","damage_gra":"Damaged","det_method":"Photo-interpretation","notation":"Building point","or_src_id":2,"dmg_src_id":3,"cd_value":"Not Applicable"},"geometry":{"type":"Point","coordinates":[-67.01074596,10.6104681]}},{"type":"Feature","properties":{"obj_type":"995-Unclassified","name":"Unknown","info":"997-Not Applicable","simplified":"Unclassified","damage_gra":"Destroyed","det_method":"Photo-interpretation","notation":"Building point","or_src_id":978,"dmg_src_id":3,"cd_value":"Not Applicable"},"geometry":{"type":"Point","coordinates":[-67.00906455,10.610522]}},{"type":"Feature","properties":{"obj_type":"995-Unclassified","name":"Unknown","info":"997-Not Applicable","simplified":"Unclassified","damage_gra":"Destroyed","det_method":"Photo-interpretation","notation":"Building point","or_src_id":978,"dmg_src_id":3,"cd_value":"Not Applicable"},"geometry":{"type":"Point","coordinates":[-67.0089125,10.61053955]}},{"type":"Feature","properties":{"obj_type":"995-Unclassified","name":"Unknown","info":"997-Not Applicable","simplified":"Unclassified","damage_gra":"Destroyed","det_method":"Photo-interpretation","notation":"Building point","or_src_id":978,"dmg_src_id":3,"cd_value":"Not Applicable"},"geometry":{"type":"Point","coordinates":[-67.00896436,10.61055752]}},{"type":"Feature","properties":{"obj_type":"995-Unclassified","name":"Unknown","info":"997-Not Applicable","simplified":"Unclassified","damage_gra":"Destroyed","det_method":"Photo-interpretation","notation":"Building point","or_src_id":978,"dmg_src_id":3,"cd_value":"Not Applicable"},"geometry":{"type":"Point","coordinates":[-67.0067855,10.6104547]}},{"type":"Feature","properties":{"obj_type":"995-Unclassified","name":"Unknown","info":"997-Not Applicable","simplified":"Unclassified","damage_gra":"Destroyed","det_method":"Photo-interpretation","notation":"Building point","or_src_id":978,"dmg_src_id":3,"cd_value":"Not Applicable"},"geometry":{"type":"Point","coordinates":[-67.0077012,10.61048987]}},{"type":"Feature","properties":{"obj_type":"995-Unclassified","name":"Unknown","info":"997-Not Applicable","simplified":"Unclassified","damage_gra":"Possibly damaged","det_method":"Photo-interpretation","notation":"Building point","or_src_id":978,"dmg_src_id":3,"cd_value":"Not Applicable"},"geometry":{"type":"Point","coordinates":[-66.99368949,10.61049548]}},{"type":"Feature","properties":{"obj_type":"995-Unclassified","name":"Unknown","info":"997-Not Applicable","simplified":"Unclassified","damage_gra":"Possibly damaged","det_method":"Photo-interpretation","notation":"Building point","or_src_id":978,"dmg_src_id":3,"cd_value":"Not Applicable"},"geometry":{"type":"Point","coordinates":[-67.00665745,10.61053629]}},{"type":"Feature","properties":{"obj_type":"995-Unclassified","name":"Unknown","info":"997-Not Applicable","simplified":"Unclassified","damage_gra":"Destroyed","det_method":"Photo-interpretation","notation":"Building point","or_src_id":978,"dmg_src_id":3,"cd_value":"Not Applicable"},"geometry":{"type":"Point","coordinates":[-67.0076792,10.6105641]}},{"type":"Feature","properties":{"obj_type":"995-Unclassified","name":"Unknown","info":"997-Not Applicable","simplified":"Unclassified","damage_gra":"Destroyed","det_method":"Photo-interpretation","notation":"Building point","or_src_id":978,"dmg_src_id":3,"cd_value":"Not Applicable"},"geometry":{"type":"Point","coordinates":[-67.00677256,10.61058324]}},{"type":"Feature","properties":{"obj_type":"995-Unclassified","name":"Unknown","info":"997-Not Applicable","simplified":"Unclassified","damage_gra":"Destroyed","det_method":"Photo-interpretation","notation":"Building point","or_src_id":978,"dmg_src_id":3,"cd_value":"Not Applicable"},"geometry":{"type":"Point","coordinates":[-67.00699443,10.61064524]}},{"type":"Feature","properties":{"obj_type":"995-Unclassified","name":"Unknown","info":"997-Not Applicable","simplified":"Unclassified","damage_gra":"Possibly damaged","det_method":"Photo-interpretation","notation":"Building point","or_src_id":978,"dmg_src_id":3,"cd_value":"Not Applicable"},"geometry":{"type":"Point","coordinates":[-67.0074236,10.61070727]}},{"type":"Feature","properties":{"obj_type":"995-Unclassified","name":"Unknown","info":"997-Not Applicable","simplified":"Unclassified","damage_gra":"Destroyed","det_method":"Photo-interpretation","notation":"Building point","or_src_id":978,"dmg_src_id":3,"cd_value":"Not Applicable"},"geometry":{"type":"Point","coordinates":[-67.00691806,10.61074594]}},{"type":"Feature","properties":{"obj_type":"995-Unclassified","name":"Unknown","info":"997-Not Applicable","simplified":"Unclassified","damage_gra":"Possibly damaged","det_method":"Photo-interpretation","notation":"Building point","or_src_id":978,"dmg_src_id":3,"cd_value":"Not Applicable"},"geometry":{"type":"Point","coordinates":[-67.00607445,10.61097255]}},{"type":"Feature","properties":{"obj_type":"11-Residential Buildings","name":"Unknown","info":"997-Not Applicable","simplified":"Residential","damage_gra":"Destroyed","det_method":"Photo-interpretation","notation":"Building point","or_src_id":2,"dmg_src_id":3,"cd_value":"Not Applicable"},"geometry":{"type":"Point","coordinates":[-67.0107995,10.61063034]}},{"type":"Feature","properties":{"obj_type":"11-Residential Buildings","name":"Unknown","info":"997-Not Applicable","simplified":"Residential","damage_gra":"Destroyed","det_method":"Photo-interpretation","notation":"Building point","or_src_id":2,"dmg_src_id":3,"cd_value":"Not Applicable"},"geometry":{"type":"Point","coordinates":[-67.01094228,10.61070011]}},{"type":"Feature","properties":{"obj_type":"995-Unclassified","name":"Unknown","info":"997-Not Applicable","simplified":"Unclassified","damage_gra":"Possibly damaged","det_method":"Photo-interpretation","notation":"Building point","or_src_id":978,"dmg_src_id":3,"cd_value":"Not Applicable"},"geometry":{"type":"Point","coordinates":[-67.0099329,10.6109331]}},{"type":"Feature","properties":{"obj_type":"995-Unclassified","name":"Unknown","info":"997-Not Applicable","simplified":"Unclassified","damage_gra":"Destroyed","det_method":"Photo-interpretation","notation":"Building point","or_src_id":978,"dmg_src_id":3,"cd_value":"Not Applicable"},"geometry":{"type":"Point","coordinates":[-67.01019835,10.6110812]}},{"type":"Feature","properties":{"obj_type":"995-Unclassified","name":"Unknown","info":"997-Not Applicable","simplified":"Unclassified","damage_gra":"Destroyed","det_method":"Photo-interpretation","notation":"Building point","or_src_id":978,"dmg_src_id":3,"cd_value":"Not Applicable"},"geometry":{"type":"Point","coordinates":[-67.0080721,10.61140595]}},{"type":"Feature","properties":{"obj_type":"995-Unclassified","name":"Unknown","info":"997-Not Applicable","simplified":"Unclassified","damage_gra":"Possibly damaged","det_method":"Photo-interpretation","notation":"Building point","or_src_id":978,"dmg_src_id":3,"cd_value":"Not Applicable"},"geometry":{"type":"Point","coordinates":[-67.00895422,10.6114691]}},{"type":"Feature","properties":{"obj_type":"995-Unclassified","name":"Unknown","info":"997-Not Applicable","simplified":"Unclassified","damage_gra":"Destroyed","det_method":"Photo-interpretation","notation":"Building point","or_src_id":978,"dmg_src_id":3,"cd_value":"Not Applicable"},"geometry":{"type":"Point","coordinates":[-67.0079819,10.61147355]}},{"type":"Feature","properties":{"obj_type":"995-Unclassified","name":"Unknown","info":"997-Not Applicable","simplified":"Unclassified","damage_gra":"Destroyed","det_method":"Photo-interpretation","notation":"Building point","or_src_id":978,"dmg_src_id":3,"cd_value":"Not Applicable"},"geometry":{"type":"Point","coordinates":[-67.0081577,10.61148575]}},{"type":"Feature","properties":{"obj_type":"995-Unclassified","name":"Unknown","info":"997-Not Applicable","simplified":"Unclassified","damage_gra":"Destroyed","det_method":"Photo-interpretation","notation":"Building point","or_src_id":978,"dmg_src_id":3,"cd_value":"Not Applicable"},"geometry":{"type":"Point","coordinates":[-67.0080728,10.6114899]}},{"type":"Feature","properties":{"obj_type":"995-Unclassified","name":"Unknown","info":"997-Not Applicable","simplified":"Unclassified","damage_gra":"Damaged","det_method":"Photo-interpretation","notation":"Building point","or_src_id":978,"dmg_src_id":3,"cd_value":"Not Applicable"},"geometry":{"type":"Point","coordinates":[-67.00838039,10.61149102]}},{"type":"Feature","properties":{"obj_type":"995-Unclassified","name":"Unknown","info":"997-Not Applicable","simplified":"Unclassified","damage_gra":"Possibly damaged","det_method":"Photo-interpretation","notation":"Building point","or_src_id":978,"dmg_src_id":3,"cd_value":"Not Applicable"},"geometry":{"type":"Point","coordinates":[-66.88709236,10.61104759]}},{"type":"Feature","properties":{"obj_type":"995-Unclassified","name":"Unknown","info":"997-Not Applicable","simplified":"Unclassified","damage_gra":"Destroyed","det_method":"Photo-interpretation","notation":"Building point","or_src_id":978,"dmg_src_id":3,"cd_value":"Not Applicable"},"geometry":{"type":"Point","coordinates":[-66.88436836,10.61123805]}},{"type":"Feature","properties":{"obj_type":"995-Unclassified","name":"Unknown","info":"997-Not Applicable","simplified":"Unclassified","damage_gra":"Destroyed","det_method":"Photo-interpretation","notation":"Building point","or_src_id":978,"dmg_src_id":3,"cd_value":"Not Applicable"},"geometry":{"type":"Point","coordinates":[-66.88626496,10.61147062]}},{"type":"Feature","properties":{"obj_type":"995-Unclassified","name":"Unknown","info":"997-Not Applicable","simplified":"Unclassified","damage_gra":"Destroyed","det_method":"Photo-interpretation","notation":"Building point","or_src_id":978,"dmg_src_id":3,"cd_value":"Not Applicable"},"geometry":{"type":"Point","coordinates":[-66.88543906,10.61147817]}},{"type":"Feature","properties":{"obj_type":"12-Non-residential Buildings","name":"Unknown","info":"127-Other non-residential buildings","simplified":"Non residential","damage_gra":"Destroyed","det_method":"Photo-interpretation","notation":"Building point","or_src_id":2,"dmg_src_id":3,"cd_value":"Not Applicable"},"geometry":{"type":"Point","coordinates":[-66.88588236,10.61150322]}},{"type":"Feature","properties":{"obj_type":"995-Unclassified","name":"Unknown","info":"997-Not Applicable","simplified":"Unclassified","damage_gra":"Destroyed","det_method":"Photo-interpretation","notation":"Building point","or_src_id":978,"dmg_src_id":3,"cd_value":"Not Applicable"},"geometry":{"type":"Point","coordinates":[-66.88622235,10.6115561]}},{"type":"Feature","properties":{"obj_type":"995-Unclassified","name":"Unknown","info":"997-Not Applicable","simplified":"Unclassified","damage_gra":"Damaged","det_method":"Photo-interpretation","notation":"Building point","or_src_id":978,"dmg_src_id":3,"cd_value":"Not Applicable"},"geometry":{"type":"Point","coordinates":[-66.88531313,10.61160229]}},{"type":"Feature","properties":{"obj_type":"995-Unclassified","name":"Unknown","info":"997-Not Applicable","simplified":"Unclassified","damage_gra":"Destroyed","det_method":"Photo-interpretation","notation":"Building point","or_src_id":978,"dmg_src_id":3,"cd_value":"Not Applicable"},"geometry":{"type":"Point","coordinates":[-66.88627837,10.61160609]}},{"type":"Feature","properties":{"obj_type":"995-Unclassified","name":"Unknown","info":"997-Not Applicable","simplified":"Unclassified","damage_gra":"Destroyed","det_method":"Photo-interpretation","notation":"Building point","or_src_id":978,"dmg_src_id":3,"cd_value":"Not Applicable"},"geometry":{"type":"Point","coordinates":[-66.88593029,10.61173212]}},{"type":"Feature","properties":{"obj_type":"995-Unclassified","name":"Unknown","info":"997-Not Applicable","simplified":"Unclassified","damage_gra":"Destroyed","det_method":"Photo-interpretation","notation":"Building point","or_src_id":978,"dmg_src_id":3,"cd_value":"Not Applicable"},"geometry":{"type":"Point","coordinates":[-66.88570368,10.61173692]}},{"type":"Feature","properties":{"obj_type":"995-Unclassified","name":"Unknown","info":"997-Not Applicable","simplified":"Unclassified","damage_gra":"Possibly damaged","det_method":"Photo-interpretation","notation":"Building point","or_src_id":978,"dmg_src_id":3,"cd_value":"Not Applicable"},"geometry":{"type":"Point","coordinates":[-66.9938807,10.61097635]}},{"type":"Feature","properties":{"obj_type":"995-Unclassified","name":"Unknown","info":"997-Not Applicable","simplified":"Unclassified","damage_gra":"Destroyed","det_method":"Photo-interpretation","notation":"Building point","or_src_id":978,"dmg_src_id":3,"cd_value":"Not Applicable"},"geometry":{"type":"Point","coordinates":[-67.00681202,10.61108306]}},{"type":"Feature","properties":{"obj_type":"995-Unclassified","name":"Unknown","info":"997-Not Applicable","simplified":"Unclassified","damage_gra":"Destroyed","det_method":"Photo-interpretation","notation":"Building point","or_src_id":978,"dmg_src_id":3,"cd_value":"Not Applicable"},"geometry":{"type":"Point","coordinates":[-67.00673303,10.61109757]}},{"type":"Feature","properties":{"obj_type":"995-Unclassified","name":"Unknown","info":"997-Not Applicable","simplified":"Unclassified","damage_gra":"Destroyed","det_method":"Photo-interpretation","notation":"Building point","or_src_id":978,"dmg_src_id":3,"cd_value":"Not Applicable"},"geometry":{"type":"Point","coordinates":[-67.0067401,10.61121343]}},{"type":"Feature","properties":{"obj_type":"995-Unclassified","name":"Unknown","info":"997-Not Applicable","simplified":"Unclassified","damage_gra":"Damaged","det_method":"Photo-interpretation","notation":"Building point","or_src_id":978,"dmg_src_id":3,"cd_value":"Not Applicable"},"geometry":{"type":"Point","coordinates":[-67.00729787,10.61132874]}},{"type":"Feature","properties":{"obj_type":"995-Unclassified","name":"Unknown","info":"997-Not Applicable","simplified":"Unclassified","damage_gra":"Destroyed","det_method":"Photo-interpretation","notation":"Building point","or_src_id":978,"dmg_src_id":3,"cd_value":"Not Applicable"},"geometry":{"type":"Point","coordinates":[-67.0078906,10.6113642]}},{"type":"Feature","properties":{"obj_type":"995-Unclassified","name":"Unknown","info":"997-Not Applicable","simplified":"Unclassified","damage_gra":"Possibly damaged","det_method":"Photo-interpretation","notation":"Building point","or_src_id":978,"dmg_src_id":3,"cd_value":"Not Applicable"},"geometry":{"type":"Point","coordinates":[-66.99239435,10.6117807]}},{"type":"Feature","properties":{"obj_type":"995-Unclassified","name":"Unknown","info":"997-Not Applicable","simplified":"Unclassified","damage_gra":"Possibly damaged","det_method":"Photo-interpretation","notation":"Building point","or_src_id":978,"dmg_src_id":3,"cd_value":"Not Applicable"},"geometry":{"type":"Point","coordinates":[-67.00734772,10.61190532]}},{"type":"Feature","properties":{"obj_type":"995-Unclassified","name":"Unknown","info":"997-Not Applicable","simplified":"Unclassified","damage_gra":"Possibly damaged","det_method":"Photo-interpretation","notation":"Building point","or_src_id":978,"dmg_src_id":3,"cd_value":"Not Applicable"},"geometry":{"type":"Point","coordinates":[-67.00739798,10.61191862]}},{"type":"Feature","properties":{"obj_type":"995-Unclassified","name":"Unknown","info":"997-Not Applicable","simplified":"Unclassified","damage_gra":"Possibly damaged","det_method":"Photo-interpretation","notation":"Building point","or_src_id":978,"dmg_src_id":3,"cd_value":"Not Applicable"},"geometry":{"type":"Point","coordinates":[-66.98911197,10.61191867]}},{"type":"Feature","properties":{"obj_type":"995-Unclassified","name":"Unknown","info":"997-Not Applicable","simplified":"Unclassified","damage_gra":"Destroyed","det_method":"Photo-interpretation","notation":"Building point","or_src_id":978,"dmg_src_id":3,"cd_value":"Not Applicable"},"geometry":{"type":"Point","coordinates":[-67.00815005,10.6115272]}},{"type":"Feature","properties":{"obj_type":"995-Unclassified","name":"Unknown","info":"997-Not Applicable","simplified":"Unclassified","damage_gra":"Destroyed","det_method":"Photo-interpretation","notation":"Building point","or_src_id":978,"dmg_src_id":3,"cd_value":"Not Applicable"},"geometry":{"type":"Point","coordinates":[-67.00828257,10.61153002]}},{"type":"Feature","properties":{"obj_type":"995-Unclassified","name":"Unknown","info":"997-Not Applicable","simplified":"Unclassified","damage_gra":"Destroyed","det_method":"Photo-interpretation","notation":"Building point","or_src_id":978,"dmg_src_id":3,"cd_value":"Not Applicable"},"geometry":{"type":"Point","coordinates":[-67.00836825,10.61155495]}},{"type":"Feature","properties":{"obj_type":"995-Unclassified","name":"Unknown","info":"997-Not Applicable","simplified":"Unclassified","damage_gra":"Possibly damaged","det_method":"Photo-interpretation","notation":"Building point","or_src_id":978,"dmg_src_id":3,"cd_value":"Not Applicable"},"geometry":{"type":"Point","coordinates":[-67.00744035,10.61193925]}},{"type":"Feature","properties":{"obj_type":"995-Unclassified","name":"Unknown","info":"997-Not Applicable","simplified":"Unclassified","damage_gra":"Possibly damaged","det_method":"Photo-interpretation","notation":"Building point","or_src_id":978,"dmg_src_id":3,"cd_value":"Not Applicable"},"geometry":{"type":"Point","coordinates":[-66.99099683,10.61198783]}},{"type":"Feature","properties":{"obj_type":"995-Unclassified","name":"Unknown","info":"997-Not Applicable","simplified":"Unclassified","damage_gra":"Possibly damaged","det_method":"Photo-interpretation","notation":"Building point","or_src_id":978,"dmg_src_id":3,"cd_value":"Not Applicable"},"geometry":{"type":"Point","coordinates":[-66.99081526,10.61200467]}},{"type":"Feature","properties":{"obj_type":"995-Unclassified","name":"Unknown","info":"997-Not Applicable","simplified":"Unclassified","damage_gra":"Possibly damaged","det_method":"Photo-interpretation","notation":"Building point","or_src_id":978,"dmg_src_id":3,"cd_value":"Not Applicable"},"geometry":{"type":"Point","coordinates":[-66.86202225,10.6131694]}},{"type":"Feature","properties":{"obj_type":"995-Unclassified","name":"Unknown","info":"997-Not Applicable","simplified":"Unclassified","damage_gra":"Possibly damaged","det_method":"Photo-interpretation","notation":"Building point","or_src_id":978,"dmg_src_id":3,"cd_value":"Not Applicable"},"geometry":{"type":"Point","coordinates":[-66.86171765,10.6132304]}},{"type":"Feature","properties":{"obj_type":"995-Unclassified","name":"Unknown","info":"997-Not Applicable","simplified":"Unclassified","damage_gra":"Destroyed","det_method":"Photo-interpretation","notation":"Building point","or_src_id":978,"dmg_src_id":3,"cd_value":"Not Applicable"},"geometry":{"type":"Point","coordinates":[-66.86191225,10.61329365]}},{"type":"Feature","properties":{"obj_type":"995-Unclassified","name":"Unknown","info":"997-Not Applicable","simplified":"Unclassified","damage_gra":"Damaged","det_method":"Photo-interpretation","notation":"Building point","or_src_id":978,"dmg_src_id":3,"cd_value":"Not Applicable"},"geometry":{"type":"Point","coordinates":[-66.8331826,10.60931238]}},{"type":"Feature","properties":{"obj_type":"995-Unclassified","name":"Unknown","info":"997-Not Applicable","simplified":"Unclassified","damage_gra":"Destroyed","det_method":"Photo-interpretation","notation":"Building point","or_src_id":978,"dmg_src_id":3,"cd_value":"Not Applicable"},"geometry":{"type":"Point","coordinates":[-66.82541595,10.60982138]}},{"type":"Feature","properties":{"obj_type":"995-Unclassified","name":"Unknown","info":"997-Not Applicable","simplified":"Unclassified","damage_gra":"Destroyed","det_method":"Photo-interpretation","notation":"Building point","or_src_id":978,"dmg_src_id":3,"cd_value":"Not Applicable"},"geometry":{"type":"Point","coordinates":[-66.82549832,10.60993637]}},{"type":"Feature","properties":{"obj_type":"995-Unclassified","name":"Unknown","info":"997-Not Applicable","simplified":"Unclassified","damage_gra":"Possibly damaged","det_method":"Photo-interpretation","notation":"Building point","or_src_id":978,"dmg_src_id":3,"cd_value":"Not Applicable"},"geometry":{"type":"Point","coordinates":[-66.82549955,10.61007165]}},{"type":"Feature","properties":{"obj_type":"995-Unclassified","name":"Unknown","info":"997-Not Applicable","simplified":"Unclassified","damage_gra":"Destroyed","det_method":"Photo-interpretation","notation":"Building point","or_src_id":978,"dmg_src_id":3,"cd_value":"Not Applicable"},"geometry":{"type":"Point","coordinates":[-66.83667757,10.61007596]}},{"type":"Feature","properties":{"obj_type":"995-Unclassified","name":"Unknown","info":"997-Not Applicable","simplified":"Unclassified","damage_gra":"Destroyed","det_method":"Photo-interpretation","notation":"Building point","or_src_id":978,"dmg_src_id":3,"cd_value":"Not Applicable"},"geometry":{"type":"Point","coordinates":[-66.8367687,10.61007985]}},{"type":"Feature","properties":{"obj_type":"995-Unclassified","name":"Unknown","info":"997-Not Applicable","simplified":"Unclassified","damage_gra":"Destroyed","det_method":"Photo-interpretation","notation":"Building point","or_src_id":978,"dmg_src_id":3,"cd_value":"Not Applicable"},"geometry":{"type":"Point","coordinates":[-66.83664432,10.61016051]}},{"type":"Feature","properties":{"obj_type":"995-Unclassified","name":"Unknown","info":"997-Not Applicable","simplified":"Unclassified","damage_gra":"Destroyed","det_method":"Photo-interpretation","notation":"Building point","or_src_id":978,"dmg_src_id":3,"cd_value":"Not Applicable"},"geometry":{"type":"Point","coordinates":[-66.83583562,10.61044841]}},{"type":"Feature","properties":{"obj_type":"995-Unclassified","name":"Unknown","info":"997-Not Applicable","simplified":"Unclassified","damage_gra":"Damaged","det_method":"Photo-interpretation","notation":"Building point","or_src_id":978,"dmg_src_id":3,"cd_value":"Not Applicable"},"geometry":{"type":"Point","coordinates":[-66.83669794,10.61050327]}},{"type":"Feature","properties":{"obj_type":"995-Unclassified","name":"Unknown","info":"997-Not Applicable","simplified":"Unclassified","damage_gra":"Destroyed","det_method":"Photo-interpretation","notation":"Building point","or_src_id":978,"dmg_src_id":3,"cd_value":"Not Applicable"},"geometry":{"type":"Point","coordinates":[-66.8357698,10.61056015]}},{"type":"Feature","properties":{"obj_type":"995-Unclassified","name":"Unknown","info":"997-Not Applicable","simplified":"Unclassified","damage_gra":"Damaged","det_method":"Photo-interpretation","notation":"Building point","or_src_id":978,"dmg_src_id":3,"cd_value":"Not Applicable"},"geometry":{"type":"Point","coordinates":[-66.83648313,10.61056739]}},{"type":"Feature","properties":{"obj_type":"995-Unclassified","name":"Unknown","info":"997-Not Applicable","simplified":"Unclassified","damage_gra":"Destroyed","det_method":"Photo-interpretation","notation":"Building point","or_src_id":978,"dmg_src_id":3,"cd_value":"Not Applicable"},"geometry":{"type":"Point","coordinates":[-66.83724266,10.61058559]}},{"type":"Feature","properties":{"obj_type":"995-Unclassified","name":"Unknown","info":"997-Not Applicable","simplified":"Unclassified","damage_gra":"Damaged","det_method":"Photo-interpretation","notation":"Building point","or_src_id":978,"dmg_src_id":3,"cd_value":"Not Applicable"},"geometry":{"type":"Point","coordinates":[-66.83684865,10.61060875]}},{"type":"Feature","properties":{"obj_type":"995-Unclassified","name":"Unknown","info":"997-Not Applicable","simplified":"Unclassified","damage_gra":"Possibly damaged","det_method":"Photo-interpretation","notation":"Building point","or_src_id":978,"dmg_src_id":3,"cd_value":"Not Applicable"},"geometry":{"type":"Point","coordinates":[-66.84096581,10.61063697]}},{"type":"Feature","properties":{"obj_type":"995-Unclassified","name":"Unknown","info":"997-Not Applicable","simplified":"Unclassified","damage_gra":"Destroyed","det_method":"Photo-interpretation","notation":"Building point","or_src_id":978,"dmg_src_id":3,"cd_value":"Not Applicable"},"geometry":{"type":"Point","coordinates":[-66.82817913,10.61087521]}},{"type":"Feature","properties":{"obj_type":"12-Non-residential Buildings","name":"Unknown","info":"127-Other non-residential buildings","simplified":"Non residential","damage_gra":"Destroyed","det_method":"Photo-interpretation","notation":"Building point","or_src_id":2,"dmg_src_id":3,"cd_value":"Not Applicable"},"geometry":{"type":"Point","coordinates":[-66.82821351,10.61092482]}},{"type":"Feature","properties":{"obj_type":"12-Non-residential Buildings","name":"Unknown","info":"127-Other non-residential buildings","simplified":"Non residential","damage_gra":"Destroyed","det_method":"Photo-interpretation","notation":"Building point","or_src_id":2,"dmg_src_id":3,"cd_value":"Not Applicable"},"geometry":{"type":"Point","coordinates":[-66.82829015,10.6109525]}},{"type":"Feature","properties":{"obj_type":"995-Unclassified","name":"Unknown","info":"997-Not Applicable","simplified":"Unclassified","damage_gra":"Damaged","det_method":"Photo-interpretation","notation":"Building point","or_src_id":978,"dmg_src_id":3,"cd_value":"Not Applicable"},"geometry":{"type":"Point","coordinates":[-66.83702974,10.61109278]}},{"type":"Feature","properties":{"obj_type":"12-Non-residential Buildings","name":"Unknown","info":"127-Other non-residential buildings","simplified":"Non residential","damage_gra":"Destroyed","det_method":"Photo-interpretation","notation":"Building point","or_src_id":2,"dmg_src_id":3,"cd_value":"Not Applicable"},"geometry":{"type":"Point","coordinates":[-66.82260458,10.61137421]}},{"type":"Feature","properties":{"obj_type":"995-Unclassified","name":"Unknown","info":"997-Not Applicable","simplified":"Unclassified","damage_gra":"Destroyed","det_method":"Photo-interpretation","notation":"Building point","or_src_id":978,"dmg_src_id":3,"cd_value":"Not Applicable"},"geometry":{"type":"Point","coordinates":[-66.83847245,10.6114173]}},{"type":"Feature","properties":{"obj_type":"995-Unclassified","name":"Unknown","info":"997-Not Applicable","simplified":"Unclassified","damage_gra":"Destroyed","det_method":"Photo-interpretation","notation":"Building point","or_src_id":978,"dmg_src_id":3,"cd_value":"Not Applicable"},"geometry":{"type":"Point","coordinates":[-66.8411604,10.61074745]}},{"type":"Feature","properties":{"obj_type":"995-Unclassified","name":"Unknown","info":"997-Not Applicable","simplified":"Unclassified","damage_gra":"Destroyed","det_method":"Photo-interpretation","notation":"Building point","or_src_id":978,"dmg_src_id":3,"cd_value":"Not Applicable"},"geometry":{"type":"Point","coordinates":[-66.84228342,10.61077662]}},{"type":"Feature","properties":{"obj_type":"995-Unclassified","name":"Unknown","info":"997-Not Applicable","simplified":"Unclassified","damage_gra":"Destroyed","det_method":"Photo-interpretation","notation":"Building point","or_src_id":978,"dmg_src_id":3,"cd_value":"Not Applicable"},"geometry":{"type":"Point","coordinates":[-66.84255242,10.61114378]}},{"type":"Feature","properties":{"obj_type":"995-Unclassified","name":"Unknown","info":"997-Not Applicable","simplified":"Unclassified","damage_gra":"Destroyed","det_method":"Photo-interpretation","notation":"Building point","or_src_id":978,"dmg_src_id":3,"cd_value":"Not Applicable"},"geometry":{"type":"Point","coordinates":[-66.8424384,10.61118716]}},{"type":"Feature","properties":{"obj_type":"995-Unclassified","name":"Unknown","info":"997-Not Applicable","simplified":"Unclassified","damage_gra":"Destroyed","det_method":"Photo-interpretation","notation":"Building point","or_src_id":978,"dmg_src_id":3,"cd_value":"Not Applicable"},"geometry":{"type":"Point","coordinates":[-66.84273756,10.6112639]}},{"type":"Feature","properties":{"obj_type":"995-Unclassified","name":"Unknown","info":"997-Not Applicable","simplified":"Unclassified","damage_gra":"Destroyed","det_method":"Photo-interpretation","notation":"Building point","or_src_id":978,"dmg_src_id":3,"cd_value":"Not Applicable"},"geometry":{"type":"Point","coordinates":[-66.84330665,10.6114201]}},{"type":"Feature","properties":{"obj_type":"995-Unclassified","name":"Unknown","info":"997-Not Applicable","simplified":"Unclassified","damage_gra":"Destroyed","det_method":"Photo-interpretation","notation":"Building point","or_src_id":978,"dmg_src_id":3,"cd_value":"Not Applicable"},"geometry":{"type":"Point","coordinates":[-66.84704296,10.61188827]}},{"type":"Feature","properties":{"obj_type":"12-Non-residential Buildings","name":"Unknown","info":"127-Other non-residential buildings","simplified":"Non residential","damage_gra":"Destroyed","det_method":"Photo-interpretation","notation":"Building point","or_src_id":2,"dmg_src_id":3,"cd_value":"Not Applicable"},"geometry":{"type":"Point","coordinates":[-66.84706364,10.61199251]}},{"type":"Feature","properties":{"obj_type":"995-Unclassified","name":"Unknown","info":"997-Not Applicable","simplified":"Unclassified","damage_gra":"Destroyed","det_method":"Photo-interpretation","notation":"Building point","or_src_id":978,"dmg_src_id":3,"cd_value":"Not Applicable"},"geometry":{"type":"Point","coordinates":[-66.84685895,10.61200135]}},{"type":"Feature","properties":{"obj_type":"995-Unclassified","name":"Unknown","info":"997-Not Applicable","simplified":"Unclassified","damage_gra":"Destroyed","det_method":"Photo-interpretation","notation":"Building point","or_src_id":978,"dmg_src_id":3,"cd_value":"Not Applicable"},"geometry":{"type":"Point","coordinates":[-66.84698702,10.61214791]}},{"type":"Feature","properties":{"obj_type":"995-Unclassified","name":"Unknown","info":"997-Not Applicable","simplified":"Unclassified","damage_gra":"Destroyed","det_method":"Photo-interpretation","notation":"Building point","or_src_id":978,"dmg_src_id":3,"cd_value":"Not Applicable"},"geometry":{"type":"Point","coordinates":[-66.82708591,10.61143942]}},{"type":"Feature","properties":{"obj_type":"995-Unclassified","name":"Unknown","info":"997-Not Applicable","simplified":"Unclassified","damage_gra":"Possibly damaged","det_method":"Photo-interpretation","notation":"Building point","or_src_id":978,"dmg_src_id":3,"cd_value":"Not Applicable"},"geometry":{"type":"Point","coordinates":[-66.82257585,10.6114671]}},{"type":"Feature","properties":{"obj_type":"995-Unclassified","name":"Unknown","info":"997-Not Applicable","simplified":"Unclassified","damage_gra":"Destroyed","det_method":"Photo-interpretation","notation":"Building point","or_src_id":978,"dmg_src_id":3,"cd_value":"Not Applicable"},"geometry":{"type":"Point","coordinates":[-66.82275846,10.61147571]}},{"type":"Feature","properties":{"obj_type":"995-Unclassified","name":"Unknown","info":"997-Not Applicable","simplified":"Unclassified","damage_gra":"Possibly damaged","det_method":"Photo-interpretation","notation":"Building point","or_src_id":978,"dmg_src_id":3,"cd_value":"Not Applicable"},"geometry":{"type":"Point","coordinates":[-66.82267467,10.61149362]}},{"type":"Feature","properties":{"obj_type":"995-Unclassified","name":"Unknown","info":"997-Not Applicable","simplified":"Unclassified","damage_gra":"Destroyed","det_method":"Photo-interpretation","notation":"Building point","or_src_id":978,"dmg_src_id":3,"cd_value":"Not Applicable"},"geometry":{"type":"Point","coordinates":[-66.82119358,10.61153673]}},{"type":"Feature","properties":{"obj_type":"995-Unclassified","name":"Unknown","info":"997-Not Applicable","simplified":"Unclassified","damage_gra":"Destroyed","det_method":"Photo-interpretation","notation":"Building point","or_src_id":978,"dmg_src_id":3,"cd_value":"Not Applicable"},"geometry":{"type":"Point","coordinates":[-66.82700743,10.61159124]}},{"type":"Feature","properties":{"obj_type":"995-Unclassified","name":"Unknown","info":"997-Not Applicable","simplified":"Unclassified","damage_gra":"Destroyed","det_method":"Photo-interpretation","notation":"Building point","or_src_id":978,"dmg_src_id":3,"cd_value":"Not Applicable"},"geometry":{"type":"Point","coordinates":[-66.8319027,10.6115943]}},{"type":"Feature","properties":{"obj_type":"995-Unclassified","name":"Unknown","info":"997-Not Applicable","simplified":"Unclassified","damage_gra":"Damaged","det_method":"Photo-interpretation","notation":"Building point","or_src_id":978,"dmg_src_id":3,"cd_value":"Not Applicable"},"geometry":{"type":"Point","coordinates":[-66.82178585,10.61167485]}},{"type":"Feature","properties":{"obj_type":"995-Unclassified","name":"Unknown","info":"997-Not Applicable","simplified":"Unclassified","damage_gra":"Damaged","det_method":"Photo-interpretation","notation":"Building point","or_src_id":978,"dmg_src_id":3,"cd_value":"Not Applicable"},"geometry":{"type":"Point","coordinates":[-66.82988754,10.6117224]}},{"type":"Feature","properties":{"obj_type":"995-Unclassified","name":"Unknown","info":"997-Not Applicable","simplified":"Unclassified","damage_gra":"Destroyed","det_method":"Photo-interpretation","notation":"Building point","or_src_id":978,"dmg_src_id":3,"cd_value":"Not Applicable"},"geometry":{"type":"Point","coordinates":[-66.83173982,10.61172893]}},{"type":"Feature","properties":{"obj_type":"995-Unclassified","name":"Unknown","info":"997-Not Applicable","simplified":"Unclassified","damage_gra":"Destroyed","det_method":"Photo-interpretation","notation":"Building point","or_src_id":978,"dmg_src_id":3,"cd_value":"Not Applicable"},"geometry":{"type":"Point","coordinates":[-66.82307901,10.61180466]}},{"type":"Feature","properties":{"obj_type":"995-Unclassified","name":"Unknown","info":"997-Not Applicable","simplified":"Unclassified","damage_gra":"Damaged","det_method":"Photo-interpretation","notation":"Building point","or_src_id":978,"dmg_src_id":3,"cd_value":"Not Applicable"},"geometry":{"type":"Point","coordinates":[-66.82754601,10.61180721]}},{"type":"Feature","properties":{"obj_type":"995-Unclassified","name":"Unknown","info":"997-Not Applicable","simplified":"Unclassified","damage_gra":"Destroyed","det_method":"Photo-interpretation","notation":"Building point","or_src_id":978,"dmg_src_id":3,"cd_value":"Not Applicable"},"geometry":{"type":"Point","coordinates":[-66.82600546,10.6118565]}},{"type":"Feature","properties":{"obj_type":"995-Unclassified","name":"Unknown","info":"997-Not Applicable","simplified":"Unclassified","damage_gra":"Destroyed","det_method":"Photo-interpretation","notation":"Building point","or_src_id":978,"dmg_src_id":3,"cd_value":"Not Applicable"},"geometry":{"type":"Point","coordinates":[-66.82473218,10.61194282]}},{"type":"Feature","properties":{"obj_type":"995-Unclassified","name":"Unknown","info":"997-Not Applicable","simplified":"Unclassified","damage_gra":"Possibly damaged","det_method":"Photo-interpretation","notation":"Building point","or_src_id":978,"dmg_src_id":3,"cd_value":"Not Applicable"},"geometry":{"type":"Point","coordinates":[-66.8270661,10.61199432]}},{"type":"Feature","properties":{"obj_type":"995-Unclassified","name":"Unknown","info":"997-Not Applicable","simplified":"Unclassified","damage_gra":"Destroyed","det_method":"Photo-interpretation","notation":"Building point","or_src_id":978,"dmg_src_id":3,"cd_value":"Not Applicable"},"geometry":{"type":"Point","coordinates":[-66.82464163,10.61201851]}},{"type":"Feature","properties":{"obj_type":"995-Unclassified","name":"Unknown","info":"997-Not Applicable","simplified":"Unclassified","damage_gra":"Destroyed","det_method":"Photo-interpretation","notation":"Building point","or_src_id":978,"dmg_src_id":3,"cd_value":"Not Applicable"},"geometry":{"type":"Point","coordinates":[-66.82459306,10.61204663]}},{"type":"Feature","properties":{"obj_type":"995-Unclassified","name":"Unknown","info":"997-Not Applicable","simplified":"Unclassified","damage_gra":"Destroyed","det_method":"Photo-interpretation","notation":"Building point","or_src_id":978,"dmg_src_id":3,"cd_value":"Not Applicable"},"geometry":{"type":"Point","coordinates":[-66.82461735,10.61214132]}},{"type":"Feature","properties":{"obj_type":"995-Unclassified","name":"Unknown","info":"997-Not Applicable","simplified":"Unclassified","damage_gra":"Damaged","det_method":"Photo-interpretation","notation":"Building point","or_src_id":978,"dmg_src_id":3,"cd_value":"Not Applicable"},"geometry":{"type":"Point","coordinates":[-66.83006362,10.61214896]}},{"type":"Feature","properties":{"obj_type":"995-Unclassified","name":"Unknown","info":"997-Not Applicable","simplified":"Unclassified","damage_gra":"Destroyed","det_method":"Photo-interpretation","notation":"Building point","or_src_id":978,"dmg_src_id":3,"cd_value":"Not Applicable"},"geometry":{"type":"Point","coordinates":[-66.83403192,10.61216676]}},{"type":"Feature","properties":{"obj_type":"995-Unclassified","name":"Unknown","info":"997-Not Applicable","simplified":"Unclassified","damage_gra":"Destroyed","det_method":"Photo-interpretation","notation":"Building point","or_src_id":978,"dmg_src_id":3,"cd_value":"Not Applicable"},"geometry":{"type":"Point","coordinates":[-66.82721863,10.61222813]}},{"type":"Feature","properties":{"obj_type":"995-Unclassified","name":"Unknown","info":"997-Not Applicable","simplified":"Unclassified","damage_gra":"Destroyed","det_method":"Photo-interpretation","notation":"Building point","or_src_id":978,"dmg_src_id":3,"cd_value":"Not Applicable"},"geometry":{"type":"Point","coordinates":[-66.8301264,10.6122319]}},{"type":"Feature","properties":{"obj_type":"995-Unclassified","name":"Unknown","info":"997-Not Applicable","simplified":"Unclassified","damage_gra":"Destroyed","det_method":"Photo-interpretation","notation":"Building point","or_src_id":978,"dmg_src_id":3,"cd_value":"Not Applicable"},"geometry":{"type":"Point","coordinates":[-66.83399747,10.61227676]}},{"type":"Feature","properties":{"obj_type":"995-Unclassified","name":"Unknown","info":"997-Not Applicable","simplified":"Unclassified","damage_gra":"Destroyed","det_method":"Photo-interpretation","notation":"Building point","or_src_id":978,"dmg_src_id":3,"cd_value":"Not Applicable"},"geometry":{"type":"Point","coordinates":[-66.8276874,10.61227925]}},{"type":"Feature","properties":{"obj_type":"995-Unclassified","name":"Unknown","info":"997-Not Applicable","simplified":"Unclassified","damage_gra":"Destroyed","det_method":"Photo-interpretation","notation":"Building point","or_src_id":978,"dmg_src_id":3,"cd_value":"Not Applicable"},"geometry":{"type":"Point","coordinates":[-66.82972381,10.61229241]}},{"type":"Feature","properties":{"obj_type":"995-Unclassified","name":"Unknown","info":"997-Not Applicable","simplified":"Unclassified","damage_gra":"Destroyed","det_method":"Photo-interpretation","notation":"Building point","or_src_id":978,"dmg_src_id":3,"cd_value":"Not Applicable"},"geometry":{"type":"Point","coordinates":[-66.84035058,10.61230166]}},{"type":"Feature","properties":{"obj_type":"995-Unclassified","name":"Unknown","info":"997-Not Applicable","simplified":"Unclassified","damage_gra":"Damaged","det_method":"Photo-interpretation","notation":"Building point","or_src_id":978,"dmg_src_id":3,"cd_value":"Not Applicable"},"geometry":{"type":"Point","coordinates":[-66.83427861,10.61232773]}},{"type":"Feature","properties":{"obj_type":"995-Unclassified","name":"Unknown","info":"997-Not Applicable","simplified":"Unclassified","damage_gra":"Destroyed","det_method":"Photo-interpretation","notation":"Building point","or_src_id":978,"dmg_src_id":3,"cd_value":"Not Applicable"},"geometry":{"type":"Point","coordinates":[-66.83700708,10.6123355]}},{"type":"Feature","properties":{"obj_type":"995-Unclassified","name":"Unknown","info":"997-Not Applicable","simplified":"Unclassified","damage_gra":"Destroyed","det_method":"Photo-interpretation","notation":"Building point","or_src_id":978,"dmg_src_id":3,"cd_value":"Not Applicable"},"geometry":{"type":"Point","coordinates":[-66.83011195,10.61236366]}},{"type":"Feature","properties":{"obj_type":"995-Unclassified","name":"Unknown","info":"997-Not Applicable","simplified":"Unclassified","damage_gra":"Damaged","det_method":"Photo-interpretation","notation":"Building point","or_src_id":978,"dmg_src_id":3,"cd_value":"Not Applicable"},"geometry":{"type":"Point","coordinates":[-66.83022972,10.61242403]}},{"type":"Feature","properties":{"obj_type":"995-Unclassified","name":"Unknown","info":"997-Not Applicable","simplified":"Unclassified","damage_gra":"Destroyed","det_method":"Photo-interpretation","notation":"Building point","or_src_id":978,"dmg_src_id":3,"cd_value":"Not Applicable"},"geometry":{"type":"Point","coordinates":[-66.84707963,10.61215285]}},{"type":"Feature","properties":{"obj_type":"995-Unclassified","name":"Unknown","info":"997-Not Applicable","simplified":"Unclassified","damage_gra":"Destroyed","det_method":"Photo-interpretation","notation":"Building point","or_src_id":978,"dmg_src_id":3,"cd_value":"Not Applicable"},"geometry":{"type":"Point","coordinates":[-66.84139451,10.61215424]}},{"type":"Feature","properties":{"obj_type":"995-Unclassified","name":"Unknown","info":"997-Not Applicable","simplified":"Unclassified","damage_gra":"Destroyed","det_method":"Photo-interpretation","notation":"Building point","or_src_id":978,"dmg_src_id":3,"cd_value":"Not Applicable"},"geometry":{"type":"Point","coordinates":[-66.84137299,10.6123032]}},{"type":"Feature","properties":{"obj_type":"12-Non-residential Buildings","name":"Unknown","info":"127-Other non-residential buildings","simplified":"Non residential","damage_gra":"Destroyed","det_method":"Photo-interpretation","notation":"Building point","or_src_id":2,"dmg_src_id":3,"cd_value":"Not Applicable"},"geometry":{"type":"Point","coordinates":[-66.84341405,10.6123233]}},{"type":"Feature","properties":{"obj_type":"995-Unclassified","name":"Unknown","info":"997-Not Applicable","simplified":"Unclassified","damage_gra":"Destroyed","det_method":"Photo-interpretation","notation":"Building point","or_src_id":978,"dmg_src_id":3,"cd_value":"Not Applicable"},"geometry":{"type":"Point","coordinates":[-66.84844287,10.61237277]}},{"type":"Feature","properties":{"obj_type":"12-Non-residential Buildings","name":"Unknown","info":"127-Other non-residential buildings","simplified":"Non residential","damage_gra":"Damaged","det_method":"Photo-interpretation","notation":"Building point","or_src_id":2,"dmg_src_id":3,"cd_value":"Not Applicable"},"geometry":{"type":"Point","coordinates":[-66.84435535,10.61250099]}},{"type":"Feature","properties":{"obj_type":"12-Non-residential Buildings","name":"Unknown","info":"127-Other non-residential buildings","simplified":"Non residential","damage_gra":"Destroyed","det_method":"Photo-interpretation","notation":"Building point","or_src_id":2,"dmg_src_id":3,"cd_value":"Not Applicable"},"geometry":{"type":"Point","coordinates":[-66.84394762,10.61250404]}},{"type":"Feature","properties":{"obj_type":"995-Unclassified","name":"Unknown","info":"997-Not Applicable","simplified":"Unclassified","damage_gra":"Destroyed","det_method":"Photo-interpretation","notation":"Building point","or_src_id":978,"dmg_src_id":3,"cd_value":"Not Applicable"},"geometry":{"type":"Point","coordinates":[-66.84413994,10.61253107]}},{"type":"Feature","properties":{"obj_type":"995-Unclassified","name":"Unknown","info":"997-Not Applicable","simplified":"Unclassified","damage_gra":"Possibly damaged","det_method":"Photo-interpretation","notation":"Building point","or_src_id":978,"dmg_src_id":3,"cd_value":"Not Applicable"},"geometry":{"type":"Point","coordinates":[-66.84169408,10.61259291]}},{"type":"Feature","properties":{"obj_type":"995-Unclassified","name":"Unknown","info":"997-Not Applicable","simplified":"Unclassified","damage_gra":"Destroyed","det_method":"Photo-interpretation","notation":"Building point","or_src_id":978,"dmg_src_id":3,"cd_value":"Not Applicable"},"geometry":{"type":"Point","coordinates":[-66.84098293,10.61261696]}},{"type":"Feature","properties":{"obj_type":"995-Unclassified","name":"Unknown","info":"997-Not Applicable","simplified":"Unclassified","damage_gra":"Destroyed","det_method":"Photo-interpretation","notation":"Building point","or_src_id":978,"dmg_src_id":3,"cd_value":"Not Applicable"},"geometry":{"type":"Point","coordinates":[-66.84075425,10.6125035]}},{"type":"Feature","properties":{"obj_type":"995-Unclassified","name":"Unknown","info":"997-Not Applicable","simplified":"Unclassified","damage_gra":"Possibly damaged","det_method":"Photo-interpretation","notation":"Building point","or_src_id":978,"dmg_src_id":3,"cd_value":"Not Applicable"},"geometry":{"type":"Point","coordinates":[-66.82737391,10.61268523]}},{"type":"Feature","properties":{"obj_type":"995-Unclassified","name":"Unknown","info":"997-Not Applicable","simplified":"Unclassified","damage_gra":"Destroyed","det_method":"Photo-interpretation","notation":"Building point","or_src_id":978,"dmg_src_id":3,"cd_value":"Not Applicable"},"geometry":{"type":"Point","coordinates":[-66.83830157,10.61273964]}},{"type":"Feature","properties":{"obj_type":"995-Unclassified","name":"Unknown","info":"997-Not Applicable","simplified":"Unclassified","damage_gra":"Possibly damaged","det_method":"Photo-interpretation","notation":"Building point","or_src_id":978,"dmg_src_id":3,"cd_value":"Not Applicable"},"geometry":{"type":"Point","coordinates":[-66.82685601,10.61279177]}},{"type":"Feature","properties":{"obj_type":"995-Unclassified","name":"Unknown","info":"997-Not Applicable","simplified":"Unclassified","damage_gra":"Destroyed","det_method":"Photo-interpretation","notation":"Building point","or_src_id":978,"dmg_src_id":3,"cd_value":"Not Applicable"},"geometry":{"type":"Point","coordinates":[-66.82762532,10.61284467]}},{"type":"Feature","properties":{"obj_type":"995-Unclassified","name":"Unknown","info":"997-Not Applicable","simplified":"Unclassified","damage_gra":"Possibly damaged","det_method":"Photo-interpretation","notation":"Building point","or_src_id":978,"dmg_src_id":3,"cd_value":"Not Applicable"},"geometry":{"type":"Point","coordinates":[-66.82712691,10.61284542]}},{"type":"Feature","properties":{"obj_type":"995-Unclassified","name":"Unknown","info":"997-Not Applicable","simplified":"Unclassified","damage_gra":"Destroyed","det_method":"Photo-interpretation","notation":"Building point","or_src_id":978,"dmg_src_id":3,"cd_value":"Not Applicable"},"geometry":{"type":"Point","coordinates":[-66.83809001,10.61284915]}},{"type":"Feature","properties":{"obj_type":"995-Unclassified","name":"Unknown","info":"997-Not Applicable","simplified":"Unclassified","damage_gra":"Destroyed","det_method":"Photo-interpretation","notation":"Building point","or_src_id":978,"dmg_src_id":3,"cd_value":"Not Applicable"},"geometry":{"type":"Point","coordinates":[-66.82775428,10.61292201]}},{"type":"Feature","properties":{"obj_type":"995-Unclassified","name":"Unknown","info":"997-Not Applicable","simplified":"Unclassified","damage_gra":"Destroyed","det_method":"Photo-interpretation","notation":"Building point","or_src_id":978,"dmg_src_id":3,"cd_value":"Not Applicable"},"geometry":{"type":"Point","coordinates":[-66.83233645,10.612959]}},{"type":"Feature","properties":{"obj_type":"995-Unclassified","name":"Unknown","info":"997-Not Applicable","simplified":"Unclassified","damage_gra":"Destroyed","det_method":"Photo-interpretation","notation":"Building point","or_src_id":978,"dmg_src_id":3,"cd_value":"Not Applicable"},"geometry":{"type":"Point","coordinates":[-66.83208703,10.61301964]}},{"type":"Feature","properties":{"obj_type":"995-Unclassified","name":"Unknown","info":"997-Not Applicable","simplified":"Unclassified","damage_gra":"Destroyed","det_method":"Photo-interpretation","notation":"Building point","or_src_id":978,"dmg_src_id":3,"cd_value":"Not Applicable"},"geometry":{"type":"Point","coordinates":[-66.823862,10.61302545]}},{"type":"Feature","properties":{"obj_type":"995-Unclassified","name":"Unknown","info":"997-Not Applicable","simplified":"Unclassified","damage_gra":"Destroyed","det_method":"Photo-interpretation","notation":"Building point","or_src_id":978,"dmg_src_id":3,"cd_value":"Not Applicable"},"geometry":{"type":"Point","coordinates":[-66.83823765,10.6130287]}},{"type":"Feature","properties":{"obj_type":"12-Non-residential Buildings","name":"Unknown","info":"127-Other non-residential buildings","simplified":"Non residential","damage_gra":"Destroyed","det_method":"Photo-interpretation","notation":"Building point","or_src_id":2,"dmg_src_id":3,"cd_value":"Not Applicable"},"geometry":{"type":"Point","coordinates":[-66.83222841,10.61306964]}},{"type":"Feature","properties":{"obj_type":"995-Unclassified","name":"Unknown","info":"997-Not Applicable","simplified":"Unclassified","damage_gra":"Possibly damaged","det_method":"Photo-interpretation","notation":"Building point","or_src_id":978,"dmg_src_id":3,"cd_value":"Not Applicable"},"geometry":{"type":"Point","coordinates":[-66.82431116,10.61309849]}},{"type":"Feature","properties":{"obj_type":"995-Unclassified","name":"Unknown","info":"997-Not Applicable","simplified":"Unclassified","damage_gra":"Destroyed","det_method":"Photo-interpretation","notation":"Building point","or_src_id":978,"dmg_src_id":3,"cd_value":"Not Applicable"},"geometry":{"type":"Point","coordinates":[-66.83768867,10.61311891]}},{"type":"Feature","properties":{"obj_type":"995-Unclassified","name":"Unknown","info":"997-Not Applicable","simplified":"Unclassified","damage_gra":"Destroyed","det_method":"Photo-interpretation","notation":"Building point","or_src_id":978,"dmg_src_id":3,"cd_value":"Not Applicable"},"geometry":{"type":"Point","coordinates":[-66.8323322,10.61313251]}},{"type":"Feature","properties":{"obj_type":"995-Unclassified","name":"Unknown","info":"997-Not Applicable","simplified":"Unclassified","damage_gra":"Destroyed","det_method":"Photo-interpretation","notation":"Building point","or_src_id":978,"dmg_src_id":3,"cd_value":"Not Applicable"},"geometry":{"type":"Point","coordinates":[-66.82442865,10.61321608]}},{"type":"Feature","properties":{"obj_type":"995-Unclassified","name":"Unknown","info":"997-Not Applicable","simplified":"Unclassified","damage_gra":"Destroyed","det_method":"Photo-interpretation","notation":"Building point","or_src_id":978,"dmg_src_id":3,"cd_value":"Not Applicable"},"geometry":{"type":"Point","coordinates":[-66.83620363,10.61325005]}},{"type":"Feature","properties":{"obj_type":"12-Non-residential Buildings","name":"Unknown","info":"127-Other non-residential buildings","simplified":"Non residential","damage_gra":"Destroyed","det_method":"Photo-interpretation","notation":"Building point","or_src_id":2,"dmg_src_id":3,"cd_value":"Not Applicable"},"geometry":{"type":"Point","coordinates":[-66.82425694,10.61326908]}},{"type":"Feature","properties":{"obj_type":"995-Unclassified","name":"Unknown","info":"997-Not Applicable","simplified":"Unclassified","damage_gra":"Possibly damaged","det_method":"Photo-interpretation","notation":"Building point","or_src_id":978,"dmg_src_id":3,"cd_value":"Not Applicable"},"geometry":{"type":"Point","coordinates":[-66.83646826,10.61331646]}},{"type":"Feature","properties":{"obj_type":"995-Unclassified","name":"Unknown","info":"997-Not Applicable","simplified":"Unclassified","damage_gra":"Possibly damaged","det_method":"Photo-interpretation","notation":"Building point","or_src_id":978,"dmg_src_id":3,"cd_value":"Not Applicable"},"geometry":{"type":"Point","coordinates":[-66.8494376,10.61174335]}},{"type":"Feature","properties":{"obj_type":"12-Non-residential Buildings","name":"Unknown","info":"127-Other non-residential buildings","simplified":"Non residential","damage_gra":"Destroyed","det_method":"Photo-interpretation","notation":"Building point","or_src_id":2,"dmg_src_id":3,"cd_value":"Not Applicable"},"geometry":{"type":"Point","coordinates":[-66.85353899,10.6127808]}},{"type":"Feature","properties":{"obj_type":"12-Non-residential Buildings","name":"Unknown","info":"127-Other non-residential buildings","simplified":"Non residential","damage_gra":"Destroyed","det_method":"Photo-interpretation","notation":"Building point","or_src_id":2,"dmg_src_id":3,"cd_value":"Not Applicable"},"geometry":{"type":"Point","coordinates":[-66.8534477,10.6127949]}},{"type":"Feature","properties":{"obj_type":"12-Non-residential Buildings","name":"Unknown","info":"127-Other non-residential buildings","simplified":"Non residential","damage_gra":"Destroyed","det_method":"Photo-interpretation","notation":"Building point","or_src_id":2,"dmg_src_id":3,"cd_value":"Not Applicable"},"geometry":{"type":"Point","coordinates":[-66.85346951,10.6128687]}},{"type":"Feature","properties":{"obj_type":"995-Unclassified","name":"Unknown","info":"997-Not Applicable","simplified":"Unclassified","damage_gra":"Damaged","det_method":"Photo-interpretation","notation":"Building point","or_src_id":978,"dmg_src_id":3,"cd_value":"Not Applicable"},"geometry":{"type":"Point","coordinates":[-66.85361582,10.61300214]}},{"type":"Feature","properties":{"obj_type":"995-Unclassified","name":"Unknown","info":"997-Not Applicable","simplified":"Unclassified","damage_gra":"Destroyed","det_method":"Photo-interpretation","notation":"Building point","or_src_id":978,"dmg_src_id":3,"cd_value":"Not Applicable"},"geometry":{"type":"Point","coordinates":[-66.86089362,10.61370669]}},{"type":"Feature","properties":{"obj_type":"995-Unclassified","name":"Unknown","info":"997-Not Applicable","simplified":"Unclassified","damage_gra":"Possibly damaged","det_method":"Photo-interpretation","notation":"Building point","or_src_id":978,"dmg_src_id":3,"cd_value":"Not Applicable"},"geometry":{"type":"Point","coordinates":[-66.86114545,10.6139224]}},{"type":"Feature","properties":{"obj_type":"995-Unclassified","name":"Unknown","info":"997-Not Applicable","simplified":"Unclassified","damage_gra":"Destroyed","det_method":"Photo-interpretation","notation":"Building point","or_src_id":978,"dmg_src_id":3,"cd_value":"Not Applicable"},"geometry":{"type":"Point","coordinates":[-66.86087368,10.61407788]}},{"type":"Feature","properties":{"obj_type":"995-Unclassified","name":"Unknown","info":"997-Not Applicable","simplified":"Unclassified","damage_gra":"Destroyed","det_method":"Photo-interpretation","notation":"Building point","or_src_id":978,"dmg_src_id":3,"cd_value":"Not Applicable"},"geometry":{"type":"Point","coordinates":[-66.86059795,10.6144148]}},{"type":"Feature","properties":{"obj_type":"995-Unclassified","name":"Unknown","info":"997-Not Applicable","simplified":"Unclassified","damage_gra":"Damaged","det_method":"Photo-interpretation","notation":"Building point","or_src_id":978,"dmg_src_id":3,"cd_value":"Not Applicable"},"geometry":{"type":"Point","coordinates":[-66.85977251,10.61481892]}},{"type":"Feature","properties":{"obj_type":"995-Unclassified","name":"Unknown","info":"997-Not Applicable","simplified":"Unclassified","damage_gra":"Destroyed","det_method":"Photo-interpretation","notation":"Building point","or_src_id":978,"dmg_src_id":3,"cd_value":"Not Applicable"},"geometry":{"type":"Point","coordinates":[-66.84398647,10.61263792]}},{"type":"Feature","properties":{"obj_type":"12-Non-residential Buildings","name":"Unknown","info":"127-Other non-residential buildings","simplified":"Non residential","damage_gra":"Destroyed","det_method":"Photo-interpretation","notation":"Building point","or_src_id":2,"dmg_src_id":3,"cd_value":"Not Applicable"},"geometry":{"type":"Point","coordinates":[-66.84484905,10.61267228]}},{"type":"Feature","properties":{"obj_type":"995-Unclassified","name":"Unknown","info":"997-Not Applicable","simplified":"Unclassified","damage_gra":"Destroyed","det_method":"Photo-interpretation","notation":"Building point","or_src_id":978,"dmg_src_id":3,"cd_value":"Not Applicable"},"geometry":{"type":"Point","coordinates":[-66.84143802,10.61280165]}},{"type":"Feature","properties":{"obj_type":"995-Unclassified","name":"Unknown","info":"997-Not Applicable","simplified":"Unclassified","damage_gra":"Destroyed","det_method":"Photo-interpretation","notation":"Building point","or_src_id":978,"dmg_src_id":3,"cd_value":"Not Applicable"},"geometry":{"type":"Point","coordinates":[-66.84152298,10.61294196]}},{"type":"Feature","properties":{"obj_type":"995-Unclassified","name":"Unknown","info":"997-Not Applicable","simplified":"Unclassified","damage_gra":"Destroyed","det_method":"Photo-interpretation","notation":"Building point","or_src_id":978,"dmg_src_id":3,"cd_value":"Not Applicable"},"geometry":{"type":"Point","coordinates":[-66.84576728,10.61348776]}},{"type":"Feature","properties":{"obj_type":"995-Unclassified","name":"Unknown","info":"997-Not Applicable","simplified":"Unclassified","damage_gra":"Possibly damaged","det_method":"Photo-interpretation","notation":"Building point","or_src_id":978,"dmg_src_id":3,"cd_value":"Not Applicable"},"geometry":{"type":"Point","coordinates":[-66.84665343,10.61415892]}},{"type":"Feature","properties":{"obj_type":"995-Unclassified","name":"Unknown","info":"997-Not Applicable","simplified":"Unclassified","damage_gra":"Possibly damaged","det_method":"Photo-interpretation","notation":"Building point","or_src_id":978,"dmg_src_id":3,"cd_value":"Not Applicable"},"geometry":{"type":"Point","coordinates":[-66.84613835,10.61442805]}},{"type":"Feature","properties":{"obj_type":"12-Non-residential Buildings","name":"Unknown","info":"127-Other non-residential buildings","simplified":"Non residential","damage_gra":"Destroyed","det_method":"Photo-interpretation","notation":"Building point","or_src_id":2,"dmg_src_id":3,"cd_value":"Not Applicable"},"geometry":{"type":"Point","coordinates":[-66.8461005,10.61465397]}},{"type":"Feature","properties":{"obj_type":"995-Unclassified","name":"Unknown","info":"997-Not Applicable","simplified":"Unclassified","damage_gra":"Destroyed","det_method":"Photo-interpretation","notation":"Building point","or_src_id":978,"dmg_src_id":3,"cd_value":"Not Applicable"},"geometry":{"type":"Point","coordinates":[-66.8416975,10.61469575]}},{"type":"Feature","properties":{"obj_type":"995-Unclassified","name":"Unknown","info":"997-Not Applicable","simplified":"Unclassified","damage_gra":"Destroyed","det_method":"Photo-interpretation","notation":"Building point","or_src_id":978,"dmg_src_id":3,"cd_value":"Not Applicable"},"geometry":{"type":"Point","coordinates":[-66.84733783,10.61470107]}},{"type":"Feature","properties":{"obj_type":"995-Unclassified","name":"Unknown","info":"997-Not Applicable","simplified":"Unclassified","damage_gra":"Destroyed","det_method":"Photo-interpretation","notation":"Building point","or_src_id":978,"dmg_src_id":3,"cd_value":"Not Applicable"},"geometry":{"type":"Point","coordinates":[-66.82430076,10.61334451]}},{"type":"Feature","properties":{"obj_type":"995-Unclassified","name":"Unknown","info":"997-Not Applicable","simplified":"Unclassified","damage_gra":"Damaged","det_method":"Photo-interpretation","notation":"Building point","or_src_id":978,"dmg_src_id":3,"cd_value":"Not Applicable"},"geometry":{"type":"Point","coordinates":[-66.83394287,10.61358409]}},{"type":"Feature","properties":{"obj_type":"995-Unclassified","name":"Unknown","info":"997-Not Applicable","simplified":"Unclassified","damage_gra":"Destroyed","det_method":"Photo-interpretation","notation":"Building point","or_src_id":978,"dmg_src_id":3,"cd_value":"Not Applicable"},"geometry":{"type":"Point","coordinates":[-66.83739036,10.61383085]}},{"type":"Feature","properties":{"obj_type":"995-Unclassified","name":"Unknown","info":"997-Not Applicable","simplified":"Unclassified","damage_gra":"Destroyed","det_method":"Photo-interpretation","notation":"Building point","or_src_id":978,"dmg_src_id":3,"cd_value":"Not Applicable"},"geometry":{"type":"Point","coordinates":[-66.83768869,10.61391685]}},{"type":"Feature","properties":{"obj_type":"995-Unclassified","name":"Unknown","info":"997-Not Applicable","simplified":"Unclassified","damage_gra":"Destroyed","det_method":"Photo-interpretation","notation":"Building point","or_src_id":978,"dmg_src_id":3,"cd_value":"Not Applicable"},"geometry":{"type":"Point","coordinates":[-66.84047668,10.6139361]}},{"type":"Feature","properties":{"obj_type":"995-Unclassified","name":"Unknown","info":"997-Not Applicable","simplified":"Unclassified","damage_gra":"Destroyed","det_method":"Photo-interpretation","notation":"Building point","or_src_id":978,"dmg_src_id":3,"cd_value":"Not Applicable"},"geometry":{"type":"Point","coordinates":[-66.83783408,10.61399634]}},{"type":"Feature","properties":{"obj_type":"995-Unclassified","name":"Unknown","info":"997-Not Applicable","simplified":"Unclassified","damage_gra":"Possibly damaged","det_method":"Photo-interpretation","notation":"Building point","or_src_id":978,"dmg_src_id":3,"cd_value":"Not Applicable"},"geometry":{"type":"Point","coordinates":[-66.83809042,10.6140108]}},{"type":"Feature","properties":{"obj_type":"995-Unclassified","name":"Unknown","info":"997-Not Applicable","simplified":"Unclassified","damage_gra":"Possibly damaged","det_method":"Photo-interpretation","notation":"Building point","or_src_id":978,"dmg_src_id":3,"cd_value":"Not Applicable"},"geometry":{"type":"Point","coordinates":[-66.83902399,10.61410523]}},{"type":"Feature","properties":{"obj_type":"995-Unclassified","name":"Unknown","info":"997-Not Applicable","simplified":"Unclassified","damage_gra":"Destroyed","det_method":"Photo-interpretation","notation":"Building point","or_src_id":978,"dmg_src_id":3,"cd_value":"Not Applicable"},"geometry":{"type":"Point","coordinates":[-66.84003938,10.61412069]}},{"type":"Feature","properties":{"obj_type":"995-Unclassified","name":"Unknown","info":"997-Not Applicable","simplified":"Unclassified","damage_gra":"Destroyed","det_method":"Photo-interpretation","notation":"Building point","or_src_id":978,"dmg_src_id":3,"cd_value":"Not Applicable"},"geometry":{"type":"Point","coordinates":[-66.83924585,10.6141359]}},{"type":"Feature","properties":{"obj_type":"995-Unclassified","name":"Unknown","info":"997-Not Applicable","simplified":"Unclassified","damage_gra":"Destroyed","det_method":"Photo-interpretation","notation":"Building point","or_src_id":978,"dmg_src_id":3,"cd_value":"Not Applicable"},"geometry":{"type":"Point","coordinates":[-66.83992816,10.61422771]}},{"type":"Feature","properties":{"obj_type":"995-Unclassified","name":"Unknown","info":"997-Not Applicable","simplified":"Unclassified","damage_gra":"Destroyed","det_method":"Photo-interpretation","notation":"Building point","or_src_id":978,"dmg_src_id":3,"cd_value":"Not Applicable"},"geometry":{"type":"Point","coordinates":[-66.8345009,10.61427883]}},{"type":"Feature","properties":{"obj_type":"995-Unclassified","name":"Unknown","info":"997-Not Applicable","simplified":"Unclassified","damage_gra":"Damaged","det_method":"Photo-interpretation","notation":"Building point","or_src_id":978,"dmg_src_id":3,"cd_value":"Not Applicable"},"geometry":{"type":"Point","coordinates":[-66.83619669,10.61429588]}},{"type":"Feature","properties":{"obj_type":"995-Unclassified","name":"Unknown","info":"997-Not Applicable","simplified":"Unclassified","damage_gra":"Damaged","det_method":"Photo-interpretation","notation":"Building point","or_src_id":978,"dmg_src_id":3,"cd_value":"Not Applicable"},"geometry":{"type":"Point","coordinates":[-66.8364145,10.6143024]}},{"type":"Feature","properties":{"obj_type":"995-Unclassified","name":"Unknown","info":"997-Not Applicable","simplified":"Unclassified","damage_gra":"Possibly damaged","det_method":"Photo-interpretation","notation":"Building point","or_src_id":978,"dmg_src_id":3,"cd_value":"Not Applicable"},"geometry":{"type":"Point","coordinates":[-66.83917768,10.61436262]}},{"type":"Feature","properties":{"obj_type":"12-Non-residential Buildings","name":"Unknown","info":"127-Other non-residential buildings","simplified":"Non residential","damage_gra":"Damaged","det_method":"Photo-interpretation","notation":"Building point","or_src_id":2,"dmg_src_id":3,"cd_value":"Not Applicable"},"geometry":{"type":"Point","coordinates":[-66.83855432,10.61445049]}},{"type":"Feature","properties":{"obj_type":"995-Unclassified","name":"Unknown","info":"997-Not Applicable","simplified":"Unclassified","damage_gra":"Possibly damaged","det_method":"Photo-interpretation","notation":"Building point","or_src_id":978,"dmg_src_id":3,"cd_value":"Not Applicable"},"geometry":{"type":"Point","coordinates":[-66.8391275,10.6144631]}},{"type":"Feature","properties":{"obj_type":"995-Unclassified","name":"Unknown","info":"997-Not Applicable","simplified":"Unclassified","damage_gra":"Destroyed","det_method":"Photo-interpretation","notation":"Building point","or_src_id":978,"dmg_src_id":3,"cd_value":"Not Applicable"},"geometry":{"type":"Point","coordinates":[-66.83972965,10.61450793]}},{"type":"Feature","properties":{"obj_type":"12-Non-residential Buildings","name":"Unknown","info":"127-Other non-residential buildings","simplified":"Non residential","damage_gra":"Destroyed","det_method":"Photo-interpretation","notation":"Building point","or_src_id":2,"dmg_src_id":3,"cd_value":"Not Applicable"},"geometry":{"type":"Point","coordinates":[-66.83601589,10.61470764]}},{"type":"Feature","properties":{"obj_type":"995-Unclassified","name":"Unknown","info":"997-Not Applicable","simplified":"Unclassified","damage_gra":"Destroyed","det_method":"Photo-interpretation","notation":"Building point","or_src_id":978,"dmg_src_id":3,"cd_value":"Not Applicable"},"geometry":{"type":"Point","coordinates":[-66.83891862,10.61470861]}},{"type":"Feature","properties":{"obj_type":"995-Unclassified","name":"Unknown","info":"997-Not Applicable","simplified":"Unclassified","damage_gra":"Damaged","det_method":"Photo-interpretation","notation":"Building point","or_src_id":978,"dmg_src_id":3,"cd_value":"Not Applicable"},"geometry":{"type":"Point","coordinates":[-66.83626735,10.61473264]}},{"type":"Feature","properties":{"obj_type":"12-Non-residential Buildings","name":"Unknown","info":"127-Other non-residential buildings","simplified":"Non residential","damage_gra":"Destroyed","det_method":"Photo-interpretation","notation":"Building point","or_src_id":2,"dmg_src_id":3,"cd_value":"Not Applicable"},"geometry":{"type":"Point","coordinates":[-66.84026297,10.61480173]}},{"type":"Feature","properties":{"obj_type":"995-Unclassified","name":"Unknown","info":"997-Not Applicable","simplified":"Unclassified","damage_gra":"Destroyed","det_method":"Photo-interpretation","notation":"Building point","or_src_id":978,"dmg_src_id":3,"cd_value":"Not Applicable"},"geometry":{"type":"Point","coordinates":[-66.84012244,10.61499801]}},{"type":"Feature","properties":{"obj_type":"12-Non-residential Buildings","name":"Unknown","info":"127-Other non-residential buildings","simplified":"Non residential","damage_gra":"Possibly damaged","det_method":"Photo-interpretation","notation":"Building point","or_src_id":2,"dmg_src_id":3,"cd_value":"Not Applicable"},"geometry":{"type":"Point","coordinates":[-66.8392626,10.61504006]}},{"type":"Feature","properties":{"obj_type":"12-Non-residential Buildings","name":"Unknown","info":"127-Other non-residential buildings","simplified":"Non residential","damage_gra":"Destroyed","det_method":"Photo-interpretation","notation":"Building point","or_src_id":2,"dmg_src_id":3,"cd_value":"Not Applicable"},"geometry":{"type":"Point","coordinates":[-66.84063169,10.61507854]}},{"type":"Feature","properties":{"obj_type":"995-Unclassified","name":"Unknown","info":"997-Not Applicable","simplified":"Unclassified","damage_gra":"Damaged","det_method":"Photo-interpretation","notation":"Building point","or_src_id":978,"dmg_src_id":3,"cd_value":"Not Applicable"},"geometry":{"type":"Point","coordinates":[-66.83821342,10.61510334]}},{"type":"Feature","properties":{"obj_type":"995-Unclassified","name":"Unknown","info":"997-Not Applicable","simplified":"Unclassified","damage_gra":"Destroyed","det_method":"Photo-interpretation","notation":"Building point","or_src_id":978,"dmg_src_id":3,"cd_value":"Not Applicable"},"geometry":{"type":"Point","coordinates":[-66.84049856,10.6152391]}},{"type":"Feature","properties":{"obj_type":"12-Non-residential Buildings","name":"Unknown","info":"127-Other non-residential buildings","simplified":"Non residential","damage_gra":"Destroyed","det_method":"Photo-interpretation","notation":"Building point","or_src_id":2,"dmg_src_id":3,"cd_value":"Not Applicable"},"geometry":{"type":"Point","coordinates":[-66.83996148,10.61524982]}},{"type":"Feature","properties":{"obj_type":"12-Non-residential Buildings","name":"Unknown","info":"127-Other non-residential buildings","simplified":"Non residential","damage_gra":"Destroyed","det_method":"Photo-interpretation","notation":"Building point","or_src_id":2,"dmg_src_id":3,"cd_value":"Not Applicable"},"geometry":{"type":"Point","coordinates":[-66.84731648,10.61490362]}},{"type":"Feature","properties":{"obj_type":"12-Non-residential Buildings","name":"Unknown","info":"127-Other non-residential buildings","simplified":"Non residential","damage_gra":"Destroyed","det_method":"Photo-interpretation","notation":"Building point","or_src_id":2,"dmg_src_id":3,"cd_value":"Not Applicable"},"geometry":{"type":"Point","coordinates":[-66.84609856,10.61493003]}},{"type":"Feature","properties":{"obj_type":"995-Unclassified","name":"Unknown","info":"997-Not Applicable","simplified":"Unclassified","damage_gra":"Destroyed","det_method":"Photo-interpretation","notation":"Building point","or_src_id":978,"dmg_src_id":3,"cd_value":"Not Applicable"},"geometry":{"type":"Point","coordinates":[-66.84651864,10.61496166]}},{"type":"Feature","properties":{"obj_type":"995-Unclassified","name":"Unknown","info":"997-Not Applicable","simplified":"Unclassified","damage_gra":"Possibly damaged","det_method":"Photo-interpretation","notation":"Building point","or_src_id":978,"dmg_src_id":3,"cd_value":"Not Applicable"},"geometry":{"type":"Point","coordinates":[-66.8437592,10.614998]}},{"type":"Feature","properties":{"obj_type":"12-Non-residential Buildings","name":"Unknown","info":"127-Other non-residential buildings","simplified":"Non residential","damage_gra":"Destroyed","det_method":"Photo-interpretation","notation":"Building point","or_src_id":2,"dmg_src_id":3,"cd_value":"Not Applicable"},"geometry":{"type":"Point","coordinates":[-66.84610072,10.61517909]}},{"type":"Feature","properties":{"obj_type":"995-Unclassified","name":"Unknown","info":"997-Not Applicable","simplified":"Unclassified","damage_gra":"Possibly damaged","det_method":"Photo-interpretation","notation":"Building point","or_src_id":978,"dmg_src_id":3,"cd_value":"Not Applicable"},"geometry":{"type":"Point","coordinates":[-66.8442717,10.61525552]}},{"type":"Feature","properties":{"obj_type":"12-Non-residential Buildings","name":"Unknown","info":"127-Other non-residential buildings","simplified":"Non residential","damage_gra":"Possibly damaged","det_method":"Photo-interpretation","notation":"Building point","or_src_id":2,"dmg_src_id":3,"cd_value":"Not Applicable"},"geometry":{"type":"Point","coordinates":[-66.84283649,10.61531158]}},{"type":"Feature","properties":{"obj_type":"995-Unclassified","name":"Unknown","info":"997-Not Applicable","simplified":"Unclassified","damage_gra":"Destroyed","det_method":"Photo-interpretation","notation":"Building point","or_src_id":978,"dmg_src_id":3,"cd_value":"Not Applicable"},"geometry":{"type":"Point","coordinates":[-66.8460756,10.61535008]}},{"type":"Feature","properties":{"obj_type":"995-Unclassified","name":"Unknown","info":"997-Not Applicable","simplified":"Unclassified","damage_gra":"Damaged","det_method":"Photo-interpretation","notation":"Building point","or_src_id":978,"dmg_src_id":3,"cd_value":"Not Applicable"},"geometry":{"type":"Point","coordinates":[-66.84274445,10.61538459]}},{"type":"Feature","properties":{"obj_type":"995-Unclassified","name":"Unknown","info":"997-Not Applicable","simplified":"Unclassified","damage_gra":"Destroyed","det_method":"Photo-interpretation","notation":"Building point","or_src_id":978,"dmg_src_id":3,"cd_value":"Not Applicable"},"geometry":{"type":"Point","coordinates":[-66.84611103,10.61568997]}},{"type":"Feature","properties":{"obj_type":"995-Unclassified","name":"Unknown","info":"997-Not Applicable","simplified":"Unclassified","damage_gra":"Damaged","det_method":"Photo-interpretation","notation":"Building point","or_src_id":978,"dmg_src_id":3,"cd_value":"Not Applicable"},"geometry":{"type":"Point","coordinates":[-66.85306511,10.61482262]}},{"type":"Feature","properties":{"obj_type":"995-Unclassified","name":"Unknown","info":"997-Not Applicable","simplified":"Unclassified","damage_gra":"Damaged","det_method":"Photo-interpretation","notation":"Building point","or_src_id":978,"dmg_src_id":3,"cd_value":"Not Applicable"},"geometry":{"type":"Point","coordinates":[-66.85321301,10.61485386]}},{"type":"Feature","properties":{"obj_type":"995-Unclassified","name":"Unknown","info":"997-Not Applicable","simplified":"Unclassified","damage_gra":"Destroyed","det_method":"Photo-interpretation","notation":"Building point","or_src_id":978,"dmg_src_id":3,"cd_value":"Not Applicable"},"geometry":{"type":"Point","coordinates":[-66.85899506,10.61501005]}},{"type":"Feature","properties":{"obj_type":"995-Unclassified","name":"Unknown","info":"997-Not Applicable","simplified":"Unclassified","damage_gra":"Destroyed","det_method":"Photo-interpretation","notation":"Building point","or_src_id":978,"dmg_src_id":3,"cd_value":"Not Applicable"},"geometry":{"type":"Point","coordinates":[-66.85736611,10.61503293]}},{"type":"Feature","properties":{"obj_type":"995-Unclassified","name":"Unknown","info":"997-Not Applicable","simplified":"Unclassified","damage_gra":"Possibly damaged","det_method":"Photo-interpretation","notation":"Building point","or_src_id":978,"dmg_src_id":3,"cd_value":"Not Applicable"},"geometry":{"type":"Point","coordinates":[-66.85884902,10.61518659]}},{"type":"Feature","properties":{"obj_type":"995-Unclassified","name":"Unknown","info":"997-Not Applicable","simplified":"Unclassified","damage_gra":"Destroyed","det_method":"Photo-interpretation","notation":"Building point","or_src_id":978,"dmg_src_id":3,"cd_value":"Not Applicable"},"geometry":{"type":"Point","coordinates":[-66.86017107,10.61547567]}},{"type":"Feature","properties":{"obj_type":"995-Unclassified","name":"Unknown","info":"997-Not Applicable","simplified":"Unclassified","damage_gra":"Possibly damaged","det_method":"Photo-interpretation","notation":"Building point","or_src_id":978,"dmg_src_id":3,"cd_value":"Not Applicable"},"geometry":{"type":"Point","coordinates":[-66.85768129,10.61550188]}},{"type":"Feature","properties":{"obj_type":"995-Unclassified","name":"Unknown","info":"997-Not Applicable","simplified":"Unclassified","damage_gra":"Possibly damaged","det_method":"Photo-interpretation","notation":"Building point","or_src_id":978,"dmg_src_id":3,"cd_value":"Not Applicable"},"geometry":{"type":"Point","coordinates":[-66.85927124,10.61574573]}},{"type":"Feature","properties":{"obj_type":"995-Unclassified","name":"Unknown","info":"997-Not Applicable","simplified":"Unclassified","damage_gra":"Possibly damaged","det_method":"Photo-interpretation","notation":"Building point","or_src_id":978,"dmg_src_id":3,"cd_value":"Not Applicable"},"geometry":{"type":"Point","coordinates":[-66.85877919,10.61584122]}},{"type":"Feature","properties":{"obj_type":"995-Unclassified","name":"Unknown","info":"997-Not Applicable","simplified":"Unclassified","damage_gra":"Damaged","det_method":"Photo-interpretation","notation":"Building point","or_src_id":978,"dmg_src_id":3,"cd_value":"Not Applicable"},"geometry":{"type":"Point","coordinates":[-66.8586224,10.61589395]}},{"type":"Feature","properties":{"obj_type":"995-Unclassified","name":"Unknown","info":"997-Not Applicable","simplified":"Unclassified","damage_gra":"Possibly damaged","det_method":"Photo-interpretation","notation":"Building point","or_src_id":978,"dmg_src_id":3,"cd_value":"Not Applicable"},"geometry":{"type":"Point","coordinates":[-66.83702666,10.61544622]}},{"type":"Feature","properties":{"obj_type":"995-Unclassified","name":"Unknown","info":"997-Not Applicable","simplified":"Unclassified","damage_gra":"Destroyed","det_method":"Photo-interpretation","notation":"Building point","or_src_id":978,"dmg_src_id":3,"cd_value":"Not Applicable"},"geometry":{"type":"Point","coordinates":[-66.8386626,10.61547345]}},{"type":"Feature","properties":{"obj_type":"12-Non-residential Buildings","name":"Unknown","info":"127-Other non-residential buildings","simplified":"Non residential","damage_gra":"Destroyed","det_method":"Photo-interpretation","notation":"Building point","or_src_id":2,"dmg_src_id":3,"cd_value":"Not Applicable"},"geometry":{"type":"Point","coordinates":[-66.84033945,10.61549688]}},{"type":"Feature","properties":{"obj_type":"995-Unclassified","name":"Unknown","info":"997-Not Applicable","simplified":"Unclassified","damage_gra":"Possibly damaged","det_method":"Photo-interpretation","notation":"Building point","or_src_id":978,"dmg_src_id":3,"cd_value":"Not Applicable"},"geometry":{"type":"Point","coordinates":[-66.83724946,10.61558688]}},{"type":"Feature","properties":{"obj_type":"995-Unclassified","name":"Unknown","info":"997-Not Applicable","simplified":"Unclassified","damage_gra":"Possibly damaged","det_method":"Photo-interpretation","notation":"Building point","or_src_id":978,"dmg_src_id":3,"cd_value":"Not Applicable"},"geometry":{"type":"Point","coordinates":[-66.83995291,10.61563173]}},{"type":"Feature","properties":{"obj_type":"995-Unclassified","name":"Unknown","info":"997-Not Applicable","simplified":"Unclassified","damage_gra":"Destroyed","det_method":"Photo-interpretation","notation":"Building point","or_src_id":978,"dmg_src_id":3,"cd_value":"Not Applicable"},"geometry":{"type":"Point","coordinates":[-66.84094145,10.61570747]}},{"type":"Feature","properties":{"obj_type":"995-Unclassified","name":"Unknown","info":"997-Not Applicable","simplified":"Unclassified","damage_gra":"Destroyed","det_method":"Photo-interpretation","notation":"Building point","or_src_id":978,"dmg_src_id":3,"cd_value":"Not Applicable"},"geometry":{"type":"Point","coordinates":[-66.83856305,10.61582929]}},{"type":"Feature","properties":{"obj_type":"12-Non-residential Buildings","name":"Unknown","info":"127-Other non-residential buildings","simplified":"Non residential","damage_gra":"Destroyed","det_method":"Photo-interpretation","notation":"Building point","or_src_id":2,"dmg_src_id":3,"cd_value":"Not Applicable"},"geometry":{"type":"Point","coordinates":[-66.8388376,10.61596902]}},{"type":"Feature","properties":{"obj_type":"12-Non-residential Buildings","name":"Unknown","info":"127-Other non-residential buildings","simplified":"Non residential","damage_gra":"Destroyed","det_method":"Photo-interpretation","notation":"Building point","or_src_id":2,"dmg_src_id":3,"cd_value":"Not Applicable"},"geometry":{"type":"Point","coordinates":[-66.83772137,10.61600155]}},{"type":"Feature","properties":{"obj_type":"12-Non-residential Buildings","name":"Unknown","info":"127-Other non-residential buildings","simplified":"Non residential","damage_gra":"Destroyed","det_method":"Photo-interpretation","notation":"Building point","or_src_id":2,"dmg_src_id":3,"cd_value":"Not Applicable"},"geometry":{"type":"Point","coordinates":[-66.83817999,10.61605813]}},{"type":"Feature","properties":{"obj_type":"995-Unclassified","name":"Unknown","info":"997-Not Applicable","simplified":"Unclassified","damage_gra":"Damaged","det_method":"Photo-interpretation","notation":"Building point","or_src_id":978,"dmg_src_id":3,"cd_value":"Not Applicable"},"geometry":{"type":"Point","coordinates":[-66.8491963,10.61573664]}},{"type":"Feature","properties":{"obj_type":"995-Unclassified","name":"Unknown","info":"997-Not Applicable","simplified":"Unclassified","damage_gra":"Damaged","det_method":"Photo-interpretation","notation":"Building point","or_src_id":978,"dmg_src_id":3,"cd_value":"Not Applicable"},"geometry":{"type":"Point","coordinates":[-66.84881104,10.61580377]}},{"type":"Feature","properties":{"obj_type":"995-Unclassified","name":"Unknown","info":"997-Not Applicable","simplified":"Unclassified","damage_gra":"Destroyed","det_method":"Photo-interpretation","notation":"Building point","or_src_id":978,"dmg_src_id":3,"cd_value":"Not Applicable"},"geometry":{"type":"Point","coordinates":[-66.84238373,10.61587822]}},{"type":"Feature","properties":{"obj_type":"12-Non-residential Buildings","name":"Unknown","info":"127-Other non-residential buildings","simplified":"Non residential","damage_gra":"Possibly damaged","det_method":"Photo-interpretation","notation":"Building point","or_src_id":2,"dmg_src_id":3,"cd_value":"Not Applicable"},"geometry":{"type":"Point","coordinates":[-66.84412285,10.61611257]}},{"type":"Feature","properties":{"obj_type":"995-Unclassified","name":"Unknown","info":"997-Not Applicable","simplified":"Unclassified","damage_gra":"Possibly damaged","det_method":"Photo-interpretation","notation":"Building point","or_src_id":978,"dmg_src_id":3,"cd_value":"Not Applicable"},"geometry":{"type":"Point","coordinates":[-66.842307,10.61621553]}},{"type":"Feature","properties":{"obj_type":"995-Unclassified","name":"Unknown","info":"997-Not Applicable","simplified":"Unclassified","damage_gra":"Possibly damaged","det_method":"Photo-interpretation","notation":"Building point","or_src_id":978,"dmg_src_id":3,"cd_value":"Not Applicable"},"geometry":{"type":"Point","coordinates":[-66.84256855,10.61624845]}},{"type":"Feature","properties":{"obj_type":"995-Unclassified","name":"Unknown","info":"997-Not Applicable","simplified":"Unclassified","damage_gra":"Possibly damaged","det_method":"Photo-interpretation","notation":"Building point","or_src_id":978,"dmg_src_id":3,"cd_value":"Not Applicable"},"geometry":{"type":"Point","coordinates":[-66.84281502,10.61625561]}},{"type":"Feature","properties":{"obj_type":"995-Unclassified","name":"Unknown","info":"997-Not Applicable","simplified":"Unclassified","damage_gra":"Destroyed","det_method":"Photo-interpretation","notation":"Building point","or_src_id":978,"dmg_src_id":3,"cd_value":"Not Applicable"},"geometry":{"type":"Point","coordinates":[-66.84227455,10.6163258]}},{"type":"Feature","properties":{"obj_type":"995-Unclassified","name":"Unknown","info":"997-Not Applicable","simplified":"Unclassified","damage_gra":"Damaged","det_method":"Photo-interpretation","notation":"Building point","or_src_id":978,"dmg_src_id":3,"cd_value":"Not Applicable"},"geometry":{"type":"Point","coordinates":[-66.84599929,10.61636924]}},{"type":"Feature","properties":{"obj_type":"995-Unclassified","name":"Unknown","info":"997-Not Applicable","simplified":"Unclassified","damage_gra":"Destroyed","det_method":"Photo-interpretation","notation":"Building point","or_src_id":978,"dmg_src_id":3,"cd_value":"Not Applicable"},"geometry":{"type":"Point","coordinates":[-66.84243278,10.61639745]}},{"type":"Feature","properties":{"obj_type":"995-Unclassified","name":"Unknown","info":"997-Not Applicable","simplified":"Unclassified","damage_gra":"Possibly damaged","det_method":"Photo-interpretation","notation":"Building point","or_src_id":978,"dmg_src_id":3,"cd_value":"Not Applicable"},"geometry":{"type":"Point","coordinates":[-66.85924158,10.61590122]}},{"type":"Feature","properties":{"obj_type":"995-Unclassified","name":"Unknown","info":"997-Not Applicable","simplified":"Unclassified","damage_gra":"Possibly damaged","det_method":"Photo-interpretation","notation":"Building point","or_src_id":978,"dmg_src_id":3,"cd_value":"Not Applicable"},"geometry":{"type":"Point","coordinates":[-66.85291286,10.61591072]}},{"type":"Feature","properties":{"obj_type":"995-Unclassified","name":"Unknown","info":"997-Not Applicable","simplified":"Unclassified","damage_gra":"Possibly damaged","det_method":"Photo-interpretation","notation":"Building point","or_src_id":978,"dmg_src_id":3,"cd_value":"Not Applicable"},"geometry":{"type":"Point","coordinates":[-66.85870101,10.6159668]}},{"type":"Feature","properties":{"obj_type":"995-Unclassified","name":"Unknown","info":"997-Not Applicable","simplified":"Unclassified","damage_gra":"Destroyed","det_method":"Photo-interpretation","notation":"Building point","or_src_id":978,"dmg_src_id":3,"cd_value":"Not Applicable"},"geometry":{"type":"Point","coordinates":[-66.85737687,10.61615248]}},{"type":"Feature","properties":{"obj_type":"995-Unclassified","name":"Unknown","info":"997-Not Applicable","simplified":"Unclassified","damage_gra":"Destroyed","det_method":"Photo-interpretation","notation":"Building point","or_src_id":978,"dmg_src_id":3,"cd_value":"Not Applicable"},"geometry":{"type":"Point","coordinates":[-66.85912364,10.61624787]}},{"type":"Feature","properties":{"obj_type":"995-Unclassified","name":"Unknown","info":"997-Not Applicable","simplified":"Unclassified","damage_gra":"Possibly damaged","det_method":"Photo-interpretation","notation":"Building point","or_src_id":978,"dmg_src_id":3,"cd_value":"Not Applicable"},"geometry":{"type":"Point","coordinates":[-66.85433665,10.6163058]}},{"type":"Feature","properties":{"obj_type":"995-Unclassified","name":"Unknown","info":"997-Not Applicable","simplified":"Unclassified","damage_gra":"Destroyed","det_method":"Photo-interpretation","notation":"Building point","or_src_id":978,"dmg_src_id":3,"cd_value":"Not Applicable"},"geometry":{"type":"Point","coordinates":[-66.85819475,10.61631023]}},{"type":"Feature","properties":{"obj_type":"995-Unclassified","name":"Unknown","info":"997-Not Applicable","simplified":"Unclassified","damage_gra":"Damaged","det_method":"Photo-interpretation","notation":"Building point","or_src_id":978,"dmg_src_id":3,"cd_value":"Not Applicable"},"geometry":{"type":"Point","coordinates":[-66.85432713,10.61634736]}},{"type":"Feature","properties":{"obj_type":"995-Unclassified","name":"Unknown","info":"997-Not Applicable","simplified":"Unclassified","damage_gra":"Damaged","det_method":"Photo-interpretation","notation":"Building point","or_src_id":978,"dmg_src_id":3,"cd_value":"Not Applicable"},"geometry":{"type":"Point","coordinates":[-66.85883067,10.61640954]}},{"type":"Feature","properties":{"obj_type":"995-Unclassified","name":"Unknown","info":"997-Not Applicable","simplified":"Unclassified","damage_gra":"Possibly damaged","det_method":"Photo-interpretation","notation":"Building point","or_src_id":978,"dmg_src_id":3,"cd_value":"Not Applicable"},"geometry":{"type":"Point","coordinates":[-66.85431369,10.61642188]}},{"type":"Feature","properties":{"obj_type":"995-Unclassified","name":"Unknown","info":"997-Not Applicable","simplified":"Unclassified","damage_gra":"Destroyed","det_method":"Photo-interpretation","notation":"Building point","or_src_id":978,"dmg_src_id":3,"cd_value":"Not Applicable"},"geometry":{"type":"Point","coordinates":[-66.84276691,10.61639778]}},{"type":"Feature","properties":{"obj_type":"995-Unclassified","name":"Unknown","info":"997-Not Applicable","simplified":"Unclassified","damage_gra":"Damaged","det_method":"Photo-interpretation","notation":"Building point","or_src_id":978,"dmg_src_id":3,"cd_value":"Not Applicable"},"geometry":{"type":"Point","coordinates":[-66.84266082,10.61640606]}},{"type":"Feature","properties":{"obj_type":"995-Unclassified","name":"Unknown","info":"997-Not Applicable","simplified":"Unclassified","damage_gra":"Possibly damaged","det_method":"Photo-interpretation","notation":"Building point","or_src_id":978,"dmg_src_id":3,"cd_value":"Not Applicable"},"geometry":{"type":"Point","coordinates":[-66.84295983,10.61641001]}},{"type":"Feature","properties":{"obj_type":"12-Non-residential Buildings","name":"Unknown","info":"127-Other non-residential buildings","simplified":"Non residential","damage_gra":"Destroyed","det_method":"Photo-interpretation","notation":"Building point","or_src_id":2,"dmg_src_id":3,"cd_value":"Not Applicable"},"geometry":{"type":"Point","coordinates":[-66.84461074,10.61650375]}},{"type":"Feature","properties":{"obj_type":"12-Non-residential Buildings","name":"Unknown","info":"127-Other non-residential buildings","simplified":"Non residential","damage_gra":"Destroyed","det_method":"Photo-interpretation","notation":"Building point","or_src_id":2,"dmg_src_id":3,"cd_value":"Not Applicable"},"geometry":{"type":"Point","coordinates":[-66.84601406,10.61650775]}},{"type":"Feature","properties":{"obj_type":"12-Non-residential Buildings","name":"Unknown","info":"127-Other non-residential buildings","simplified":"Non residential","damage_gra":"Possibly damaged","det_method":"Photo-interpretation","notation":"Building point","or_src_id":2,"dmg_src_id":3,"cd_value":"Not Applicable"},"geometry":{"type":"Point","coordinates":[-66.84826717,10.61653182]}},{"type":"Feature","properties":{"obj_type":"995-Unclassified","name":"Unknown","info":"997-Not Applicable","simplified":"Unclassified","damage_gra":"Destroyed","det_method":"Photo-interpretation","notation":"Building point","or_src_id":978,"dmg_src_id":3,"cd_value":"Not Applicable"},"geometry":{"type":"Point","coordinates":[-66.84393347,10.61655665]}},{"type":"Feature","properties":{"obj_type":"12-Non-residential Buildings","name":"Unknown","info":"127-Other non-residential buildings","simplified":"Non residential","damage_gra":"Possibly damaged","det_method":"Photo-interpretation","notation":"Building point","or_src_id":2,"dmg_src_id":3,"cd_value":"Not Applicable"},"geometry":{"type":"Point","coordinates":[-66.84812185,10.61666211]}},{"type":"Feature","properties":{"obj_type":"12-Non-residential Buildings","name":"Unknown","info":"127-Other non-residential buildings","simplified":"Non residential","damage_gra":"Destroyed","det_method":"Photo-interpretation","notation":"Building point","or_src_id":2,"dmg_src_id":3,"cd_value":"Not Applicable"},"geometry":{"type":"Point","coordinates":[-66.8444145,10.6166758]}},{"type":"Feature","properties":{"obj_type":"12-Non-residential Buildings","name":"Unknown","info":"127-Other non-residential buildings","simplified":"Non residential","damage_gra":"Destroyed","det_method":"Photo-interpretation","notation":"Building point","or_src_id":2,"dmg_src_id":3,"cd_value":"Not Applicable"},"geometry":{"type":"Point","coordinates":[-66.84474404,10.6166805]}},{"type":"Feature","properties":{"obj_type":"995-Unclassified","name":"Unknown","info":"997-Not Applicable","simplified":"Unclassified","damage_gra":"Destroyed","det_method":"Photo-interpretation","notation":"Building point","or_src_id":978,"dmg_src_id":3,"cd_value":"Not Applicable"},"geometry":{"type":"Point","coordinates":[-66.8526839,10.6164371]}},{"type":"Feature","properties":{"obj_type":"995-Unclassified","name":"Unknown","info":"997-Not Applicable","simplified":"Unclassified","damage_gra":"Possibly damaged","det_method":"Photo-interpretation","notation":"Building point","or_src_id":978,"dmg_src_id":3,"cd_value":"Not Applicable"},"geometry":{"type":"Point","coordinates":[-66.85437146,10.61648998]}},{"type":"Feature","properties":{"obj_type":"995-Unclassified","name":"Unknown","info":"997-Not Applicable","simplified":"Unclassified","damage_gra":"Destroyed","det_method":"Photo-interpretation","notation":"Building point","or_src_id":978,"dmg_src_id":3,"cd_value":"Not Applicable"},"geometry":{"type":"Point","coordinates":[-66.85765397,10.61656706]}},{"type":"Feature","properties":{"obj_type":"995-Unclassified","name":"Unknown","info":"997-Not Applicable","simplified":"Unclassified","damage_gra":"Possibly damaged","det_method":"Photo-interpretation","notation":"Building point","or_src_id":978,"dmg_src_id":3,"cd_value":"Not Applicable"},"geometry":{"type":"Point","coordinates":[-66.8526087,10.61660645]}},{"type":"Feature","properties":{"obj_type":"995-Unclassified","name":"Unknown","info":"997-Not Applicable","simplified":"Unclassified","damage_gra":"Possibly damaged","det_method":"Photo-interpretation","notation":"Building point","or_src_id":978,"dmg_src_id":3,"cd_value":"Not Applicable"},"geometry":{"type":"Point","coordinates":[-66.85518429,10.61660927]}},{"type":"Feature","properties":{"obj_type":"995-Unclassified","name":"Unknown","info":"997-Not Applicable","simplified":"Unclassified","damage_gra":"Destroyed","det_method":"Photo-interpretation","notation":"Building point","or_src_id":978,"dmg_src_id":3,"cd_value":"Not Applicable"},"geometry":{"type":"Point","coordinates":[-66.85780326,10.61668231]}},{"type":"Feature","properties":{"obj_type":"995-Unclassified","name":"Unknown","info":"997-Not Applicable","simplified":"Unclassified","damage_gra":"Possibly damaged","det_method":"Photo-interpretation","notation":"Building point","or_src_id":978,"dmg_src_id":3,"cd_value":"Not Applicable"},"geometry":{"type":"Point","coordinates":[-66.85847111,10.61668448]}},{"type":"Feature","properties":{"obj_type":"995-Unclassified","name":"Unknown","info":"997-Not Applicable","simplified":"Unclassified","damage_gra":"Destroyed","det_method":"Photo-interpretation","notation":"Building point","or_src_id":978,"dmg_src_id":3,"cd_value":"Not Applicable"},"geometry":{"type":"Point","coordinates":[-66.85770877,10.6168153]}},{"type":"Feature","properties":{"obj_type":"995-Unclassified","name":"Unknown","info":"997-Not Applicable","simplified":"Unclassified","damage_gra":"Possibly damaged","det_method":"Photo-interpretation","notation":"Building point","or_src_id":978,"dmg_src_id":3,"cd_value":"Not Applicable"},"geometry":{"type":"Point","coordinates":[-66.85578824,10.61682332]}},{"type":"Feature","properties":{"obj_type":"995-Unclassified","name":"Unknown","info":"997-Not Applicable","simplified":"Unclassified","damage_gra":"Possibly damaged","det_method":"Photo-interpretation","notation":"Building point","or_src_id":978,"dmg_src_id":3,"cd_value":"Not Applicable"},"geometry":{"type":"Point","coordinates":[-66.84984015,10.6168645]}},{"type":"Feature","properties":{"obj_type":"995-Unclassified","name":"Unknown","info":"997-Not Applicable","simplified":"Unclassified","damage_gra":"Destroyed","det_method":"Photo-interpretation","notation":"Building point","or_src_id":978,"dmg_src_id":3,"cd_value":"Not Applicable"},"geometry":{"type":"Point","coordinates":[-66.85268153,10.61686591]}},{"type":"Feature","properties":{"obj_type":"12-Non-residential Buildings","name":"Unknown","info":"127-Other non-residential buildings","simplified":"Non residential","damage_gra":"Damaged","det_method":"Photo-interpretation","notation":"Building point","or_src_id":2,"dmg_src_id":3,"cd_value":"Not Applicable"},"geometry":{"type":"Point","coordinates":[-66.84977098,10.61692437]}},{"type":"Feature","properties":{"obj_type":"995-Unclassified","name":"Unknown","info":"997-Not Applicable","simplified":"Unclassified","damage_gra":"Possibly damaged","det_method":"Photo-interpretation","notation":"Building point","or_src_id":978,"dmg_src_id":3,"cd_value":"Not Applicable"},"geometry":{"type":"Point","coordinates":[-66.8556967,10.61694915]}},{"type":"Feature","properties":{"obj_type":"12-Non-residential Buildings","name":"Unknown","info":"127-Other non-residential buildings","simplified":"Non residential","damage_gra":"Destroyed","det_method":"Photo-interpretation","notation":"Building point","or_src_id":2,"dmg_src_id":3,"cd_value":"Not Applicable"},"geometry":{"type":"Point","coordinates":[-66.85109982,10.6169672]}},{"type":"Feature","properties":{"obj_type":"995-Unclassified","name":"Unknown","info":"997-Not Applicable","simplified":"Unclassified","damage_gra":"Possibly damaged","det_method":"Photo-interpretation","notation":"Building point","or_src_id":978,"dmg_src_id":3,"cd_value":"Not Applicable"},"geometry":{"type":"Point","coordinates":[-66.8507961,10.61703134]}},{"type":"Feature","properties":{"obj_type":"995-Unclassified","name":"Unknown","info":"997-Not Applicable","simplified":"Unclassified","damage_gra":"Destroyed","det_method":"Photo-interpretation","notation":"Building point","or_src_id":978,"dmg_src_id":3,"cd_value":"Not Applicable"},"geometry":{"type":"Point","coordinates":[-66.85105992,10.61703499]}},{"type":"Feature","properties":{"obj_type":"995-Unclassified","name":"Unknown","info":"997-Not Applicable","simplified":"Unclassified","damage_gra":"Possibly damaged","det_method":"Photo-interpretation","notation":"Building point","or_src_id":978,"dmg_src_id":3,"cd_value":"Not Applicable"},"geometry":{"type":"Point","coordinates":[-66.85139595,10.6171318]}},{"type":"Feature","properties":{"obj_type":"995-Unclassified","name":"Unknown","info":"997-Not Applicable","simplified":"Unclassified","damage_gra":"Destroyed","det_method":"Photo-interpretation","notation":"Building point","or_src_id":978,"dmg_src_id":3,"cd_value":"Not Applicable"},"geometry":{"type":"Point","coordinates":[-66.85700384,10.61714082]}},{"type":"Feature","properties":{"obj_type":"995-Unclassified","name":"Unknown","info":"997-Not Applicable","simplified":"Unclassified","damage_gra":"Damaged","det_method":"Photo-interpretation","notation":"Building point","or_src_id":978,"dmg_src_id":3,"cd_value":"Not Applicable"},"geometry":{"type":"Point","coordinates":[-66.85465117,10.61714152]}},{"type":"Feature","properties":{"obj_type":"995-Unclassified","name":"Unknown","info":"997-Not Applicable","simplified":"Unclassified","damage_gra":"Destroyed","det_method":"Photo-interpretation","notation":"Building point","or_src_id":978,"dmg_src_id":3,"cd_value":"Not Applicable"},"geometry":{"type":"Point","coordinates":[-66.85797847,10.61714362]}},{"type":"Feature","properties":{"obj_type":"12-Non-residential Buildings","name":"Unknown","info":"127-Other non-residential buildings","simplified":"Non residential","damage_gra":"Possibly damaged","det_method":"Photo-interpretation","notation":"Building point","or_src_id":2,"dmg_src_id":3,"cd_value":"Not Applicable"},"geometry":{"type":"Point","coordinates":[-66.84813876,10.61675489]}},{"type":"Feature","properties":{"obj_type":"12-Non-residential Buildings","name":"Unknown","info":"127-Other non-residential buildings","simplified":"Non residential","damage_gra":"Possibly damaged","det_method":"Photo-interpretation","notation":"Building point","or_src_id":2,"dmg_src_id":3,"cd_value":"Not Applicable"},"geometry":{"type":"Point","coordinates":[-66.84821676,10.61676315]}},{"type":"Feature","properties":{"obj_type":"12-Non-residential Buildings","name":"Unknown","info":"127-Other non-residential buildings","simplified":"Non residential","damage_gra":"Possibly damaged","det_method":"Photo-interpretation","notation":"Building point","or_src_id":2,"dmg_src_id":3,"cd_value":"Not Applicable"},"geometry":{"type":"Point","coordinates":[-66.84810883,10.61684929]}},{"type":"Feature","properties":{"obj_type":"12-Non-residential Buildings","name":"Unknown","info":"127-Other non-residential buildings","simplified":"Non residential","damage_gra":"Possibly damaged","det_method":"Photo-interpretation","notation":"Building point","or_src_id":2,"dmg_src_id":3,"cd_value":"Not Applicable"},"geometry":{"type":"Point","coordinates":[-66.84883538,10.61704346]}},{"type":"Feature","properties":{"obj_type":"995-Unclassified","name":"Unknown","info":"997-Not Applicable","simplified":"Unclassified","damage_gra":"Possibly damaged","det_method":"Photo-interpretation","notation":"Building point","or_src_id":978,"dmg_src_id":3,"cd_value":"Not Applicable"},"geometry":{"type":"Point","coordinates":[-66.8483124,10.61712862]}},{"type":"Feature","properties":{"obj_type":"12-Non-residential Buildings","name":"Unknown","info":"127-Other non-residential buildings","simplified":"Non residential","damage_gra":"Damaged","det_method":"Photo-interpretation","notation":"Building point","or_src_id":2,"dmg_src_id":3,"cd_value":"Not Applicable"},"geometry":{"type":"Point","coordinates":[-66.84838329,10.61722763]}},{"type":"Feature","properties":{"obj_type":"995-Unclassified","name":"Unknown","info":"997-Not Applicable","simplified":"Unclassified","damage_gra":"Possibly damaged","det_method":"Photo-interpretation","notation":"Building point","or_src_id":978,"dmg_src_id":3,"cd_value":"Not Applicable"},"geometry":{"type":"Point","coordinates":[-66.8482845,10.6172477]}},{"type":"Feature","properties":{"obj_type":"12-Non-residential Buildings","name":"Unknown","info":"127-Other non-residential buildings","simplified":"Non residential","damage_gra":"Damaged","det_method":"Photo-interpretation","notation":"Building point","or_src_id":2,"dmg_src_id":3,"cd_value":"Not Applicable"},"geometry":{"type":"Point","coordinates":[-66.84493137,10.61733722]}},{"type":"Feature","properties":{"obj_type":"995-Unclassified","name":"Unknown","info":"997-Not Applicable","simplified":"Unclassified","damage_gra":"Damaged","det_method":"Photo-interpretation","notation":"Building point","or_src_id":978,"dmg_src_id":3,"cd_value":"Not Applicable"},"geometry":{"type":"Point","coordinates":[-66.84485222,10.61737487]}},{"type":"Feature","properties":{"obj_type":"995-Unclassified","name":"Unknown","info":"997-Not Applicable","simplified":"Unclassified","damage_gra":"Damaged","det_method":"Photo-interpretation","notation":"Building point","or_src_id":978,"dmg_src_id":3,"cd_value":"Not Applicable"},"geometry":{"type":"Point","coordinates":[-66.84499836,10.61750557]}},{"type":"Feature","properties":{"obj_type":"995-Unclassified","name":"Unknown","info":"997-Not Applicable","simplified":"Unclassified","damage_gra":"Destroyed","det_method":"Photo-interpretation","notation":"Building point","or_src_id":978,"dmg_src_id":3,"cd_value":"Not Applicable"},"geometry":{"type":"Point","coordinates":[-66.85407788,10.61714591]}},{"type":"Feature","properties":{"obj_type":"12-Non-residential Buildings","name":"Unknown","info":"127-Other non-residential buildings","simplified":"Non residential","damage_gra":"Possibly damaged","det_method":"Photo-interpretation","notation":"Building point","or_src_id":2,"dmg_src_id":3,"cd_value":"Not Applicable"},"geometry":{"type":"Point","coordinates":[-66.8558571,10.61716568]}},{"type":"Feature","properties":{"obj_type":"995-Unclassified","name":"Unknown","info":"997-Not Applicable","simplified":"Unclassified","damage_gra":"Possibly damaged","det_method":"Photo-interpretation","notation":"Building point","or_src_id":978,"dmg_src_id":3,"cd_value":"Not Applicable"},"geometry":{"type":"Point","coordinates":[-66.8509327,10.61716702]}},{"type":"Feature","properties":{"obj_type":"995-Unclassified","name":"Unknown","info":"997-Not Applicable","simplified":"Unclassified","damage_gra":"Possibly damaged","det_method":"Photo-interpretation","notation":"Building point","or_src_id":978,"dmg_src_id":3,"cd_value":"Not Applicable"},"geometry":{"type":"Point","coordinates":[-66.85102295,10.61717485]}},{"type":"Feature","properties":{"obj_type":"995-Unclassified","name":"Unknown","info":"997-Not Applicable","simplified":"Unclassified","damage_gra":"Destroyed","det_method":"Photo-interpretation","notation":"Building point","or_src_id":978,"dmg_src_id":3,"cd_value":"Not Applicable"},"geometry":{"type":"Point","coordinates":[-66.85732905,10.6171797]}},{"type":"Feature","properties":{"obj_type":"995-Unclassified","name":"Unknown","info":"997-Not Applicable","simplified":"Unclassified","damage_gra":"Destroyed","det_method":"Photo-interpretation","notation":"Building point","or_src_id":978,"dmg_src_id":3,"cd_value":"Not Applicable"},"geometry":{"type":"Point","coordinates":[-66.85448801,10.61724692]}},{"type":"Feature","properties":{"obj_type":"995-Unclassified","name":"Unknown","info":"997-Not Applicable","simplified":"Unclassified","damage_gra":"Possibly damaged","det_method":"Photo-interpretation","notation":"Building point","or_src_id":978,"dmg_src_id":3,"cd_value":"Not Applicable"},"geometry":{"type":"Point","coordinates":[-66.85059242,10.6172575]}},{"type":"Feature","properties":{"obj_type":"995-Unclassified","name":"Unknown","info":"997-Not Applicable","simplified":"Unclassified","damage_gra":"Possibly damaged","det_method":"Photo-interpretation","notation":"Building point","or_src_id":978,"dmg_src_id":3,"cd_value":"Not Applicable"},"geometry":{"type":"Point","coordinates":[-66.85078283,10.61726628]}},{"type":"Feature","properties":{"obj_type":"12-Non-residential Buildings","name":"Unknown","info":"127-Other non-residential buildings","simplified":"Non residential","damage_gra":"Destroyed","det_method":"Photo-interpretation","notation":"Building point","or_src_id":2,"dmg_src_id":3,"cd_value":"Not Applicable"},"geometry":{"type":"Point","coordinates":[-66.85716721,10.61731284]}},{"type":"Feature","properties":{"obj_type":"995-Unclassified","name":"Unknown","info":"997-Not Applicable","simplified":"Unclassified","damage_gra":"Destroyed","det_method":"Photo-interpretation","notation":"Building point","or_src_id":978,"dmg_src_id":3,"cd_value":"Not Applicable"},"geometry":{"type":"Point","coordinates":[-66.85772298,10.61731561]}},{"type":"Feature","properties":{"obj_type":"995-Unclassified","name":"Unknown","info":"997-Not Applicable","simplified":"Unclassified","damage_gra":"Possibly damaged","det_method":"Photo-interpretation","notation":"Building point","or_src_id":978,"dmg_src_id":3,"cd_value":"Not Applicable"},"geometry":{"type":"Point","coordinates":[-66.85053452,10.61733989]}},{"type":"Feature","properties":{"obj_type":"995-Unclassified","name":"Unknown","info":"997-Not Applicable","simplified":"Unclassified","damage_gra":"Destroyed","det_method":"Photo-interpretation","notation":"Building point","or_src_id":978,"dmg_src_id":3,"cd_value":"Not Applicable"},"geometry":{"type":"Point","coordinates":[-66.85807035,10.61734135]}},{"type":"Feature","properties":{"obj_type":"995-Unclassified","name":"Unknown","info":"997-Not Applicable","simplified":"Unclassified","damage_gra":"Destroyed","det_method":"Photo-interpretation","notation":"Building point","or_src_id":978,"dmg_src_id":3,"cd_value":"Not Applicable"},"geometry":{"type":"Point","coordinates":[-66.8575914,10.6173642]}},{"type":"Feature","properties":{"obj_type":"995-Unclassified","name":"Unknown","info":"997-Not Applicable","simplified":"Unclassified","damage_gra":"Destroyed","det_method":"Photo-interpretation","notation":"Building point","or_src_id":978,"dmg_src_id":3,"cd_value":"Not Applicable"},"geometry":{"type":"Point","coordinates":[-66.85667456,10.61738194]}},{"type":"Feature","properties":{"obj_type":"995-Unclassified","name":"Unknown","info":"997-Not Applicable","simplified":"Unclassified","damage_gra":"Destroyed","det_method":"Photo-interpretation","notation":"Building point","or_src_id":978,"dmg_src_id":3,"cd_value":"Not Applicable"},"geometry":{"type":"Point","coordinates":[-66.85684177,10.61739172]}},{"type":"Feature","properties":{"obj_type":"995-Unclassified","name":"Unknown","info":"997-Not Applicable","simplified":"Unclassified","damage_gra":"Possibly damaged","det_method":"Photo-interpretation","notation":"Building point","or_src_id":978,"dmg_src_id":3,"cd_value":"Not Applicable"},"geometry":{"type":"Point","coordinates":[-66.85431547,10.61741038]}},{"type":"Feature","properties":{"obj_type":"12-Non-residential Buildings","name":"Unknown","info":"127-Other non-residential buildings","simplified":"Non residential","damage_gra":"Destroyed","det_method":"Photo-interpretation","notation":"Building point","or_src_id":2,"dmg_src_id":3,"cd_value":"Not Applicable"},"geometry":{"type":"Point","coordinates":[-66.85700495,10.61743662]}},{"type":"Feature","properties":{"obj_type":"995-Unclassified","name":"Unknown","info":"997-Not Applicable","simplified":"Unclassified","damage_gra":"Destroyed","det_method":"Photo-interpretation","notation":"Building point","or_src_id":978,"dmg_src_id":3,"cd_value":"Not Applicable"},"geometry":{"type":"Point","coordinates":[-66.85780464,10.6174471]}},{"type":"Feature","properties":{"obj_type":"995-Unclassified","name":"Unknown","info":"997-Not Applicable","simplified":"Unclassified","damage_gra":"Damaged","det_method":"Photo-interpretation","notation":"Building point","or_src_id":978,"dmg_src_id":3,"cd_value":"Not Applicable"},"geometry":{"type":"Point","coordinates":[-66.85577433,10.61753268]}},{"type":"Feature","properties":{"obj_type":"995-Unclassified","name":"Unknown","info":"997-Not Applicable","simplified":"Unclassified","damage_gra":"Damaged","det_method":"Photo-interpretation","notation":"Building point","or_src_id":978,"dmg_src_id":3,"cd_value":"Not Applicable"},"geometry":{"type":"Point","coordinates":[-66.8499504,10.61756725]}},{"type":"Feature","properties":{"obj_type":"12-Non-residential Buildings","name":"Unknown","info":"127-Other non-residential buildings","simplified":"Non residential","damage_gra":"Destroyed","det_method":"Photo-interpretation","notation":"Building point","or_src_id":2,"dmg_src_id":3,"cd_value":"Not Applicable"},"geometry":{"type":"Point","coordinates":[-66.84088657,10.61765005]}},{"type":"Feature","properties":{"obj_type":"995-Unclassified","name":"Unknown","info":"997-Not Applicable","simplified":"Unclassified","damage_gra":"Possibly damaged","det_method":"Photo-interpretation","notation":"Building point","or_src_id":978,"dmg_src_id":3,"cd_value":"Not Applicable"},"geometry":{"type":"Point","coordinates":[-66.84095195,10.61774622]}},{"type":"Feature","properties":{"obj_type":"995-Unclassified","name":"Unknown","info":"997-Not Applicable","simplified":"Unclassified","damage_gra":"Possibly damaged","det_method":"Photo-interpretation","notation":"Building point","or_src_id":978,"dmg_src_id":3,"cd_value":"Not Applicable"},"geometry":{"type":"Point","coordinates":[-66.85535471,10.6176106]}},{"type":"Feature","properties":{"obj_type":"995-Unclassified","name":"Unknown","info":"997-Not Applicable","simplified":"Unclassified","damage_gra":"Destroyed","det_method":"Photo-interpretation","notation":"Building point","or_src_id":978,"dmg_src_id":3,"cd_value":"Not Applicable"},"geometry":{"type":"Point","coordinates":[-66.85689481,10.61765331]}},{"type":"Feature","properties":{"obj_type":"995-Unclassified","name":"Unknown","info":"997-Not Applicable","simplified":"Unclassified","damage_gra":"Possibly damaged","det_method":"Photo-interpretation","notation":"Building point","or_src_id":978,"dmg_src_id":3,"cd_value":"Not Applicable"},"geometry":{"type":"Point","coordinates":[-66.85529933,10.61766499]}},{"type":"Feature","properties":{"obj_type":"995-Unclassified","name":"Unknown","info":"997-Not Applicable","simplified":"Unclassified","damage_gra":"Destroyed","det_method":"Photo-interpretation","notation":"Building point","or_src_id":978,"dmg_src_id":3,"cd_value":"Not Applicable"},"geometry":{"type":"Point","coordinates":[-66.85681935,10.61770072]}},{"type":"Feature","properties":{"obj_type":"995-Unclassified","name":"Unknown","info":"997-Not Applicable","simplified":"Unclassified","damage_gra":"Destroyed","det_method":"Photo-interpretation","notation":"Building point","or_src_id":978,"dmg_src_id":3,"cd_value":"Not Applicable"},"geometry":{"type":"Point","coordinates":[-66.85250519,10.61771037]}},{"type":"Feature","properties":{"obj_type":"995-Unclassified","name":"Unknown","info":"997-Not Applicable","simplified":"Unclassified","damage_gra":"Possibly damaged","det_method":"Photo-interpretation","notation":"Building point","or_src_id":978,"dmg_src_id":3,"cd_value":"Not Applicable"},"geometry":{"type":"Point","coordinates":[-66.85007572,10.61771963]}},{"type":"Feature","properties":{"obj_type":"995-Unclassified","name":"Unknown","info":"997-Not Applicable","simplified":"Unclassified","damage_gra":"Possibly damaged","det_method":"Photo-interpretation","notation":"Building point","or_src_id":978,"dmg_src_id":3,"cd_value":"Not Applicable"},"geometry":{"type":"Point","coordinates":[-66.85722128,10.61776093]}},{"type":"Feature","properties":{"obj_type":"995-Unclassified","name":"Unknown","info":"997-Not Applicable","simplified":"Unclassified","damage_gra":"Possibly damaged","det_method":"Photo-interpretation","notation":"Building point","or_src_id":978,"dmg_src_id":3,"cd_value":"Not Applicable"},"geometry":{"type":"Point","coordinates":[-66.84985242,10.61776898]}},{"type":"Feature","properties":{"obj_type":"995-Unclassified","name":"Unknown","info":"997-Not Applicable","simplified":"Unclassified","damage_gra":"Possibly damaged","det_method":"Photo-interpretation","notation":"Building point","or_src_id":978,"dmg_src_id":3,"cd_value":"Not Applicable"},"geometry":{"type":"Point","coordinates":[-66.84996914,10.61777788]}},{"type":"Feature","properties":{"obj_type":"995-Unclassified","name":"Unknown","info":"997-Not Applicable","simplified":"Unclassified","damage_gra":"Possibly damaged","det_method":"Photo-interpretation","notation":"Building point","or_src_id":978,"dmg_src_id":3,"cd_value":"Not Applicable"},"geometry":{"type":"Point","coordinates":[-66.8554114,10.61779665]}},{"type":"Feature","properties":{"obj_type":"995-Unclassified","name":"Unknown","info":"997-Not Applicable","simplified":"Unclassified","damage_gra":"Damaged","det_method":"Photo-interpretation","notation":"Building point","or_src_id":978,"dmg_src_id":3,"cd_value":"Not Applicable"},"geometry":{"type":"Point","coordinates":[-66.84749186,10.61760096]}},{"type":"Feature","properties":{"obj_type":"995-Unclassified","name":"Unknown","info":"997-Not Applicable","simplified":"Unclassified","damage_gra":"Possibly damaged","det_method":"Photo-interpretation","notation":"Building point","or_src_id":978,"dmg_src_id":3,"cd_value":"Not Applicable"},"geometry":{"type":"Point","coordinates":[-66.84609992,10.61770554]}},{"type":"Feature","properties":{"obj_type":"995-Unclassified","name":"Unknown","info":"997-Not Applicable","simplified":"Unclassified","damage_gra":"Possibly damaged","det_method":"Photo-interpretation","notation":"Building point","or_src_id":978,"dmg_src_id":3,"cd_value":"Not Applicable"},"geometry":{"type":"Point","coordinates":[-66.84565908,10.61779212]}},{"type":"Feature","properties":{"obj_type":"995-Unclassified","name":"Unknown","info":"997-Not Applicable","simplified":"Unclassified","damage_gra":"Possibly damaged","det_method":"Photo-interpretation","notation":"Building point","or_src_id":978,"dmg_src_id":3,"cd_value":"Not Applicable"},"geometry":{"type":"Point","coordinates":[-66.84502238,10.61780522]}},{"type":"Feature","properties":{"obj_type":"12-Non-residential Buildings","name":"Unknown","info":"127-Other non-residential buildings","simplified":"Non residential","damage_gra":"Destroyed","det_method":"Photo-interpretation","notation":"Building point","or_src_id":2,"dmg_src_id":3,"cd_value":"Not Applicable"},"geometry":{"type":"Point","coordinates":[-66.84606264,10.61782951]}},{"type":"Feature","properties":{"obj_type":"995-Unclassified","name":"Unknown","info":"997-Not Applicable","simplified":"Unclassified","damage_gra":"Possibly damaged","det_method":"Photo-interpretation","notation":"Building point","or_src_id":978,"dmg_src_id":3,"cd_value":"Not Applicable"},"geometry":{"type":"Point","coordinates":[-66.84490305,10.6178495]}},{"type":"Feature","properties":{"obj_type":"995-Unclassified","name":"Unknown","info":"997-Not Applicable","simplified":"Unclassified","damage_gra":"Possibly damaged","det_method":"Photo-interpretation","notation":"Building point","or_src_id":978,"dmg_src_id":3,"cd_value":"Not Applicable"},"geometry":{"type":"Point","coordinates":[-66.84495533,10.61787838]}},{"type":"Feature","properties":{"obj_type":"995-Unclassified","name":"Unknown","info":"997-Not Applicable","simplified":"Unclassified","damage_gra":"Possibly damaged","det_method":"Photo-interpretation","notation":"Building point","or_src_id":978,"dmg_src_id":3,"cd_value":"Not Applicable"},"geometry":{"type":"Point","coordinates":[-66.84475531,10.61790182]}},{"type":"Feature","properties":{"obj_type":"995-Unclassified","name":"Unknown","info":"997-Not Applicable","simplified":"Unclassified","damage_gra":"Destroyed","det_method":"Photo-interpretation","notation":"Building point","or_src_id":978,"dmg_src_id":3,"cd_value":"Not Applicable"},"geometry":{"type":"Point","coordinates":[-66.84482385,10.61793115]}},{"type":"Feature","properties":{"obj_type":"995-Unclassified","name":"Unknown","info":"997-Not Applicable","simplified":"Unclassified","damage_gra":"Possibly damaged","det_method":"Photo-interpretation","notation":"Building point","or_src_id":978,"dmg_src_id":3,"cd_value":"Not Applicable"},"geometry":{"type":"Point","coordinates":[-66.84504339,10.6179464]}},{"type":"Feature","properties":{"obj_type":"995-Unclassified","name":"Unknown","info":"997-Not Applicable","simplified":"Unclassified","damage_gra":"Possibly damaged","det_method":"Photo-interpretation","notation":"Building point","or_src_id":978,"dmg_src_id":3,"cd_value":"Not Applicable"},"geometry":{"type":"Point","coordinates":[-66.85534167,10.61781034]}},{"type":"Feature","properties":{"obj_type":"995-Unclassified","name":"Unknown","info":"997-Not Applicable","simplified":"Unclassified","damage_gra":"Destroyed","det_method":"Photo-interpretation","notation":"Building point","or_src_id":978,"dmg_src_id":3,"cd_value":"Not Applicable"},"geometry":{"type":"Point","coordinates":[-66.85466958,10.61786272]}},{"type":"Feature","properties":{"obj_type":"995-Unclassified","name":"Unknown","info":"997-Not Applicable","simplified":"Unclassified","damage_gra":"Destroyed","det_method":"Photo-interpretation","notation":"Building point","or_src_id":978,"dmg_src_id":3,"cd_value":"Not Applicable"},"geometry":{"type":"Point","coordinates":[-66.85656927,10.61793948]}},{"type":"Feature","properties":{"obj_type":"995-Unclassified","name":"Unknown","info":"997-Not Applicable","simplified":"Unclassified","damage_gra":"Destroyed","det_method":"Photo-interpretation","notation":"Building point","or_src_id":978,"dmg_src_id":3,"cd_value":"Not Applicable"},"geometry":{"type":"Point","coordinates":[-66.8564372,10.61794446]}},{"type":"Feature","properties":{"obj_type":"995-Unclassified","name":"Unknown","info":"997-Not Applicable","simplified":"Unclassified","damage_gra":"Destroyed","det_method":"Photo-interpretation","notation":"Building point","or_src_id":978,"dmg_src_id":3,"cd_value":"Not Applicable"},"geometry":{"type":"Point","coordinates":[-66.85663358,10.61795413]}},{"type":"Feature","properties":{"obj_type":"995-Unclassified","name":"Unknown","info":"997-Not Applicable","simplified":"Unclassified","damage_gra":"Destroyed","det_method":"Photo-interpretation","notation":"Building point","or_src_id":978,"dmg_src_id":3,"cd_value":"Not Applicable"},"geometry":{"type":"Point","coordinates":[-66.85557902,10.61795667]}},{"type":"Feature","properties":{"obj_type":"995-Unclassified","name":"Unknown","info":"997-Not Applicable","simplified":"Unclassified","damage_gra":"Destroyed","det_method":"Photo-interpretation","notation":"Building point","or_src_id":978,"dmg_src_id":3,"cd_value":"Not Applicable"},"geometry":{"type":"Point","coordinates":[-66.85537336,10.61796244]}},{"type":"Feature","properties":{"obj_type":"12-Non-residential Buildings","name":"Unknown","info":"127-Other non-residential buildings","simplified":"Non residential","damage_gra":"Destroyed","det_method":"Photo-interpretation","notation":"Building point","or_src_id":2,"dmg_src_id":3,"cd_value":"Not Applicable"},"geometry":{"type":"Point","coordinates":[-66.85678196,10.61796694]}},{"type":"Feature","properties":{"obj_type":"995-Unclassified","name":"Unknown","info":"997-Not Applicable","simplified":"Unclassified","damage_gra":"Destroyed","det_method":"Photo-interpretation","notation":"Building point","or_src_id":978,"dmg_src_id":3,"cd_value":"Not Applicable"},"geometry":{"type":"Point","coordinates":[-66.8543983,10.6180053]}},{"type":"Feature","properties":{"obj_type":"995-Unclassified","name":"Unknown","info":"997-Not Applicable","simplified":"Unclassified","damage_gra":"Destroyed","det_method":"Photo-interpretation","notation":"Building point","or_src_id":978,"dmg_src_id":3,"cd_value":"Not Applicable"},"geometry":{"type":"Point","coordinates":[-66.85540763,10.61800936]}},{"type":"Feature","properties":{"obj_type":"995-Unclassified","name":"Unknown","info":"997-Not Applicable","simplified":"Unclassified","damage_gra":"Destroyed","det_method":"Photo-interpretation","notation":"Building point","or_src_id":978,"dmg_src_id":3,"cd_value":"Not Applicable"},"geometry":{"type":"Point","coordinates":[-66.85490793,10.61803135]}},{"type":"Feature","properties":{"obj_type":"995-Unclassified","name":"Unknown","info":"997-Not Applicable","simplified":"Unclassified","damage_gra":"Destroyed","det_method":"Photo-interpretation","notation":"Building point","or_src_id":978,"dmg_src_id":3,"cd_value":"Not Applicable"},"geometry":{"type":"Point","coordinates":[-66.85406202,10.61804079]}},{"type":"Feature","properties":{"obj_type":"995-Unclassified","name":"Unknown","info":"997-Not Applicable","simplified":"Unclassified","damage_gra":"Destroyed","det_method":"Photo-interpretation","notation":"Building point","or_src_id":978,"dmg_src_id":3,"cd_value":"Not Applicable"},"geometry":{"type":"Point","coordinates":[-66.85376247,10.6180706]}},{"type":"Feature","properties":{"obj_type":"995-Unclassified","name":"Unknown","info":"997-Not Applicable","simplified":"Unclassified","damage_gra":"Destroyed","det_method":"Photo-interpretation","notation":"Building point","or_src_id":978,"dmg_src_id":3,"cd_value":"Not Applicable"},"geometry":{"type":"Point","coordinates":[-66.85470319,10.61810712]}},{"type":"Feature","properties":{"obj_type":"995-Unclassified","name":"Unknown","info":"997-Not Applicable","simplified":"Unclassified","damage_gra":"Damaged","det_method":"Photo-interpretation","notation":"Building point","or_src_id":978,"dmg_src_id":3,"cd_value":"Not Applicable"},"geometry":{"type":"Point","coordinates":[-66.85264101,10.61812947]}},{"type":"Feature","properties":{"obj_type":"995-Unclassified","name":"Unknown","info":"997-Not Applicable","simplified":"Unclassified","damage_gra":"Destroyed","det_method":"Photo-interpretation","notation":"Building point","or_src_id":978,"dmg_src_id":3,"cd_value":"Not Applicable"},"geometry":{"type":"Point","coordinates":[-66.8541613,10.61816595]}},{"type":"Feature","properties":{"obj_type":"995-Unclassified","name":"Unknown","info":"997-Not Applicable","simplified":"Unclassified","damage_gra":"Possibly damaged","det_method":"Photo-interpretation","notation":"Building point","or_src_id":978,"dmg_src_id":3,"cd_value":"Not Applicable"},"geometry":{"type":"Point","coordinates":[-66.85298903,10.61837732]}},{"type":"Feature","properties":{"obj_type":"995-Unclassified","name":"Unknown","info":"997-Not Applicable","simplified":"Unclassified","damage_gra":"Destroyed","det_method":"Photo-interpretation","notation":"Building point","or_src_id":978,"dmg_src_id":3,"cd_value":"Not Applicable"},"geometry":{"type":"Point","coordinates":[-66.84953229,10.61840225]}},{"type":"Feature","properties":{"obj_type":"12-Non-residential Buildings","name":"Unknown","info":"127-Other non-residential buildings","simplified":"Non residential","damage_gra":"Damaged","det_method":"Photo-interpretation","notation":"Building point","or_src_id":2,"dmg_src_id":3,"cd_value":"Not Applicable"},"geometry":{"type":"Point","coordinates":[-66.85424231,10.61840664]}},{"type":"Feature","properties":{"obj_type":"995-Unclassified","name":"Unknown","info":"997-Not Applicable","simplified":"Unclassified","damage_gra":"Destroyed","det_method":"Photo-interpretation","notation":"Building point","or_src_id":978,"dmg_src_id":3,"cd_value":"Not Applicable"},"geometry":{"type":"Point","coordinates":[-66.85279997,10.61841192]}},{"type":"Feature","properties":{"obj_type":"12-Non-residential Buildings","name":"Unknown","info":"127-Other non-residential buildings","simplified":"Non residential","damage_gra":"Possibly damaged","det_method":"Photo-interpretation","notation":"Building point","or_src_id":2,"dmg_src_id":3,"cd_value":"Not Applicable"},"geometry":{"type":"Point","coordinates":[-66.84932851,10.61796579]}},{"type":"Feature","properties":{"obj_type":"995-Unclassified","name":"Unknown","info":"997-Not Applicable","simplified":"Unclassified","damage_gra":"Destroyed","det_method":"Photo-interpretation","notation":"Building point","or_src_id":978,"dmg_src_id":3,"cd_value":"Not Applicable"},"geometry":{"type":"Point","coordinates":[-66.84784331,10.6179961]}},{"type":"Feature","properties":{"obj_type":"12-Non-residential Buildings","name":"Unknown","info":"127-Other non-residential buildings","simplified":"Non residential","damage_gra":"Damaged","det_method":"Photo-interpretation","notation":"Building point","or_src_id":2,"dmg_src_id":3,"cd_value":"Not Applicable"},"geometry":{"type":"Point","coordinates":[-66.84632422,10.61809773]}},{"type":"Feature","properties":{"obj_type":"995-Unclassified","name":"Unknown","info":"997-Not Applicable","simplified":"Unclassified","damage_gra":"Destroyed","det_method":"Photo-interpretation","notation":"Building point","or_src_id":978,"dmg_src_id":3,"cd_value":"Not Applicable"},"geometry":{"type":"Point","coordinates":[-66.84613912,10.61812106]}},{"type":"Feature","properties":{"obj_type":"995-Unclassified","name":"Unknown","info":"997-Not Applicable","simplified":"Unclassified","damage_gra":"Destroyed","det_method":"Photo-interpretation","notation":"Building point","or_src_id":978,"dmg_src_id":3,"cd_value":"Not Applicable"},"geometry":{"type":"Point","coordinates":[-66.84669546,10.61824445]}},{"type":"Feature","properties":{"obj_type":"995-Unclassified","name":"Unknown","info":"997-Not Applicable","simplified":"Unclassified","damage_gra":"Destroyed","det_method":"Photo-interpretation","notation":"Building point","or_src_id":978,"dmg_src_id":3,"cd_value":"Not Applicable"},"geometry":{"type":"Point","coordinates":[-66.8476829,10.61824633]}},{"type":"Feature","properties":{"obj_type":"995-Unclassified","name":"Unknown","info":"997-Not Applicable","simplified":"Unclassified","damage_gra":"Destroyed","det_method":"Photo-interpretation","notation":"Building point","or_src_id":978,"dmg_src_id":3,"cd_value":"Not Applicable"},"geometry":{"type":"Point","coordinates":[-66.8488087,10.6183982]}},{"type":"Feature","properties":{"obj_type":"995-Unclassified","name":"Unknown","info":"997-Not Applicable","simplified":"Unclassified","damage_gra":"Destroyed","det_method":"Photo-interpretation","notation":"Building point","or_src_id":978,"dmg_src_id":3,"cd_value":"Not Applicable"},"geometry":{"type":"Point","coordinates":[-66.84451581,10.61840971]}},{"type":"Feature","properties":{"obj_type":"995-Unclassified","name":"Unknown","info":"997-Not Applicable","simplified":"Unclassified","damage_gra":"Damaged","det_method":"Photo-interpretation","notation":"Building point","or_src_id":978,"dmg_src_id":3,"cd_value":"Not Applicable"},"geometry":{"type":"Point","coordinates":[-66.84828139,10.61842687]}},{"type":"Feature","properties":{"obj_type":"995-Unclassified","name":"Unknown","info":"997-Not Applicable","simplified":"Unclassified","damage_gra":"Possibly damaged","det_method":"Photo-interpretation","notation":"Building point","or_src_id":978,"dmg_src_id":3,"cd_value":"Not Applicable"},"geometry":{"type":"Point","coordinates":[-66.84447249,10.61851603]}},{"type":"Feature","properties":{"obj_type":"995-Unclassified","name":"Unknown","info":"997-Not Applicable","simplified":"Unclassified","damage_gra":"Possibly damaged","det_method":"Photo-interpretation","notation":"Building point","or_src_id":978,"dmg_src_id":3,"cd_value":"Not Applicable"},"geometry":{"type":"Point","coordinates":[-66.85240348,10.61849564]}},{"type":"Feature","properties":{"obj_type":"995-Unclassified","name":"Unknown","info":"997-Not Applicable","simplified":"Unclassified","damage_gra":"Destroyed","det_method":"Photo-interpretation","notation":"Building point","or_src_id":978,"dmg_src_id":3,"cd_value":"Not Applicable"},"geometry":{"type":"Point","coordinates":[-66.84983129,10.61851523]}},{"type":"Feature","properties":{"obj_type":"995-Unclassified","name":"Unknown","info":"997-Not Applicable","simplified":"Unclassified","damage_gra":"Destroyed","det_method":"Photo-interpretation","notation":"Building point","or_src_id":978,"dmg_src_id":3,"cd_value":"Not Applicable"},"geometry":{"type":"Point","coordinates":[-66.85112125,10.6185238]}},{"type":"Feature","properties":{"obj_type":"12-Non-residential Buildings","name":"Unknown","info":"127-Other non-residential buildings","simplified":"Non residential","damage_gra":"Damaged","det_method":"Photo-interpretation","notation":"Building point","or_src_id":2,"dmg_src_id":3,"cd_value":"Not Applicable"},"geometry":{"type":"Point","coordinates":[-66.8503744,10.61852413]}},{"type":"Feature","properties":{"obj_type":"995-Unclassified","name":"Unknown","info":"997-Not Applicable","simplified":"Unclassified","damage_gra":"Destroyed","det_method":"Photo-interpretation","notation":"Building point","or_src_id":978,"dmg_src_id":3,"cd_value":"Not Applicable"},"geometry":{"type":"Point","coordinates":[-66.8506929,10.61854475]}},{"type":"Feature","properties":{"obj_type":"995-Unclassified","name":"Unknown","info":"997-Not Applicable","simplified":"Unclassified","damage_gra":"Destroyed","det_method":"Photo-interpretation","notation":"Building point","or_src_id":978,"dmg_src_id":3,"cd_value":"Not Applicable"},"geometry":{"type":"Point","coordinates":[-66.85278948,10.61863695]}},{"type":"Feature","properties":{"obj_type":"995-Unclassified","name":"Unknown","info":"997-Not Applicable","simplified":"Unclassified","damage_gra":"Destroyed","det_method":"Photo-interpretation","notation":"Building point","or_src_id":978,"dmg_src_id":3,"cd_value":"Not Applicable"},"geometry":{"type":"Point","coordinates":[-66.85251297,10.61867604]}},{"type":"Feature","properties":{"obj_type":"995-Unclassified","name":"Unknown","info":"997-Not Applicable","simplified":"Unclassified","damage_gra":"Damaged","det_method":"Photo-interpretation","notation":"Building point","or_src_id":978,"dmg_src_id":3,"cd_value":"Not Applicable"},"geometry":{"type":"Point","coordinates":[-66.85289249,10.61869668]}},{"type":"Feature","properties":{"obj_type":"995-Unclassified","name":"Unknown","info":"997-Not Applicable","simplified":"Unclassified","damage_gra":"Possibly damaged","det_method":"Photo-interpretation","notation":"Building point","or_src_id":978,"dmg_src_id":3,"cd_value":"Not Applicable"},"geometry":{"type":"Point","coordinates":[-66.8519632,10.61874535]}},{"type":"Feature","properties":{"obj_type":"995-Unclassified","name":"Unknown","info":"997-Not Applicable","simplified":"Unclassified","damage_gra":"Destroyed","det_method":"Photo-interpretation","notation":"Building point","or_src_id":978,"dmg_src_id":3,"cd_value":"Not Applicable"},"geometry":{"type":"Point","coordinates":[-66.85170461,10.61877263]}},{"type":"Feature","properties":{"obj_type":"995-Unclassified","name":"Unknown","info":"997-Not Applicable","simplified":"Unclassified","damage_gra":"Possibly damaged","det_method":"Photo-interpretation","notation":"Building point","or_src_id":978,"dmg_src_id":3,"cd_value":"Not Applicable"},"geometry":{"type":"Point","coordinates":[-66.84835185,10.61854977]}},{"type":"Feature","properties":{"obj_type":"995-Unclassified","name":"Unknown","info":"997-Not Applicable","simplified":"Unclassified","damage_gra":"Destroyed","det_method":"Photo-interpretation","notation":"Building point","or_src_id":978,"dmg_src_id":3,"cd_value":"Not Applicable"},"geometry":{"type":"Point","coordinates":[-66.84873912,10.61856831]}},{"type":"Feature","properties":{"obj_type":"995-Unclassified","name":"Unknown","info":"997-Not Applicable","simplified":"Unclassified","damage_gra":"Destroyed","det_method":"Photo-interpretation","notation":"Building point","or_src_id":978,"dmg_src_id":3,"cd_value":"Not Applicable"},"geometry":{"type":"Point","coordinates":[-66.8484584,10.6185794]}},{"type":"Feature","properties":{"obj_type":"995-Unclassified","name":"Unknown","info":"997-Not Applicable","simplified":"Unclassified","damage_gra":"Destroyed","det_method":"Photo-interpretation","notation":"Building point","or_src_id":978,"dmg_src_id":3,"cd_value":"Not Applicable"},"geometry":{"type":"Point","coordinates":[-66.84694637,10.61861439]}},{"type":"Feature","properties":{"obj_type":"995-Unclassified","name":"Unknown","info":"997-Not Applicable","simplified":"Unclassified","damage_gra":"Destroyed","det_method":"Photo-interpretation","notation":"Building point","or_src_id":978,"dmg_src_id":3,"cd_value":"Not Applicable"},"geometry":{"type":"Point","coordinates":[-66.84720057,10.6186733]}},{"type":"Feature","properties":{"obj_type":"995-Unclassified","name":"Unknown","info":"997-Not Applicable","simplified":"Unclassified","damage_gra":"Destroyed","det_method":"Photo-interpretation","notation":"Building point","or_src_id":978,"dmg_src_id":3,"cd_value":"Not Applicable"},"geometry":{"type":"Point","coordinates":[-66.8470876,10.61868932]}},{"type":"Feature","properties":{"obj_type":"995-Unclassified","name":"Unknown","info":"997-Not Applicable","simplified":"Unclassified","damage_gra":"Destroyed","det_method":"Photo-interpretation","notation":"Building point","or_src_id":978,"dmg_src_id":3,"cd_value":"Not Applicable"},"geometry":{"type":"Point","coordinates":[-66.84691565,10.61869785]}},{"type":"Feature","properties":{"obj_type":"995-Unclassified","name":"Unknown","info":"997-Not Applicable","simplified":"Unclassified","damage_gra":"Destroyed","det_method":"Photo-interpretation","notation":"Building point","or_src_id":978,"dmg_src_id":3,"cd_value":"Not Applicable"},"geometry":{"type":"Point","coordinates":[-66.84683198,10.61872843]}},{"type":"Feature","properties":{"obj_type":"995-Unclassified","name":"Unknown","info":"997-Not Applicable","simplified":"Unclassified","damage_gra":"Destroyed","det_method":"Photo-interpretation","notation":"Building point","or_src_id":978,"dmg_src_id":3,"cd_value":"Not Applicable"},"geometry":{"type":"Point","coordinates":[-66.84919694,10.61874493]}},{"type":"Feature","properties":{"obj_type":"995-Unclassified","name":"Unknown","info":"997-Not Applicable","simplified":"Unclassified","damage_gra":"Destroyed","det_method":"Photo-interpretation","notation":"Building point","or_src_id":978,"dmg_src_id":3,"cd_value":"Not Applicable"},"geometry":{"type":"Point","coordinates":[-66.846927,10.61876225]}},{"type":"Feature","properties":{"obj_type":"995-Unclassified","name":"Unknown","info":"997-Not Applicable","simplified":"Unclassified","damage_gra":"Damaged","det_method":"Photo-interpretation","notation":"Building point","or_src_id":978,"dmg_src_id":3,"cd_value":"Not Applicable"},"geometry":{"type":"Point","coordinates":[-66.84832045,10.6187814]}},{"type":"Feature","properties":{"obj_type":"995-Unclassified","name":"Unknown","info":"997-Not Applicable","simplified":"Unclassified","damage_gra":"Possibly damaged","det_method":"Photo-interpretation","notation":"Building point","or_src_id":978,"dmg_src_id":3,"cd_value":"Not Applicable"},"geometry":{"type":"Point","coordinates":[-66.8483481,10.6188918]}},{"type":"Feature","properties":{"obj_type":"995-Unclassified","name":"Unknown","info":"997-Not Applicable","simplified":"Unclassified","damage_gra":"Possibly damaged","det_method":"Photo-interpretation","notation":"Building point","or_src_id":978,"dmg_src_id":3,"cd_value":"Not Applicable"},"geometry":{"type":"Point","coordinates":[-66.84839608,10.61890614]}},{"type":"Feature","properties":{"obj_type":"995-Unclassified","name":"Unknown","info":"997-Not Applicable","simplified":"Unclassified","damage_gra":"Destroyed","det_method":"Photo-interpretation","notation":"Building point","or_src_id":978,"dmg_src_id":3,"cd_value":"Not Applicable"},"geometry":{"type":"Point","coordinates":[-66.84707095,10.6189265]}},{"type":"Feature","properties":{"obj_type":"995-Unclassified","name":"Unknown","info":"997-Not Applicable","simplified":"Unclassified","damage_gra":"Destroyed","det_method":"Photo-interpretation","notation":"Building point","or_src_id":978,"dmg_src_id":3,"cd_value":"Not Applicable"},"geometry":{"type":"Point","coordinates":[-66.84274185,10.61900895]}},{"type":"Feature","properties":{"obj_type":"995-Unclassified","name":"Unknown","info":"997-Not Applicable","simplified":"Unclassified","damage_gra":"Destroyed","det_method":"Photo-interpretation","notation":"Building point","or_src_id":978,"dmg_src_id":3,"cd_value":"Not Applicable"},"geometry":{"type":"Point","coordinates":[-66.8425796,10.61906055]}},{"type":"Feature","properties":{"obj_type":"995-Unclassified","name":"Unknown","info":"997-Not Applicable","simplified":"Unclassified","damage_gra":"Possibly damaged","det_method":"Photo-interpretation","notation":"Building point","or_src_id":978,"dmg_src_id":3,"cd_value":"Not Applicable"},"geometry":{"type":"Point","coordinates":[-66.84679777,10.61911148]}},{"type":"Feature","properties":{"obj_type":"12-Non-residential Buildings","name":"Unknown","info":"127-Other non-residential buildings","simplified":"Non residential","damage_gra":"Destroyed","det_method":"Photo-interpretation","notation":"Building point","or_src_id":2,"dmg_src_id":3,"cd_value":"Not Applicable"},"geometry":{"type":"Point","coordinates":[-66.8471737,10.61913062]}},{"type":"Feature","properties":{"obj_type":"995-Unclassified","name":"Unknown","info":"997-Not Applicable","simplified":"Unclassified","damage_gra":"Damaged","det_method":"Photo-interpretation","notation":"Building point","or_src_id":978,"dmg_src_id":3,"cd_value":"Not Applicable"},"geometry":{"type":"Point","coordinates":[-66.84404181,10.6194868]}},{"type":"Feature","properties":{"obj_type":"995-Unclassified","name":"Unknown","info":"997-Not Applicable","simplified":"Unclassified","damage_gra":"Damaged","det_method":"Photo-interpretation","notation":"Building point","or_src_id":978,"dmg_src_id":3,"cd_value":"Not Applicable"},"geometry":{"type":"Point","coordinates":[-66.84398029,10.61953747]}},{"type":"Feature","properties":{"obj_type":"995-Unclassified","name":"Unknown","info":"997-Not Applicable","simplified":"Unclassified","damage_gra":"Destroyed","det_method":"Photo-interpretation","notation":"Building point","or_src_id":978,"dmg_src_id":3,"cd_value":"Not Applicable"},"geometry":{"type":"Point","coordinates":[-66.85187871,10.61892893]}},{"type":"Feature","properties":{"obj_type":"995-Unclassified","name":"Unknown","info":"997-Not Applicable","simplified":"Unclassified","damage_gra":"Damaged","det_method":"Photo-interpretation","notation":"Building point","or_src_id":978,"dmg_src_id":3,"cd_value":"Not Applicable"},"geometry":{"type":"Point","coordinates":[-66.85045386,10.62017737]}},{"type":"Feature","properties":{"obj_type":"995-Unclassified","name":"Unknown","info":"997-Not Applicable","simplified":"Unclassified","damage_gra":"Damaged","det_method":"Photo-interpretation","notation":"Building point","or_src_id":978,"dmg_src_id":3,"cd_value":"Not Applicable"},"geometry":{"type":"Point","coordinates":[-66.85041188,10.62024038]}},{"type":"Feature","properties":{"obj_type":"995-Unclassified","name":"Unknown","info":"997-Not Applicable","simplified":"Unclassified","damage_gra":"Destroyed","det_method":"Photo-interpretation","notation":"Building point","or_src_id":978,"dmg_src_id":3,"cd_value":"Not Applicable"},"geometry":{"type":"Point","coordinates":[-66.84628404,10.61961059]}},{"type":"Feature","properties":{"obj_type":"995-Unclassified","name":"Unknown","info":"997-Not Applicable","simplified":"Unclassified","damage_gra":"Destroyed","det_method":"Photo-interpretation","notation":"Building point","or_src_id":978,"dmg_src_id":3,"cd_value":"Not Applicable"},"geometry":{"type":"Point","coordinates":[-66.84390541,10.61963033]}},{"type":"Feature","properties":{"obj_type":"995-Unclassified","name":"Unknown","info":"997-Not Applicable","simplified":"Unclassified","damage_gra":"Destroyed","det_method":"Photo-interpretation","notation":"Building point","or_src_id":978,"dmg_src_id":3,"cd_value":"Not Applicable"},"geometry":{"type":"Point","coordinates":[-66.84497135,10.6199689]}}]}